"UniqueSampleID","PC1","PC2","PC1_variance_pct","PC2_variance_pct","TREAT1_clean","condition","group","MS_batch_proxy"
"20250913_FJ_QZ_Q3",-15.4209879918602,-5.39624130609261,36.5255777764766,17.8850826313217,"low","湿热","FJ_QZ","20250913"
"20250913_FJ_QZ_Q4",-10.5297971830189,-4.39997642542198,36.5255777764766,17.8850826313217,"control","湿热","FJ_QZ","20250913"
"20250913_FJ_QZ_Q12",-7.38376128279195,-2.05353425898215,36.5255777764766,17.8850826313217,"control","湿热","FJ_QZ","20250913"
"20250913_FJ_QZ_Q13",-6.73217392741715,2.04644847591588,36.5255777764766,17.8850826313217,"control","湿热","FJ_QZ","20250913"
"20250913_FJ_QZ_Q14",-18.1846028835029,-4.22185466578921,36.5255777764766,17.8850826313217,"control","湿热","FJ_QZ","20250913"
"20250913_FJ_QZ_Q15",-9.58240207178926,-4.53847527618411,36.5255777764766,17.8850826313217,"control","湿热","FJ_QZ","20250913"
"20250913_FJ_QZ_Q16",-0.812349382368148,0.31204725231516,36.5255777764766,17.8850826313217,"control","湿热","FJ_QZ","20250913"
"20250913_FJ_QZ_Q18",-13.4779765254078,-5.61674352682019,36.5255777764766,17.8850826313217,"control","湿热","FJ_QZ","20250913"
"20250913_FJ_QZ_Q20",-11.124769807591,-6.34268008220668,36.5255777764766,17.8850826313217,"control","湿热","FJ_QZ","20250913"
"20250913_FJ_QZ_Q21",-10.8193345180522,0.793696020263601,36.5255777764766,17.8850826313217,"control","湿热","FJ_QZ","20250913"
"20250913_FJ_QZ_Q22",-8.20364318637315,4.81791671053539,36.5255777764766,17.8850826313217,"control","湿热","FJ_QZ","20250913"
"20250913_FJ_QZ_Q23",-2.47265942637704,0.66554116127586,36.5255777764766,17.8850826313217,"control","湿热","FJ_QZ","20250913"
"20250913_FJ_QZ_Q25",-15.1170539666638,-4.47543396925763,36.5255777764766,17.8850826313217,"control","湿热","FJ_QZ","20250913"
"20250913_FJ_QZ_Q26",-13.8113406236445,-4.05572915365724,36.5255777764766,17.8850826313217,"control","湿热","FJ_QZ","20250913"
"20250913_FJ_QZ_Q27",-16.9011359883669,-2.63649780661763,36.5255777764766,17.8850826313217,"control","湿热","FJ_QZ","20250913"
"20250913_FJ_QZ_Q28",-8.64194615308536,-4.33986500394932,36.5255777764766,17.8850826313217,"control","湿热","FJ_QZ","20250913"
"20250913_FJ_QZ_Q29",-13.2564353715633,-7.95315953490083,36.5255777764766,17.8850826313217,"control","湿热","FJ_QZ","20250913"
"20250913_FJ_QZ_Q31",-8.30000091605402,11.4581936501919,36.5255777764766,17.8850826313217,"high","湿热","FJ_QZ","20250913"
"20250913_FJ_QZ_Q32",-10.4148160379487,-3.95548915322384,36.5255777764766,17.8850826313217,"high","湿热","FJ_QZ","20250913"
"20250913_FJ_QZ_Q33",-7.54785162579393,-0.973279128505231,36.5255777764766,17.8850826313217,"high","湿热","FJ_QZ","20250913"
"20250913_FJ_QZ_Q34",-9.23874084807055,-4.43268583371751,36.5255777764766,17.8850826313217,"high","湿热","FJ_QZ","20250913"
"20250913_FJ_QZ_Q36",-11.4840504302467,-4.52245817098987,36.5255777764766,17.8850826313217,"low","湿热","FJ_QZ","20250913"
"20250913_FJ_QZ_Q37",-13.5239777422642,3.0080233202818,36.5255777764766,17.8850826313217,"high","湿热","FJ_QZ","20250913"
"20250913_FJ_QZ_Q38",-8.61987609166547,0.24303400305556,36.5255777764766,17.8850826313217,"low","湿热","FJ_QZ","20250913"
"20250913_FJ_QZ_Q39",-15.0248507230272,-5.81706164058093,36.5255777764766,17.8850826313217,"high","湿热","FJ_QZ","20250913"
"20250913_FJ_QZ_Q41",-11.5736171247825,-9.49640335886878,36.5255777764766,17.8850826313217,"high","湿热","FJ_QZ","20250913"
"20250913_FJ_QZ_Q42",-9.60533003543744,3.55713575644421,36.5255777764766,17.8850826313217,"high","湿热","FJ_QZ","20250913"
"20250913_FJ_QZ_Q44",-8.00840360749149,-3.78271473226359,36.5255777764766,17.8850826313217,"low","湿热","FJ_QZ","20250913"
"20250913_FJ_QZ_Q45",-3.53280369764949,10.3663582152766,36.5255777764766,17.8850826313217,"low","湿热","FJ_QZ","20250913"
"20250913_FJ_QZ_Q48",1.93457430468358,7.66137318950747,36.5255777764766,17.8850826313217,"low","湿热","FJ_QZ","20250913"
"20250913_FJ_QZ_Q49",-12.7866722208915,-5.20926795332245,36.5255777764766,17.8850826313217,"low","湿热","FJ_QZ","20250913"
"20250913_FJ_QZ_Q50",0.943396635272934,-3.71600683172548,36.5255777764766,17.8850826313217,"control","湿热","FJ_QZ","20250913"
"20250913_FJ_QZ_Q52",-4.97445675150505,2.16668900211252,36.5255777764766,17.8850826313217,"low","湿热","FJ_QZ","20250913"
"20250913_FJ_QZ_Q54",2.43675090229371,2.94976825469102,36.5255777764766,17.8850826313217,"control","湿热","FJ_QZ","20250913"
"20250913_FJ_QZ_Q55",-9.02982147677365,-5.40298590166604,36.5255777764766,17.8850826313217,"control","湿热","FJ_QZ","20250913"
"20250913_FJ_QZ_Q57",-4.7238695410941,-5.67416747470953,36.5255777764766,17.8850826313217,"control","湿热","FJ_QZ","20250913"
"20250913_FJ_QZ_Q58",-6.20085175955482,12.4884261795268,36.5255777764766,17.8850826313217,"low","湿热","FJ_QZ","20250913"
"20250913_FJ_QZ_Q59",-15.2814420408077,-5.24644351358068,36.5255777764766,17.8850826313217,"low","湿热","FJ_QZ","20250913"
"20250913_FJ_QZ_Q60",-0.993074852305244,-6.86383468297822,36.5255777764766,17.8850826313217,"low","湿热","FJ_QZ","20250913"
"20250913_FJ_QZ_Q61",-0.824803530843881,4.23628427197328,36.5255777764766,17.8850826313217,"control","湿热","FJ_QZ","20250913"
"20250913_FJ_QZ_Q62",-18.2998711008861,-11.7412396678262,36.5255777764766,17.8850826313217,"control","湿热","FJ_QZ","20250913"
"20250913_FJ_QZ_Q63",-12.232344647535,-5.69618581084818,36.5255777764766,17.8850826313217,"control","湿热","FJ_QZ","20250913"
"20250913_FJ_QZ_Q65",-6.75842464800067,2.06498837612903,36.5255777764766,17.8850826313217,"control","湿热","FJ_QZ","20250913"
"20250913_FJ_QZ_Q66",-18.4990568974436,-3.10770960199502,36.5255777764766,17.8850826313217,"low","湿热","FJ_QZ","20250913"
"20250913_FJ_QZ_Q67",-19.1657227816723,-6.03729337402401,36.5255777764766,17.8850826313217,"low","湿热","FJ_QZ","20250913"
"20250913_FJ_QZ_Q68",-2.98373851847631,-6.47270145751695,36.5255777764766,17.8850826313217,"control","湿热","FJ_QZ","20250913"
"20250913_FJ_QZ_Q69",8.63373005834546,-1.96778068790523,36.5255777764766,17.8850826313217,"control","湿热","FJ_QZ","20250913"
"20250913_FJ_QZ_Q70",-13.1963103134581,-8.89166709325917,36.5255777764766,17.8850826313217,"control","湿热","FJ_QZ","20250913"
"20250913_FJ_QZ_Q71",-13.8721346574297,-6.32282277356753,36.5255777764766,17.8850826313217,"control","湿热","FJ_QZ","20250913"
"20250913_FJ_QZ_Q72",-8.65141650012582,-3.12680995734138,36.5255777764766,17.8850826313217,"low","湿热","FJ_QZ","20250913"
"20250914_FJ_FQ_F47",-7.44751175462181,-0.770218866915747,36.5255777764766,17.8850826313217,"low","湿热","FJ_FQ","20250914"
"20250914_FJ_FQ_F51",-18.7572967258773,2.33965475339811,36.5255777764766,17.8850826313217,"low","湿热","FJ_FQ","20250914"
"20250914_FJ_FQ_F53",-10.0767096339184,10.1201168664427,36.5255777764766,17.8850826313217,"control","湿热","FJ_FQ","20250914"
"20250914_FJ_FQ_F54",-9.06582408870978,-6.24584653410836,36.5255777764766,17.8850826313217,"low","湿热","FJ_FQ","20250914"
"20250914_FJ_FQ_F55",-18.6218439479795,10.9780705102231,36.5255777764766,17.8850826313217,"high","湿热","FJ_FQ","20250914"
"20250914_FJ_FQ_F56",-18.5961010895078,2.77363756235302,36.5255777764766,17.8850826313217,"control","湿热","FJ_FQ","20250914"
"20250914_FJ_FQ_F57",-18.9768869048103,-6.25416377118767,36.5255777764766,17.8850826313217,"low","湿热","FJ_FQ","20250914"
"20250914_FJ_FQ_F58",-4.21338951232789,-1.62125378352733,36.5255777764766,17.8850826313217,"high","湿热","FJ_FQ","20250914"
"20250914_FJ_FQ_F62",-11.6480059453648,-2.71220955990912,36.5255777764766,17.8850826313217,"high","湿热","FJ_FQ","20250914"
"20250914_FJ_FQ_F66",-12.3965959254017,0.853089266219932,36.5255777764766,17.8850826313217,"control","湿热","FJ_FQ","20250914"
"20250914_FJ_FQ_F69",-8.00030506321224,8.7599235246408,36.5255777764766,17.8850826313217,"high","湿热","FJ_FQ","20250914"
"20250914_FJ_FQ_F70",-18.3277590663108,-3.62243917514946,36.5255777764766,17.8850826313217,"control","湿热","FJ_FQ","20250914"
"20250914_FJ_FQ_F71",-7.25854321858126,3.67850460814551,36.5255777764766,17.8850826313217,"high","湿热","FJ_FQ","20250914"
"20250914_FJ_FQ_F72",-17.327704692086,-1.70133192584236,36.5255777764766,17.8850826313217,"low","湿热","FJ_FQ","20250914"
"20250914_FJ_FQ_F74",-13.0842406021354,9.6506741206355,36.5255777764766,17.8850826313217,"low","湿热","FJ_FQ","20250914"
"20250914_FJ_FQ_F75",-20.8481446268467,-2.47663098082251,36.5255777764766,17.8850826313217,"high","湿热","FJ_FQ","20250914"
"20250914_FJ_FQ_F77",7.17018400618096,30.5173707932671,36.5255777764766,17.8850826313217,"low","湿热","FJ_FQ","20250914"
"20250914_FJ_FQ_F79",-9.41117083792691,6.48048238342066,36.5255777764766,17.8850826313217,"high","湿热","FJ_FQ","20250914"
"20250914_FJ_FQ_F81",-2.5231110469652,25.119586647953,36.5255777764766,17.8850826313217,"high","湿热","FJ_FQ","20250914"
"20250914_FJ_FQ_F83",-12.8953547341492,-5.28395826212097,36.5255777764766,17.8850826313217,"low","湿热","FJ_FQ","20250914"
"20250914_FJ_FQ_F84",-13.8429113874926,2.66172654870496,36.5255777764766,17.8850826313217,"low","湿热","FJ_FQ","20250914"
"20250914_FJ_FQ_F85",-12.0254062947358,7.28564947287142,36.5255777764766,17.8850826313217,"high","湿热","FJ_FQ","20250914"
"20250914_FJ_FQ_F88",5.16977344358275,-1.79709565786507,36.5255777764766,17.8850826313217,"high","湿热","FJ_FQ","20250914"
"20250914_FJ_FQ_F89",-7.42433616027682,20.1215133608312,36.5255777764766,17.8850826313217,"high","湿热","FJ_FQ","20250914"
"20250914_FJ_FQ_F93",-14.3643294670378,-5.7063666076532,36.5255777764766,17.8850826313217,"low","湿热","FJ_FQ","20250914"
"20250914_FJ_FQ_F94",0.187701014932128,1.48992612992045,36.5255777764766,17.8850826313217,"control","湿热","FJ_FQ","20250914"
"20250914_FJ_FQ_F102",-13.4754207911504,0.34322815476156,36.5255777764766,17.8850826313217,"high","湿热","FJ_FQ","20250914"
"20250914_FJ_FQ_F105",-16.3446372934253,-3.9277295977233,36.5255777764766,17.8850826313217,"high","湿热","FJ_FQ","20250914"
"20250914_FJ_FQ_F106",-14.3706387791107,1.40599954019987,36.5255777764766,17.8850826313217,"high","湿热","FJ_FQ","20250914"
"20250914_FJ_FQ_F107",-23.3935091837029,-9.22986594441478,36.5255777764766,17.8850826313217,"low","湿热","FJ_FQ","20250914"
"20250914_FJ_FQ_F110",-16.8020434861872,-3.55339510748423,36.5255777764766,17.8850826313217,"high","湿热","FJ_FQ","20250914"
"20250914_FJ_FQ_F111",3.04030410725084,3.32736129111334,36.5255777764766,17.8850826313217,"low","湿热","FJ_FQ","20250914"
"20250914_FJ_FQ_F118",-16.2123837645971,-0.2156594786849,36.5255777764766,17.8850826313217,"low","湿热","FJ_FQ","20250914"
"20250914_FJ_FQ_F121",-16.3896839809343,-0.285931787370743,36.5255777764766,17.8850826313217,"high","湿热","FJ_FQ","20250914"
"20250914_FJ_FQ_F122",-0.168387026469427,2.4094996638572,36.5255777764766,17.8850826313217,"high","湿热","FJ_FQ","20250914"
"20250914_FJ_FQ_F123",-13.5353253690095,-2.55199368361566,36.5255777764766,17.8850826313217,"high","湿热","FJ_FQ","20250914"
"20250914_FJ_FQ_F124",-11.1893469254011,5.82114238076634,36.5255777764766,17.8850826313217,"high","湿热","FJ_FQ","20250914"
"20250914_FJ_FQ_F125",-3.08325742054284,-1.34318683803005,36.5255777764766,17.8850826313217,"high","湿热","FJ_FQ","20250914"
"20250914_FJ_FQ_F126",-0.086258659380416,24.2500605388483,36.5255777764766,17.8850826313217,"high","湿热","FJ_FQ","20250914"
"20250914_FJ_FQ_F128",-11.3834530527533,-0.398501064082739,36.5255777764766,17.8850826313217,"low","湿热","FJ_FQ","20250914"
"20250914_FJ_FQ_F129",0.819407385509354,23.8844742175717,36.5255777764766,17.8850826313217,"high","湿热","FJ_FQ","20250914"
"20250914_FJ_FQ_F131",-5.72970660397135,1.39106363855872,36.5255777764766,17.8850826313217,"control","湿热","FJ_FQ","20250914"
"20250914_FJ_FQ_F135",-9.46919603621433,18.6674830114779,36.5255777764766,17.8850826313217,"high","湿热","FJ_FQ","20250914"
"20250914_FJ_FQ_F137",-13.9089685206573,-3.134896633169,36.5255777764766,17.8850826313217,"control","湿热","FJ_FQ","20250914"
"20250914_FJ_PT_P2",-12.8606369296572,-7.98089885905841,36.5255777764766,17.8850826313217,"control","湿热","FJ_PT","20250914"
"20250914_FJ_PT_P3",-18.4345583479794,-7.56528562255459,36.5255777764766,17.8850826313217,"control","湿热","FJ_PT","20250914"
"20250914_FJ_PT_P4",-11.842402455531,-10.5289671131756,36.5255777764766,17.8850826313217,"low","湿热","FJ_PT","20250914"
"20250914_FJ_PT_P6",-7.80840197651124,-5.84587094547742,36.5255777764766,17.8850826313217,"high","湿热","FJ_PT","20250914"
"20250914_FJ_PT_P7",-30.2385018134622,-1.95469357606266,36.5255777764766,17.8850826313217,"control","湿热","FJ_PT","20250914"
"20250914_FJ_PT_P8",-12.7703934095756,-9.5743053264024,36.5255777764766,17.8850826313217,"low","湿热","FJ_PT","20250914"
"20250914_FJ_PT_P9",-12.4673660533905,-10.1403041392857,36.5255777764766,17.8850826313217,"low","湿热","FJ_PT","20250914"
"20250914_FJ_PT_P10",-13.391530736165,3.36357344847342,36.5255777764766,17.8850826313217,"low","湿热","FJ_PT","20250914"
"20250914_FJ_PT_P11",-23.2569203986649,-5.25458708804224,36.5255777764766,17.8850826313217,"high","湿热","FJ_PT","20250914"
"20250914_FJ_PT_P13",-15.2817024933285,9.91658981814887,36.5255777764766,17.8850826313217,"low","湿热","FJ_PT","20250914"
"20250914_FJ_PT_P15",-16.8085156835927,-10.5398710082017,36.5255777764766,17.8850826313217,"low","湿热","FJ_PT","20250914"
"20250914_FJ_PT_P17",-19.2398032773034,-8.99644482809644,36.5255777764766,17.8850826313217,"high","湿热","FJ_PT","20250914"
"20250914_FJ_PT_P18",-15.9623214012291,12.2820641590014,36.5255777764766,17.8850826313217,"high","湿热","FJ_PT","20250914"
"20250914_FJ_PT_P19",-14.8163532826959,4.93867685850096,36.5255777764766,17.8850826313217,"high","湿热","FJ_PT","20250914"
"20250914_FJ_PT_P20",-12.2314434225453,1.30650739630599,36.5255777764766,17.8850826313217,"low","湿热","FJ_PT","20250914"
"20250914_FJ_PT_P21",-18.4002964878646,-0.915252484848477,36.5255777764766,17.8850826313217,"high","湿热","FJ_PT","20250914"
"20250914_FJ_PT_P22",-9.47373872959884,15.5375905289485,36.5255777764766,17.8850826313217,"low","湿热","FJ_PT","20250914"
"20250914_FJ_PT_P23",-13.3478709112851,5.96150198100429,36.5255777764766,17.8850826313217,"low","湿热","FJ_PT","20250914"
"20250914_FJ_PT_P24",-14.8011523815098,-4.84237920019057,36.5255777764766,17.8850826313217,"high","湿热","FJ_PT","20250914"
"20250914_FJ_PT_P25",4.90696172457335,-7.11883160704966,36.5255777764766,17.8850826313217,"low","湿热","FJ_PT","20250914"
"20250914_FJ_PT_P26",-13.1334663636762,-1.61336813223084,36.5255777764766,17.8850826313217,"high","湿热","FJ_PT","20250914"
"20250914_FJ_PT_P27",-20.5443750032662,-6.90815629331497,36.5255777764766,17.8850826313217,"high","湿热","FJ_PT","20250914"
"20250914_FJ_PT_P29",-17.5630298998708,-1.91080648538776,36.5255777764766,17.8850826313217,"high","湿热","FJ_PT","20250914"
"20250914_FJ_PT_P30",-14.5203986349927,-8.26011316473501,36.5255777764766,17.8850826313217,"high","湿热","FJ_PT","20250914"
"20250914_FJ_PT_P33",-14.9826955251387,-9.65053508534189,36.5255777764766,17.8850826313217,"high","湿热","FJ_PT","20250914"
"20251001_FJ_FQ_F83",-3.57521624467457,11.247419194867,36.5255777764766,17.8850826313217,"low","湿热","FJ_FQ","20251001"
"20251001_FJ_FQ_F95",4.48826072069719,24.3604638980232,36.5255777764766,17.8850826313217,"high","湿热","FJ_FQ","20251001"
"20251001_FJ_FQ_F97",-5.38368433434994,11.118293086526,36.5255777764766,17.8850826313217,"high","湿热","FJ_FQ","20251001"
"20251001_FJ_FQ_F105",1.08067557859052,23.4875182760028,36.5255777764766,17.8850826313217,"high","湿热","FJ_FQ","20251001"
"20251001_FJ_FQ_F120",4.68560888781691,-2.56130213035088,36.5255777764766,17.8850826313217,"high","湿热","FJ_FQ","20251001"
"20251001_FJ_FQ_F136",9.5682442559825,-2.89889839383614,36.5255777764766,17.8850826313217,"control","湿热","FJ_FQ","20251001"
"20251001_FJ_FQ_F141",-13.1461311369645,-3.87619685972268,36.5255777764766,17.8850826313217,"control","湿热","FJ_FQ","20251001"
"20251001_FJ_FQ_F147",-7.00102684905372,15.4131524934981,36.5255777764766,17.8850826313217,"high","湿热","FJ_FQ","20251001"
"20251001_FJ_FQ_F150",-16.0980698504634,8.58868296468382,36.5255777764766,17.8850826313217,"control","湿热","FJ_FQ","20251001"
"20251001_FJ_FQ_F154",-11.0438881525125,-0.944748196523826,36.5255777764766,17.8850826313217,"high","湿热","FJ_FQ","20251001"
"20251001_FJ_FQ_F158",1.44955941906226,26.9278146167569,36.5255777764766,17.8850826313217,"high","湿热","FJ_FQ","20251001"
"20251001_FJ_FQ_F163",3.68257525789492,26.1265487342375,36.5255777764766,17.8850826313217,"control","湿热","FJ_FQ","20251001"
"20251001_FJ_FQ_F165",-12.7822029282068,14.1476536272636,36.5255777764766,17.8850826313217,"control","湿热","FJ_FQ","20251001"
"20251001_FJ_FQ_F168",0.424986805461995,3.72710118543256,36.5255777764766,17.8850826313217,"high","湿热","FJ_FQ","20251001"
"20251001_FJ_FQ_F170",-15.41666415319,-0.943280116360659,36.5255777764766,17.8850826313217,"control","湿热","FJ_FQ","20251001"
"20251001_FJ_FQ_F173",-15.211191546581,3.61314919284653,36.5255777764766,17.8850826313217,"low","湿热","FJ_FQ","20251001"
"20251001_FJ_FQ_F174",-17.2239970240064,2.0004343794184,36.5255777764766,17.8850826313217,"low","湿热","FJ_FQ","20251001"
"20251001_FJ_FQ_F175",-5.78937413540805,12.213771211086,36.5255777764766,17.8850826313217,"low","湿热","FJ_FQ","20251001"
"20251001_FJ_FQ_F176",-23.6394714633008,5.92948825011258,36.5255777764766,17.8850826313217,"low","湿热","FJ_FQ","20251001"
"20251001_FJ_FQ_F177",-11.9382184767534,0.814345613154174,36.5255777764766,17.8850826313217,"low","湿热","FJ_FQ","20251001"
"20251001_FJ_FQ_F180",-16.1881863125703,10.2077350920098,36.5255777764766,17.8850826313217,"low","湿热","FJ_FQ","20251001"
"20251001_FJ_FQ_F183",-26.3867167151749,1.5324750911912,36.5255777764766,17.8850826313217,"low","湿热","FJ_FQ","20251001"
"20251001_FJ_FQ_F185",-25.6788096361415,-3.90122423760403,36.5255777764766,17.8850826313217,"low","湿热","FJ_FQ","20251001"
"20251001_XZ_YA_1",-28.5624807654618,6.09884928115425,36.5255777764766,17.8850826313217,"low","高海拔","XZ_YA","20251001"
"20251001_XZ_YA_2",-17.2085687417841,18.7703068146842,36.5255777764766,17.8850826313217,"low","高海拔","XZ_YA","20251001"
"20251001_XZ_YA_3",-6.22561609890644,4.75414641970494,36.5255777764766,17.8850826313217,"low","高海拔","XZ_YA","20251001"
"20251001_XZ_YA_4",-5.79840661144856,27.8744983232378,36.5255777764766,17.8850826313217,"low","高海拔","XZ_YA","20251001"
"20251001_XZ_YA_5",-14.90641135435,20.3046904129465,36.5255777764766,17.8850826313217,"low","高海拔","XZ_YA","20251001"
"20251001_XZ_YA_6",-12.8520478535525,-0.344671846210741,36.5255777764766,17.8850826313217,"low","高海拔","XZ_YA","20251001"
"20251001_XZ_YA_7",-12.1666922168978,26.5494197657957,36.5255777764766,17.8850826313217,"low","高海拔","XZ_YA","20251001"
"20251001_XZ_YA_8",-15.2993004836448,21.9545869045454,36.5255777764766,17.8850826313217,"low","高海拔","XZ_YA","20251001"
"20251001_XZ_YA_9",-16.0800746311479,13.8518830693845,36.5255777764766,17.8850826313217,"low","高海拔","XZ_YA","20251001"
"20251001_XZ_YA_10",-28.7962148617397,3.47008203079816,36.5255777764766,17.8850826313217,"low","高海拔","XZ_YA","20251001"
"20251001_XZ_YA_11",-4.47101531200101,17.2155978755542,36.5255777764766,17.8850826313217,"low","高海拔","XZ_YA","20251001"
"20251001_XZ_YA_12",-25.7921441332216,-7.81359937914082,36.5255777764766,17.8850826313217,"low","高海拔","XZ_YA","20251001"
"20251001_XZ_YA_13",-19.5081030472159,-4.64302324013174,36.5255777764766,17.8850826313217,"low","高海拔","XZ_YA","20251001"
"20251001_XZ_YA_14",-19.5881032422498,9.20046165841988,36.5255777764766,17.8850826313217,"low","高海拔","XZ_YA","20251001"
"20251001_XZ_YA_15",-25.5062908701492,-1.94336813200965,36.5255777764766,17.8850826313217,"low","高海拔","XZ_YA","20251001"
"20251001_XZ_YA_16",-17.0327260981991,-6.53189785016006,36.5255777764766,17.8850826313217,"low","高海拔","XZ_YA","20251001"
"20251001_XZ_YA_17",-8.13669627226831,15.5971571682152,36.5255777764766,17.8850826313217,"low","高海拔","XZ_YA","20251001"
"20251001_XZ_YA_18",-16.2988864932569,-2.42116271128538,36.5255777764766,17.8850826313217,"low","高海拔","XZ_YA","20251001"
"20251001_XZ_YA_19",-21.3600812211141,4.40256262950147,36.5255777764766,17.8850826313217,"low","高海拔","XZ_YA","20251001"
"20251001_XZ_YA_20",-7.68018358978859,17.0268282964059,36.5255777764766,17.8850826313217,"control","高海拔","XZ_YA","20251001"
"20251001_XZ_YA_21",-20.3413818779948,13.77548192599,36.5255777764766,17.8850826313217,"control","高海拔","XZ_YA","20251001"
"20251001_XZ_YA_22",8.25006508807162,31.340107533404,36.5255777764766,17.8850826313217,"high","高海拔","XZ_YA","20251001"
"20251001_XZ_YB_2",-11.1886049832883,-3.14496694604142,36.5255777764766,17.8850826313217,"control","高海拔","XZ_YB","20251001"
"20251001_XZ_YB_4",-28.8392137678407,1.16459592143222,36.5255777764766,17.8850826313217,"control","高海拔","XZ_YB","20251001"
"20251001_XZ_YB_6",-14.7050401768331,-0.831845963727056,36.5255777764766,17.8850826313217,"control","高海拔","XZ_YB","20251001"
"20251001_XZ_YB_9",-15.4883656557547,-0.951971533740789,36.5255777764766,17.8850826313217,"control","高海拔","XZ_YB","20251001"
"20251001_XZ_YB_10",-14.2961511762011,-4.89366756354107,36.5255777764766,17.8850826313217,"control","高海拔","XZ_YB","20251001"
"20251001_XZ_YB_11",-16.7310420283203,-0.582786545746797,36.5255777764766,17.8850826313217,"control","高海拔","XZ_YB","20251001"
"20251001_XZ_YB_12",-5.45995965607374,-3.1111994119186,36.5255777764766,17.8850826313217,"control","高海拔","XZ_YB","20251001"
"20251001_XZ_YB_14",-12.9834497374769,6.87386649035586,36.5255777764766,17.8850826313217,"control","高海拔","XZ_YB","20251001"
"20251001_XZ_YB_15",-4.50410394036325,-1.21066004857043,36.5255777764766,17.8850826313217,"control","高海拔","XZ_YB","20251001"
"20251001_XZ_YB_19",-13.5825019145842,-3.70684370234202,36.5255777764766,17.8850826313217,"control","高海拔","XZ_YB","20251001"
"20251001_XZ_YC_1",-11.644994963317,5.77006214921762,36.5255777764766,17.8850826313217,"control","高海拔","XZ_YC","20251001"
"20251001_XZ_YC_2",-21.9757397417992,7.58002321136741,36.5255777764766,17.8850826313217,"control","高海拔","XZ_YC","20251001"
"20251001_XZ_YC_3",-19.8551381978028,0.700867735324339,36.5255777764766,17.8850826313217,"high","高海拔","XZ_YC","20251001"
"20251001_XZ_YC_4",-21.8342427336626,9.53826613958178,36.5255777764766,17.8850826313217,"control","高海拔","XZ_YC","20251001"
"20251001_XZ_YC_5",-3.61004965977726,2.32983830699158,36.5255777764766,17.8850826313217,"high","高海拔","XZ_YC","20251001"
"20251001_XZ_YC_6",-12.9014134740205,18.3024361467146,36.5255777764766,17.8850826313217,"low","高海拔","XZ_YC","20251001"
"20251001_XZ_YC_7",-17.1631692870755,10.7230849917909,36.5255777764766,17.8850826313217,"low","高海拔","XZ_YC","20251001"
"20251001_XZ_YC_8",-7.91550965281815,2.19338820517099,36.5255777764766,17.8850826313217,"control","高海拔","XZ_YC","20251001"
"20251001_XZ_YC_9",6.53764403737818,26.9541469829117,36.5255777764766,17.8850826313217,"low","高海拔","XZ_YC","20251001"
"20251001_XZ_YC_10",-17.4882886093083,-1.47638959440958,36.5255777764766,17.8850826313217,"high","高海拔","XZ_YC","20251001"
"20251001_XZ_YC_11",-1.02356290230224,15.9453125788679,36.5255777764766,17.8850826313217,"high","高海拔","XZ_YC","20251001"
"20251001_XZ_YC_12",-20.1862671494567,0.838987261708602,36.5255777764766,17.8850826313217,"high","高海拔","XZ_YC","20251001"
"20251001_XZ_YC_13",-11.5661409046614,10.4406796350396,36.5255777764766,17.8850826313217,"high","高海拔","XZ_YC","20251001"
"20251001_XZ_YC_14",-11.7000009551023,15.3468491479086,36.5255777764766,17.8850826313217,"high","高海拔","XZ_YC","20251001"
"20251001_XZ_YC_15",-16.0134149989694,4.71401849481492,36.5255777764766,17.8850826313217,"high","高海拔","XZ_YC","20251001"
"20251001_XZ_YC_16",-21.0377606341544,7.79520279497125,36.5255777764766,17.8850826313217,"high","高海拔","XZ_YC","20251001"
"20251001_XZ_YC_17",-15.1242658519195,6.68682710439544,36.5255777764766,17.8850826313217,"high","高海拔","XZ_YC","20251001"
"20251001_XZ_YC_18",-16.0510404492049,18.4541375902466,36.5255777764766,17.8850826313217,"low","高海拔","XZ_YC","20251001"
"20251001_XZ_YC_19",-10.7441002182526,3.98173364394002,36.5255777764766,17.8850826313217,"high","高海拔","XZ_YC","20251001"
"20251001_XZ_YC_20",-18.8855157651873,12.5061873515992,36.5255777764766,17.8850826313217,"low","高海拔","XZ_YC","20251001"
"20251001_XZ_YC_21",-9.28585747523624,9.67056439354172,36.5255777764766,17.8850826313217,"high","高海拔","XZ_YC","20251001"
"20251001_XZ_YC_22",-7.34248146410414,2.60121882673121,36.5255777764766,17.8850826313217,"high","高海拔","XZ_YC","20251001"
"20251001_XZ_YC_23",-6.94738573627467,8.96428578369429,36.5255777764766,17.8850826313217,"low","高海拔","XZ_YC","20251001"
"20251001_XZ_YC_24",-3.93450244954868,11.8305383101155,36.5255777764766,17.8850826313217,"high","高海拔","XZ_YC","20251001"
"20251001_XZ_YC_25",-6.80125345573592,16.8070655196653,36.5255777764766,17.8850826313217,"high","高海拔","XZ_YC","20251001"
"20251001_XZ_YC_26",-7.53576607313876,5.2383498306965,36.5255777764766,17.8850826313217,"high","高海拔","XZ_YC","20251001"
"20251001_XZ_YC_27",7.86126189397152,33.5264832343724,36.5255777764766,17.8850826313217,"high","高海拔","XZ_YC","20251001"
"20251001_XZ_YC_28",-3.20738154413595,2.40660459506174,36.5255777764766,17.8850826313217,"high","高海拔","XZ_YC","20251001"
"20251001_XZ_YC_29",-5.16857506316808,9.16198545146171,36.5255777764766,17.8850826313217,"high","高海拔","XZ_YC","20251001"
"20251001_XZ_YC_30",-13.8051250600095,-2.92287926262467,36.5255777764766,17.8850826313217,"low","高海拔","XZ_YC","20251001"
"20251001_XZ_YC_31",-14.5914075359381,-2.58099492516808,36.5255777764766,17.8850826313217,"control","高海拔","XZ_YC","20251001"
"20251001_XZ_YC_32",-8.56680846599664,0.141671255694809,36.5255777764766,17.8850826313217,"high","高海拔","XZ_YC","20251001"
"20251001_XZ_YC_33",-3.92350088301239,-3.16104467900622,36.5255777764766,17.8850826313217,"high","高海拔","XZ_YC","20251001"
"20251001_XZ_YC_34",-16.538665684047,-0.555720492751995,36.5255777764766,17.8850826313217,"control","高海拔","XZ_YC","20251001"
"20251001_XZ_YD_1",-16.0183659480757,4.81981690660269,36.5255777764766,17.8850826313217,"low","高海拔","XZ_YD","20251001"
"20251001_XZ_YD_3",-8.5819325670555,22.2752911057168,36.5255777764766,17.8850826313217,"control","高海拔","XZ_YD","20251001"
"20251001_XZ_YD_4",-6.85734090157628,18.9119113526898,36.5255777764766,17.8850826313217,"control","高海拔","XZ_YD","20251001"
"20251001_XZ_YD_5",-8.78462983687541,15.1956907018821,36.5255777764766,17.8850826313217,"low","高海拔","XZ_YD","20251001"
"20251001_XZ_YD_6",-6.00597681996543,25.6975363539531,36.5255777764766,17.8850826313217,"control","高海拔","XZ_YD","20251001"
"20251001_XZ_YD_7",-22.0691461201514,8.25563117751354,36.5255777764766,17.8850826313217,"high","高海拔","XZ_YD","20251001"
"20251001_XZ_YD_8",-11.7809314651084,16.1842280588455,36.5255777764766,17.8850826313217,"high","高海拔","XZ_YD","20251001"
"20251001_XZ_YD_9",-3.24081949173808,22.5413800489964,36.5255777764766,17.8850826313217,"high","高海拔","XZ_YD","20251001"
"20251001_XZ_YD_10",-19.904921488794,7.9412397983664,36.5255777764766,17.8850826313217,"high","高海拔","XZ_YD","20251001"
"20251001_XZ_YD_11",-26.9427386714749,-2.05022769098882,36.5255777764766,17.8850826313217,"high","高海拔","XZ_YD","20251001"
"20251001_XZ_YD_12",-26.2237501026961,4.74028193994649,36.5255777764766,17.8850826313217,"control","高海拔","XZ_YD","20251001"
"20251001_XZ_YD_13",-27.9885304374945,-11.4217510133182,36.5255777764766,17.8850826313217,"control","高海拔","XZ_YD","20251001"
"20251001_XZ_YD_14",-10.8971097727701,12.5078304143719,36.5255777764766,17.8850826313217,"control","高海拔","XZ_YD","20251001"
"20251001_XZ_YD_15",-9.84157748169373,8.40542356487218,36.5255777764766,17.8850826313217,"low","高海拔","XZ_YD","20251001"
"20251001_XZ_YD_16",-17.3083084355169,-1.41995412333326,36.5255777764766,17.8850826313217,"high","高海拔","XZ_YD","20251001"
"20251001_XZ_YD_17",-20.4955610358193,9.07898564393668,36.5255777764766,17.8850826313217,"low","高海拔","XZ_YD","20251001"
"20251001_XZ_YD_18",-18.9695999843558,7.05302252570478,36.5255777764766,17.8850826313217,"high","高海拔","XZ_YD","20251001"
"20251001_XZ_YD_19",-6.56407051481428,20.0887837083383,36.5255777764766,17.8850826313217,"control","高海拔","XZ_YD","20251001"
"20251001_XZ_YD_20",-15.347107386001,17.2865291873687,36.5255777764766,17.8850826313217,"control","高海拔","XZ_YD","20251001"
"20251001_XZ_YD_21",-7.91545404674857,15.5649374108728,36.5255777764766,17.8850826313217,"control","高海拔","XZ_YD","20251001"
"20251001_XZ_YD_22",-10.4770191167433,11.6876425426271,36.5255777764766,17.8850826313217,"control","高海拔","XZ_YD","20251001"
"20251001_XZ_YD_23",-21.6369487372093,4.66625921371803,36.5255777764766,17.8850826313217,"low","高海拔","XZ_YD","20251001"
"20251001_XZ_YD_24",2.69189122362764,20.7378774820257,36.5255777764766,17.8850826313217,"low","高海拔","XZ_YD","20251001"
"20251001_XZ_YD_25",-4.22231690060991,22.381901645408,36.5255777764766,17.8850826313217,"low","高海拔","XZ_YD","20251001"
"20251001_XZ_YD_26",-2.46171428964694,19.542761392921,36.5255777764766,17.8850826313217,"low","高海拔","XZ_YD","20251001"
"20251001_XZ_YD_27",-12.5970484026464,1.94544564487251,36.5255777764766,17.8850826313217,"low","高海拔","XZ_YD","20251001"
"20251001_XZ_YD_28",-13.431037212264,14.1493105012111,36.5255777764766,17.8850826313217,"low","高海拔","XZ_YD","20251001"
"20251026_FJ_PT_P31",-13.7767962659973,-1.54300982305471,36.5255777764766,17.8850826313217,"control","湿热","FJ_PT","20251026"
"20251026_FJ_QZ_Q73",-1.58269553861006,-3.60705309774706,36.5255777764766,17.8850826313217,"control","湿热","FJ_QZ","20251026"
"20251026_FJ_QZ_Q74",1.74781570746469,-2.96957417703895,36.5255777764766,17.8850826313217,"low","湿热","FJ_QZ","20251026"
"20251026_FJ_QZ_Q75",-1.47697915500772,-6.91685027175105,36.5255777764766,17.8850826313217,"low","湿热","FJ_QZ","20251026"
"20251026_FJ_QZ_Q76",3.17118037095347,-6.21030779498399,36.5255777764766,17.8850826313217,"high","湿热","FJ_QZ","20251026"
"20251026_FJ_QZ_Q77",1.70892007102792,-7.22094128365574,36.5255777764766,17.8850826313217,"high","湿热","FJ_QZ","20251026"
"20251026_FJ_QZ_Q78",-0.833329266369176,-7.99425589860518,36.5255777764766,17.8850826313217,"high","湿热","FJ_QZ","20251026"
"20251026_FJ_QZ_Q79",1.58650434205491,-4.10522555058183,36.5255777764766,17.8850826313217,"control","湿热","FJ_QZ","20251026"
"20251026_FJ_QZ_Q80",0.312305017596883,-3.93800967977087,36.5255777764766,17.8850826313217,"low","湿热","FJ_QZ","20251026"
"20251026_FJ_QZ_Q81",-6.01529982932889,-4.65435336407615,36.5255777764766,17.8850826313217,"low","湿热","FJ_QZ","20251026"
"20251026_FJ_QZ_Q82",-13.6803378002247,-9.27123562082164,36.5255777764766,17.8850826313217,"control","湿热","FJ_QZ","20251026"
"20251026_FJ_QZ_Q83",-6.39508977060825,-2.94731829106474,36.5255777764766,17.8850826313217,"control","湿热","FJ_QZ","20251026"
"20251104_FJ_FQ_F178",-27.4387053932171,-5.94494585656975,36.5255777764766,17.8850826313217,"low","湿热","FJ_FQ","20251104"
"20251104_FJ_FQ_F179",-19.0115327044636,-4.64088504827605,36.5255777764766,17.8850826313217,"high","湿热","FJ_FQ","20251104"
"20251107_XZ_YD_2",-17.504756549348,-0.127017636822978,36.5255777764766,17.8850826313217,"low","高海拔","XZ_YD","20251107"
"20260527_XZ_GG_1",-4.68729660011712,-8.72324001617887,36.5255777764766,17.8850826313217,"low","高海拔","XZ_GG","20260527"
"20260527_XZ_GG_2",-0.544141325221238,-7.29803120808952,36.5255777764766,17.8850826313217,"low","高海拔","XZ_GG","20260527"
"20260527_XZ_GG_3",-3.25053824274265,-4.50187604997998,36.5255777764766,17.8850826313217,"low","高海拔","XZ_GG","20260527"
"20260527_XZ_GG_4",-5.80796806003758,-12.9852762768298,36.5255777764766,17.8850826313217,"low","高海拔","XZ_GG","20260527"
"20260527_XZ_GG_5",3.23267545311297,-1.01336300094286,36.5255777764766,17.8850826313217,"low","高海拔","XZ_GG","20260527"
"20260527_XZ_GG_6",-2.81073881783858,-3.35231731903886,36.5255777764766,17.8850826313217,"low","高海拔","XZ_GG","20260527"
"20260527_XZ_GG_7",-9.67475196108524,-14.0078980297446,36.5255777764766,17.8850826313217,"low","高海拔","XZ_GG","20260527"
"20260527_XZ_GG_8",-1.4319195936053,-5.5864909418774,36.5255777764766,17.8850826313217,"low","高海拔","XZ_GG","20260527"
"20260527_XZ_GG_9",0.561380775554931,-5.06497114107657,36.5255777764766,17.8850826313217,"low","高海拔","XZ_GG","20260527"
"20260527_XZ_GG_10",-3.3305921313727,-4.61298111931525,36.5255777764766,17.8850826313217,"low","高海拔","XZ_GG","20260527"
"20260527_XZ_GG_11",0.354893782666253,-3.58444525830676,36.5255777764766,17.8850826313217,"low","高海拔","XZ_GG","20260527"
"20260527_XZ_GG_12",-6.10520873423742,-6.82681355423349,36.5255777764766,17.8850826313217,"low","高海拔","XZ_GG","20260527"
"20260527_XZ_GG_13",-8.99310831107059,-14.0682259267638,36.5255777764766,17.8850826313217,"low","高海拔","XZ_GG","20260527"
"20260527_XZ_GG_14",-3.47659580278048,-6.34224244290592,36.5255777764766,17.8850826313217,"low","高海拔","XZ_GG","20260527"
"20260527_XZ_GG_15",-9.03611324159963,-11.492753811904,36.5255777764766,17.8850826313217,"low","高海拔","XZ_GG","20260527"
"20260527_XZ_GG_16",-4.01007123358963,-11.8539229911084,36.5255777764766,17.8850826313217,"low","高海拔","XZ_GG","20260527"
"20260527_XZ_GG_17",-2.84541859036052,-5.01671443140812,36.5255777764766,17.8850826313217,"low","高海拔","XZ_GG","20260527"
"20260527_XZ_GG_18",-1.00613995331768,-1.63141207033864,36.5255777764766,17.8850826313217,"low","高海拔","XZ_GG","20260527"
"20260527_XZ_GG_19",-3.1770950803311,-5.37543655826704,36.5255777764766,17.8850826313217,"low","高海拔","XZ_GG","20260527"
"20260527_XZ_GG_20",-1.17714424814924,-5.93806396611441,36.5255777764766,17.8850826313217,"low","高海拔","XZ_GG","20260527"
"20260527_XZ_GG_21",-3.42948185166774,-4.64444895341349,36.5255777764766,17.8850826313217,"low","高海拔","XZ_GG","20260527"
"20260527_XZ_GG_22",-2.51920172680942,-11.6541566132235,36.5255777764766,17.8850826313217,"low","高海拔","XZ_GG","20260527"
"20260527_XZ_GG_23",20.6444124287726,-12.1967544562433,36.5255777764766,17.8850826313217,"low","高海拔","XZ_GG","20260527"
"20260527_XZ_GG_24",-1.11608759177226,-5.85163862253921,36.5255777764766,17.8850826313217,"low","高海拔","XZ_GG","20260527"
"20260527_XZ_GG_25",-13.2984625581991,-11.248288486655,36.5255777764766,17.8850826313217,"low","高海拔","XZ_GG","20260527"
"20260527_XZ_GG_26",1.79440707516409,-10.5858357608206,36.5255777764766,17.8850826313217,"low","高海拔","XZ_GG","20260527"
"20260527_XZ_GG_27",1.27657548063575,-8.9967095060596,36.5255777764766,17.8850826313217,"low","高海拔","XZ_GG","20260527"
"20260527_XZ_GG_28",-5.29816058357625,-10.2150873362982,36.5255777764766,17.8850826313217,"low","高海拔","XZ_GG","20260527"
"20260527_XZ_GG_29",4.47458599468381,-9.07281408381763,36.5255777764766,17.8850826313217,"low","高海拔","XZ_GG","20260527"
"20260527_XZ_GG_30",-0.286058512317778,-0.571820681841453,36.5255777764766,17.8850826313217,"low","高海拔","XZ_GG","20260527"
"20260527_XZ_GG_31",2.17898556110838,-4.89809086841263,36.5255777764766,17.8850826313217,"high","高海拔","XZ_GG","20260527"
"20260527_XZ_GG_32",2.32366546318184,-10.2246436016938,36.5255777764766,17.8850826313217,"high","高海拔","XZ_GG","20260527"
"20260527_XZ_GG_33",-2.24303510469248,-10.9618278775312,36.5255777764766,17.8850826313217,"high","高海拔","XZ_GG","20260527"
"20260527_XZ_GG_34",5.62350653376132,-9.49110690680692,36.5255777764766,17.8850826313217,"high","高海拔","XZ_GG","20260527"
"20260527_XZ_GG_35",7.9240826635177,-3.30754392394523,36.5255777764766,17.8850826313217,"high","高海拔","XZ_GG","20260527"
"20260527_XZ_GG_36",3.97220354883059,-8.48108764691073,36.5255777764766,17.8850826313217,"high","高海拔","XZ_GG","20260527"
"20260527_XZ_GG_37",0.779948458166691,-4.36143329202266,36.5255777764766,17.8850826313217,"high","高海拔","XZ_GG","20260527"
"20260527_XZ_GG_38",-9.60348762113521,-8.84765678630455,36.5255777764766,17.8850826313217,"high","高海拔","XZ_GG","20260527"
"20260527_XZ_GG_39",0.289324326811226,-7.02737779354005,36.5255777764766,17.8850826313217,"high","高海拔","XZ_GG","20260527"
"20260527_XZ_GG_40",4.84856067233228,-3.5020123281874,36.5255777764766,17.8850826313217,"high","高海拔","XZ_GG","20260527"
"20260527_XZ_GG_41",3.32987091566045,-11.2188408666047,36.5255777764766,17.8850826313217,"high","高海拔","XZ_GG","20260527"
"20260527_XZ_GG_42",0.836495307837382,-8.60372607828532,36.5255777764766,17.8850826313217,"high","高海拔","XZ_GG","20260527"
"20260527_XZ_GG_43",0.114678012003551,-3.3137665511142,36.5255777764766,17.8850826313217,"high","高海拔","XZ_GG","20260527"
"20260527_XZ_GG_44",1.11588046033357,-4.54325852403785,36.5255777764766,17.8850826313217,"high","高海拔","XZ_GG","20260527"
"20260527_XZ_GG_46",2.01433011243499,-5.95092477033066,36.5255777764766,17.8850826313217,"high","高海拔","XZ_GG","20260527"
"20260527_XZ_GG_47",4.96521807737179,-7.29285639951596,36.5255777764766,17.8850826313217,"high","高海拔","XZ_GG","20260527"
"20260527_XZ_GG_50",-2.89106883815385,-4.79953384942475,36.5255777764766,17.8850826313217,"high","高海拔","XZ_GG","20260527"
"20260527_XZ_GG_51",5.3670312052165,-10.5796663402131,36.5255777764766,17.8850826313217,"high","高海拔","XZ_GG","20260527"
"20260527_XZ_GG_52",3.19655146901648,-7.13640218380961,36.5255777764766,17.8850826313217,"high","高海拔","XZ_GG","20260527"
"20260527_XZ_GG_53",6.49788302173153,-2.45476435471234,36.5255777764766,17.8850826313217,"high","高海拔","XZ_GG","20260527"
"20260527_XZ_GG_55",-1.46873435665466,-12.7802906501256,36.5255777764766,17.8850826313217,"high","高海拔","XZ_GG","20260527"
"20260527_XZ_GG_56",2.87197459015638,-10.6676391235763,36.5255777764766,17.8850826313217,"high","高海拔","XZ_GG","20260527"
"20260527_XZ_GG_59",9.44705285032318,-8.14511050285322,36.5255777764766,17.8850826313217,"high","高海拔","XZ_GG","20260527"
"20260527_XZ_GG_60",6.50064578341984,-7.87158912222994,36.5255777764766,17.8850826313217,"control","高海拔","XZ_GG","20260527"
"20260527_XZ_GG_62",-0.40374220261617,-11.6150350214692,36.5255777764766,17.8850826313217,"control","高海拔","XZ_GG","20260527"
"20260527_XZ_GG_64",0.395700805902932,-6.30999770734193,36.5255777764766,17.8850826313217,"control","高海拔","XZ_GG","20260527"
"20260527_XZ_GG_65",-3.18933935304967,-7.36265772751397,36.5255777764766,17.8850826313217,"control","高海拔","XZ_GG","20260527"
"20260527_XZ_GG_66",4.21916744451129,-11.6667965680467,36.5255777764766,17.8850826313217,"control","高海拔","XZ_GG","20260527"
"20260527_XZ_GG_68",-5.26455457753226,-13.6775955883222,36.5255777764766,17.8850826313217,"control","高海拔","XZ_GG","20260527"
"20260527_XZ_GG_69",-0.429901661132814,-12.8216604102622,36.5255777764766,17.8850826313217,"control","高海拔","XZ_GG","20260527"
"20260527_XZ_GG_71",5.04336707822837,-7.61262796488536,36.5255777764766,17.8850826313217,"control","高海拔","XZ_GG","20260527"
"20260527_XZ_GG_72",-3.29651259902706,-8.82256844723649,36.5255777764766,17.8850826313217,"control","高海拔","XZ_GG","20260527"
"20260527_XZ_GG_73",4.55221263018844,-10.471106111713,36.5255777764766,17.8850826313217,"control","高海拔","XZ_GG","20260527"
"20260527_XZ_GG_74",2.96851265701002,-8.56831316723604,36.5255777764766,17.8850826313217,"control","高海拔","XZ_GG","20260527"
"20260527_XZ_GG_75",0.652462450351332,-3.25660741197497,36.5255777764766,17.8850826313217,"control","高海拔","XZ_GG","20260527"
"20260527_XZ_GG_76",-1.56319649583925,-10.8435451563754,36.5255777764766,17.8850826313217,"control","高海拔","XZ_GG","20260527"
"20260527_XZ_GG_77",-3.0535709649944,-14.2188329706946,36.5255777764766,17.8850826313217,"control","高海拔","XZ_GG","20260527"
"20260527_XZ_GG_78",-8.58613929225166,-18.9260342221494,36.5255777764766,17.8850826313217,"control","高海拔","XZ_GG","20260527"
"20260527_XZ_GG_79",-4.36195634668847,-11.1308720918079,36.5255777764766,17.8850826313217,"control","高海拔","XZ_GG","20260527"
"20260527_XZ_GG_80",7.02058303891457,-6.9350176381754,36.5255777764766,17.8850826313217,"control","高海拔","XZ_GG","20260527"
"20260527_XZ_GG_81",-0.99504962275804,-3.54318463347245,36.5255777764766,17.8850826313217,"low","高海拔","XZ_GG","20260527"
"20260527_XZ_GG_82",-3.20836919757048,-10.6154125708809,36.5255777764766,17.8850826313217,"low","高海拔","XZ_GG","20260527"
"20260527_XZ_GG_83",-1.94370903766893,-11.2810868740117,36.5255777764766,17.8850826313217,"low","高海拔","XZ_GG","20260527"
"20260527_XZ_GG_84",2.0791207352583,-8.4951074691367,36.5255777764766,17.8850826313217,"low","高海拔","XZ_GG","20260527"
"20260527_XZ_GG_85",2.92578435279769,-13.2842914580197,36.5255777764766,17.8850826313217,"low","高海拔","XZ_GG","20260527"
"20260527_XZ_GG_86",-3.90535980823281,-6.95889954360269,36.5255777764766,17.8850826313217,"low","高海拔","XZ_GG","20260527"
"20260527_XZ_GG_87",2.21238278385858,-6.39885365036595,36.5255777764766,17.8850826313217,"low","高海拔","XZ_GG","20260527"
"20260527_XZ_GG_88",-3.6988465245391,1.27771288250375,36.5255777764766,17.8850826313217,"low","高海拔","XZ_GG","20260527"
"20260527_XZ_GG_89",-2.01327936363366,-4.15283747611182,36.5255777764766,17.8850826313217,"low","高海拔","XZ_GG","20260527"
"20260527_XZ_GG_92",-2.83071087872103,-8.36998390228908,36.5255777764766,17.8850826313217,"low","高海拔","XZ_GG","20260527"
"20260527_XZ_GG_93",3.6199620318621,-7.63470553646736,36.5255777764766,17.8850826313217,"low","高海拔","XZ_GG","20260527"
"20260527_XZ_GG_94",0.752378454651696,-4.01596824173617,36.5255777764766,17.8850826313217,"low","高海拔","XZ_GG","20260527"
"20260527_XZ_GG_95",-1.69842803655101,-7.8832830714966,36.5255777764766,17.8850826313217,"low","高海拔","XZ_GG","20260527"
"20260527_XZ_GG_96",-1.57365334887916,-2.13620388630469,36.5255777764766,17.8850826313217,"low","高海拔","XZ_GG","20260527"
"20260527_XZ_GG_97",3.72282163539415,-7.26132593982245,36.5255777764766,17.8850826313217,"low","高海拔","XZ_GG","20260527"
"20260527_XZ_GG_98",-4.40630358000396,-14.3321279102475,36.5255777764766,17.8850826313217,"low","高海拔","XZ_GG","20260527"
"20260527_XZ_GG_99",0.144505769118349,-12.1674319409636,36.5255777764766,17.8850826313217,"low","高海拔","XZ_GG","20260527"
"20260527_XZ_GG_100",8.57323741184903,-5.867295728873,36.5255777764766,17.8850826313217,"low","高海拔","XZ_GG","20260527"
"20260527_XZ_GG_101",5.10329130552001,-8.68182940934988,36.5255777764766,17.8850826313217,"low","高海拔","XZ_GG","20260527"
"20260527_XZ_GG_102",0.136849021607417,-12.288648976145,36.5255777764766,17.8850826313217,"low","高海拔","XZ_GG","20260527"
"20260527_XZ_GG_103",3.04439921288803,-6.76893246731337,36.5255777764766,17.8850826313217,"low","高海拔","XZ_GG","20260527"
"20260527_XZ_GG_104",6.83486240992053,-2.47256335130821,36.5255777764766,17.8850826313217,"low","高海拔","XZ_GG","20260527"
"20260527_XZ_GG_105",5.43494691941489,-6.0618601896187,36.5255777764766,17.8850826313217,"low","高海拔","XZ_GG","20260527"
"20260527_XZ_GG_106",1.2134100300925,-6.28631279081921,36.5255777764766,17.8850826313217,"low","高海拔","XZ_GG","20260527"
"20260527_XZ_GG_121",2.79323207633901,-9.77107676625305,36.5255777764766,17.8850826313217,"control","高海拔","XZ_GG","20260527"
"20260527_XZ_GG_122",-4.73660500028508,-4.9450109290233,36.5255777764766,17.8850826313217,"control","高海拔","XZ_GG","20260527"
"20260527_XZ_GG_123",-0.217163455974407,-16.3433545394295,36.5255777764766,17.8850826313217,"high","高海拔","XZ_GG","20260527"
"20260527_XZ_GG_124",0.612335862690328,-7.89048602577836,36.5255777764766,17.8850826313217,"high","高海拔","XZ_GG","20260527"
"20260527_XZ_GG_125",6.15151997273008,-8.83788478225161,36.5255777764766,17.8850826313217,"control","高海拔","XZ_GG","20260527"
"20260527_XZ_GG_126",2.72545060919264,-7.46969224657215,36.5255777764766,17.8850826313217,"control","高海拔","XZ_GG","20260527"
"20260527_XZ_GG_128",1.71560418100154,-10.3173849674616,36.5255777764766,17.8850826313217,"control","高海拔","XZ_GG","20260527"
"20260527_XZ_GG_129",-3.10563431658443,-7.45300275141014,36.5255777764766,17.8850826313217,"control","高海拔","XZ_GG","20260527"
"20260527_XZ_GG_130",9.28725676076522,-3.23413600217459,36.5255777764766,17.8850826313217,"control","高海拔","XZ_GG","20260527"
"20260527_XZ_GG_131",-4.13080392100084,-4.94077240254978,36.5255777764766,17.8850826313217,"control","高海拔","XZ_GG","20260527"
"20260527_XZ_GG_132",2.25353248417672,-8.19400609844472,36.5255777764766,17.8850826313217,"control","高海拔","XZ_GG","20260527"
"20260527_XZ_GG_135",6.93562589639167,-6.10198392811126,36.5255777764766,17.8850826313217,"control","高海拔","XZ_GG","20260527"
"20260527_XZ_GG_136",9.63575370852333,-4.87239185579462,36.5255777764766,17.8850826313217,"control","高海拔","XZ_GG","20260527"
"20260527_XZ_GG_137",-0.54318831909104,-10.238745725516,36.5255777764766,17.8850826313217,"control","高海拔","XZ_GG","20260527"
"20260527_XZ_GG_138",3.07283036070386,-5.83804984654061,36.5255777764766,17.8850826313217,"low","高海拔","XZ_GG","20260527"
"20260527_XZ_GG_139",-0.00494267702840444,-11.8507790617866,36.5255777764766,17.8850826313217,"low","高海拔","XZ_GG","20260527"
"20260527_XZ_GG_140",3.19915498098879,-10.8153455346671,36.5255777764766,17.8850826313217,"high","高海拔","XZ_GG","20260527"
"20260527_XZ_GG_141",5.50538138282256,-2.55942452173413,36.5255777764766,17.8850826313217,"high","高海拔","XZ_GG","20260527"
"20260527_XZ_GG_142",3.83209494191671,-4.40513678486232,36.5255777764766,17.8850826313217,"high","高海拔","XZ_GG","20260527"
"20260527_XZ_GG_143",4.14950445498885,-3.4717920007114,36.5255777764766,17.8850826313217,"low","高海拔","XZ_GG","20260527"
"20260527_XZ_GG_144",-0.100338870681923,-8.00539613106098,36.5255777764766,17.8850826313217,"high","高海拔","XZ_GG","20260527"
"20260527_XZ_GG_145",5.05437200134946,-7.02237545130313,36.5255777764766,17.8850826313217,"high","高海拔","XZ_GG","20260527"
"20260527_XZ_GG_146",1.82831574828692,-9.63255361181653,36.5255777764766,17.8850826313217,"low","高海拔","XZ_GG","20260527"
"20260527_XZ_GG_147",6.39692732410451,-0.844616757119505,36.5255777764766,17.8850826313217,"high","高海拔","XZ_GG","20260527"
"20260527_XZ_GG_148",3.58759941376044,-11.0029707262834,36.5255777764766,17.8850826313217,"high","高海拔","XZ_GG","20260527"
"20260527_XZ_GG_149",12.8986317543431,-3.52026694567433,36.5255777764766,17.8850826313217,"high","高海拔","XZ_GG","20260527"
"20260527_XZ_GG_150",6.58182654494339,-4.15880446343994,36.5255777764766,17.8850826313217,"high","高海拔","XZ_GG","20260527"
"20260527_XZ_GG_151",-4.52131564585727,-3.99696189485775,36.5255777764766,17.8850826313217,"low","高海拔","XZ_GG","20260527"
"20260527_XZ_GG_152",4.52403738736869,-6.99731672420422,36.5255777764766,17.8850826313217,"control","高海拔","XZ_GG","20260527"
"20260527_XZ_GG_153",6.98599029731059,-4.09320177471281,36.5255777764766,17.8850826313217,"high","高海拔","XZ_GG","20260527"
"20260527_XZ_GG_154",3.7306552407025,-9.29088159631138,36.5255777764766,17.8850826313217,"low","高海拔","XZ_GG","20260527"
"20260527_XZ_GG_155",9.82273184546142,-3.08830757388203,36.5255777764766,17.8850826313217,"high","高海拔","XZ_GG","20260527"
"20260527_XZ_GG_156",10.0411741962353,-10.0745421030643,36.5255777764766,17.8850826313217,"high","高海拔","XZ_GG","20260527"
"20260527_XZ_GG_157",11.1992872583287,-8.74764878595506,36.5255777764766,17.8850826313217,"high","高海拔","XZ_GG","20260527"
"20260527_XZ_GG_158",7.57023617372388,-6.41347254567945,36.5255777764766,17.8850826313217,"low","高海拔","XZ_GG","20260527"
"20260527_XZ_GG_159",1.56841427532583,-15.5240668990732,36.5255777764766,17.8850826313217,"high","高海拔","XZ_GG","20260527"
"20260527_XZ_GG_160",7.37848204763202,-9.34932216966381,36.5255777764766,17.8850826313217,"high","高海拔","XZ_GG","20260527"
"20260527_XZ_GG_161",6.28624175207925,-12.9342178261766,36.5255777764766,17.8850826313217,"low","高海拔","XZ_GG","20260527"
"20260527_XZ_GG_162",8.83768881139554,-5.24714741381472,36.5255777764766,17.8850826313217,"high","高海拔","XZ_GG","20260527"
"20260527_XZ_GG_163",-0.799563932272982,-10.8411958022459,36.5255777764766,17.8850826313217,"low","高海拔","XZ_GG","20260527"
"20260527_XZ_GG_164",7.33060468339666,-10.7663865848964,36.5255777764766,17.8850826313217,"low","高海拔","XZ_GG","20260527"
"20260527_XZ_GG_165",6.63473569034466,-7.41772468835127,36.5255777764766,17.8850826313217,"high","高海拔","XZ_GG","20260527"
"20260527_XZ_GG_166",11.0124013615138,-13.3676239863472,36.5255777764766,17.8850826313217,"low","高海拔","XZ_GG","20260527"
"20260527_XZ_GG_167",3.78301102951739,-13.4046803673675,36.5255777764766,17.8850826313217,"high","高海拔","XZ_GG","20260527"
"20260527_XZ_GG_168",13.1434941998543,-9.54668159478526,36.5255777764766,17.8850826313217,"high","高海拔","XZ_GG","20260527"
"20260527_XZ_GG_169",10.2587148509891,-9.57085602018122,36.5255777764766,17.8850826313217,"high","高海拔","XZ_GG","20260527"
"20260527_XZ_GG_170",2.2037773398743,-18.7650443581286,36.5255777764766,17.8850826313217,"low","高海拔","XZ_GG","20260527"
"20260527_XZ_GG_171",-0.332237007361744,-15.2590711951457,36.5255777764766,17.8850826313217,"high","高海拔","XZ_GG","20260527"
"20260717_GZ_TH_1",34.5290516068028,-7.48618441786721,36.5255777764766,17.8850826313217,"control","湿热","GZ_TH","20260717"
"20260717_GZ_TH_2",22.6757487701312,8.63873534874335,36.5255777764766,17.8850826313217,"control","湿热","GZ_TH","20260717"
"20260717_GZ_TH_3",22.3190325214953,-6.13853937757889,36.5255777764766,17.8850826313217,"control","湿热","GZ_TH","20260717"
"20260717_GZ_TH_4",17.7416438134513,-18.0274193490274,36.5255777764766,17.8850826313217,"control","湿热","GZ_TH","20260717"
"20260717_GZ_TH_6",23.3052919269117,-6.95552166289362,36.5255777764766,17.8850826313217,"high","湿热","GZ_TH","20260717"
"20260717_GZ_TH_7",23.2633910678756,-5.41119435479766,36.5255777764766,17.8850826313217,"high","湿热","GZ_TH","20260717"
"20260717_GZ_TH_8",25.8140835902811,8.26373439941533,36.5255777764766,17.8850826313217,"high","湿热","GZ_TH","20260717"
"20260717_GZ_TH_9",32.3928510044708,-5.1301750392542,36.5255777764766,17.8850826313217,"high","湿热","GZ_TH","20260717"
"20260717_GZ_TH_10",25.2957612635465,-8.6588546583124,36.5255777764766,17.8850826313217,"high","湿热","GZ_TH","20260717"
"20260717_GZ_TH_11",20.9449820667812,-2.56187991534484,36.5255777764766,17.8850826313217,"high","湿热","GZ_TH","20260717"
"20260717_GZ_TH_12",31.105705282149,0.949998458015012,36.5255777764766,17.8850826313217,"low","湿热","GZ_TH","20260717"
"20260717_GZ_TH_13",23.1905229742282,17.7981684659088,36.5255777764766,17.8850826313217,"low","湿热","GZ_TH","20260717"
"20260717_GZ_TH_14",22.6100163872134,7.14611437239645,36.5255777764766,17.8850826313217,"high","湿热","GZ_TH","20260717"
"20260717_GZ_TH_15",20.210051890368,-5.67032967914275,36.5255777764766,17.8850826313217,"low","湿热","GZ_TH","20260717"
"20260717_GZ_TH_16",24.2422593529096,-4.63378985366268,36.5255777764766,17.8850826313217,"low","湿热","GZ_TH","20260717"
"20260717_GZ_TH_17",23.7499136065078,23.4295439739178,36.5255777764766,17.8850826313217,"low","湿热","GZ_TH","20260717"
"20260717_GZ_TH_18",12.7618220020269,0.948357310683066,36.5255777764766,17.8850826313217,"low","湿热","GZ_TH","20260717"
"20260717_GZ_TH_19",27.6873639172492,-2.45516347729214,36.5255777764766,17.8850826313217,"low","湿热","GZ_TH","20260717"
"20260717_GZ_TH_20",13.6931218304641,-8.10230080484339,36.5255777764766,17.8850826313217,"low","湿热","GZ_TH","20260717"
"20260717_GZ_TH_21",19.6570804818524,20.832249256427,36.5255777764766,17.8850826313217,"high","湿热","GZ_TH","20260717"
"20260717_GZ_TH_22",15.6346652081827,-3.6849792829565,36.5255777764766,17.8850826313217,"low","湿热","GZ_TH","20260717"
"20260717_GZ_TH_23",32.8863987182943,-2.16429417007683,36.5255777764766,17.8850826313217,"control","湿热","GZ_TH","20260717"
"20260717_GZ_TH_24",9.00256384827351,-8.21117557317826,36.5255777764766,17.8850826313217,"control","湿热","GZ_TH","20260717"
"20260717_GZ_TH_25",25.8609265142474,-5.39646645361673,36.5255777764766,17.8850826313217,"high","湿热","GZ_TH","20260717"
"20260717_GZ_TH_26",7.07954361363372,4.00539459046252,36.5255777764766,17.8850826313217,"high","湿热","GZ_TH","20260717"
"20260717_GZ_TH_27",20.4574655935696,-5.97508647240638,36.5255777764766,17.8850826313217,"high","湿热","GZ_TH","20260717"
"20260717_GZ_TH_28",13.7631672332046,-16.2684437262088,36.5255777764766,17.8850826313217,"high","湿热","GZ_TH","20260717"
"20260717_GZ_TH_29",10.0059793932494,-20.6238861271323,36.5255777764766,17.8850826313217,"high","湿热","GZ_TH","20260717"
"20260717_GZ_TH_30",15.1267312486283,-5.00665727920848,36.5255777764766,17.8850826313217,"high","湿热","GZ_TH","20260717"
"20260717_GZ_TH_31",23.846120157357,6.5153761130078,36.5255777764766,17.8850826313217,"high","湿热","GZ_TH","20260717"
"20260717_GZ_TH_32",11.1747928104535,12.8788976454569,36.5255777764766,17.8850826313217,"high","湿热","GZ_TH","20260717"
"20260717_GZ_TH_33",14.3552465800175,-8.17053320454595,36.5255777764766,17.8850826313217,"high","湿热","GZ_TH","20260717"
"20260717_GZ_TH_35",17.6933383004031,0.831157002991673,36.5255777764766,17.8850826313217,"high","湿热","GZ_TH","20260717"
"20260717_GZ_TH_36",24.3075226886283,20.3019549089038,36.5255777764766,17.8850826313217,"control","湿热","GZ_TH","20260717"
"20260717_GZ_TH_37",21.1556606311895,2.60685548531701,36.5255777764766,17.8850826313217,"control","湿热","GZ_TH","20260717"
"20260717_GZ_TH_38",23.3541624820737,23.6399021769815,36.5255777764766,17.8850826313217,"high","湿热","GZ_TH","20260717"
"20260717_GZ_TH_39",8.9237767198985,0.808363824828126,36.5255777764766,17.8850826313217,"high","湿热","GZ_TH","20260717"
"20260717_GZ_TH_40",25.7976674843011,-0.678264970600711,36.5255777764766,17.8850826313217,"high","湿热","GZ_TH","20260717"
"20260717_GZ_TH_41",21.8071625979683,2.63022159753691,36.5255777764766,17.8850826313217,"high","湿热","GZ_TH","20260717"
"20260717_GZ_TH_42",23.1498746482162,-6.29840106687992,36.5255777764766,17.8850826313217,"control","湿热","GZ_TH","20260717"
"20260717_GZ_TH_43",21.2010494016994,12.1254195840852,36.5255777764766,17.8850826313217,"control","湿热","GZ_TH","20260717"
"20260717_GZ_TH_44",23.2496779676414,-6.25058435042005,36.5255777764766,17.8850826313217,"control","湿热","GZ_TH","20260717"
"20260717_GZ_TH_45",23.7892172085177,23.3235042428049,36.5255777764766,17.8850826313217,"control","湿热","GZ_TH","20260717"
"20260717_GZ_TH_46",21.2732125190738,-1.46711021575137,36.5255777764766,17.8850826313217,"low","湿热","GZ_TH","20260717"
"20260717_GZ_TH_47",7.64585911544323,-0.364203203362519,36.5255777764766,17.8850826313217,"low","湿热","GZ_TH","20260717"
"20260717_GZ_TH_48",18.8091150728958,-7.75578358085699,36.5255777764766,17.8850826313217,"high","湿热","GZ_TH","20260717"
"20260717_GZ_TH_49",12.2017509990654,3.36564871779233,36.5255777764766,17.8850826313217,"control","湿热","GZ_TH","20260717"
"20260717_GZ_TH_50",22.2191222264642,21.5910503708431,36.5255777764766,17.8850826313217,"control","湿热","GZ_TH","20260717"
"20260717_GZ_TH_51",19.2854691627052,-1.96006939930856,36.5255777764766,17.8850826313217,"control","湿热","GZ_TH","20260717"
"20260717_GZ_TH_53",26.7035850558908,-1.40803065606558,36.5255777764766,17.8850826313217,"control","湿热","GZ_TH","20260717"
"20260717_GZ_TH_54",12.8516462059188,-9.86396680813966,36.5255777764766,17.8850826313217,"control","湿热","GZ_TH","20260717"
"20260717_GZ_TH_55",23.9370368153663,-7.40657020112373,36.5255777764766,17.8850826313217,"control","湿热","GZ_TH","20260717"
"20260717_GZ_TH_57",20.5726164182977,-7.57183090190823,36.5255777764766,17.8850826313217,"control","湿热","GZ_TH","20260717"
"20260717_GZ_TH_58",14.9102433384946,-0.528034253463173,36.5255777764766,17.8850826313217,"control","湿热","GZ_TH","20260717"
"20260717_GZ_TH_59",23.3012849491047,14.4222782156034,36.5255777764766,17.8850826313217,"control","湿热","GZ_TH","20260717"
"20260717_GZ_TH_61",19.5429182477445,-1.12392859188511,36.5255777764766,17.8850826313217,"control","湿热","GZ_TH","20260717"
"20260717_GZ_TH_62",22.9559690253257,-4.41410236969127,36.5255777764766,17.8850826313217,"low","湿热","GZ_TH","20260717"
"20260717_GZ_TH_63",21.4682632943346,-2.81068906373661,36.5255777764766,17.8850826313217,"control","湿热","GZ_TH","20260717"
"20260717_GZ_TH_64",22.6484592184476,-7.76668952455794,36.5255777764766,17.8850826313217,"control","湿热","GZ_TH","20260717"
"20260717_GZ_TH_65",26.3782920837327,-5.20362816388752,36.5255777764766,17.8850826313217,"control","湿热","GZ_TH","20260717"
"20260717_GZ_TH_66",20.4719111043317,-1.89742055624712,36.5255777764766,17.8850826313217,"control","湿热","GZ_TH","20260717"
"20260717_GZ_TH_67",21.7575169785189,-10.1518511534793,36.5255777764766,17.8850826313217,"control","湿热","GZ_TH","20260717"
"20260717_GZ_TH_68",24.2276513264473,1.28720090434068,36.5255777764766,17.8850826313217,"control","湿热","GZ_TH","20260717"
"20260717_GZ_TH_69",29.6445468245601,-6.9945384120946,36.5255777764766,17.8850826313217,"control","湿热","GZ_TH","20260717"
"20260717_GZ_TH_70",22.6776222196311,-8.50200684860815,36.5255777764766,17.8850826313217,"control","湿热","GZ_TH","20260717"
"20260717_GZ_TH_71",29.3746679872414,-8.39379628680671,36.5255777764766,17.8850826313217,"control","湿热","GZ_TH","20260717"
"20260717_GZ_TH_72",19.054278552621,-9.32033059218681,36.5255777764766,17.8850826313217,"control","湿热","GZ_TH","20260717"
"20260717_GZ_TH_73",29.7768018618324,-9.54286452766853,36.5255777764766,17.8850826313217,"control","湿热","GZ_TH","20260717"
"20260717_GZ_TH_74",27.6114880260283,13.6161375062443,36.5255777764766,17.8850826313217,"control","湿热","GZ_TH","20260717"
"20260717_GZ_TH_75",32.1969145153847,-6.65292094108364,36.5255777764766,17.8850826313217,"control","湿热","GZ_TH","20260717"
"20260717_GZ_TH_76",20.1163895252699,-5.84380520900064,36.5255777764766,17.8850826313217,"control","湿热","GZ_TH","20260717"
"20260717_GZ_TH_77",24.1923101990365,-4.90581737256211,36.5255777764766,17.8850826313217,"control","湿热","GZ_TH","20260717"
"20260717_GZ_TH_78",16.6238132241834,-5.88834412269889,36.5255777764766,17.8850826313217,"control","湿热","GZ_TH","20260717"
"20260717_GZ_TH_79",24.9239634633808,-2.9883930384975,36.5255777764766,17.8850826313217,"control","湿热","GZ_TH","20260717"
"20260717_GZ_TH_80",18.4827371175291,-8.66474175850187,36.5255777764766,17.8850826313217,"control","湿热","GZ_TH","20260717"
"20260717_GZ_TH_87",24.5935048404922,1.76272141582669,36.5255777764766,17.8850826313217,"low","湿热","GZ_TH","20260717"
"20260717_GZ_TH_88",27.0556772137363,6.80109564542583,36.5255777764766,17.8850826313217,"control","湿热","GZ_TH","20260717"
"20260717_GZ_TH_89",18.0501240434089,-1.75167877872663,36.5255777764766,17.8850826313217,"low","湿热","GZ_TH","20260717"
"20260717_GZ_TH_90",24.4302579447303,-2.23319431338385,36.5255777764766,17.8850826313217,"high","湿热","GZ_TH","20260717"
"20260717_GZ_TH_93",19.3324207179659,3.55268808507156,36.5255777764766,17.8850826313217,"low","湿热","GZ_TH","20260717"
"20260717_GZ_TH_94",16.9434127046739,-0.971795292857739,36.5255777764766,17.8850826313217,"low","湿热","GZ_TH","20260717"
"20260717_GZ_TH_95",20.1850972529833,-1.28625749990003,36.5255777764766,17.8850826313217,"low","湿热","GZ_TH","20260717"
"20260717_GZ_TH_96",15.1648587258017,5.2451025031401,36.5255777764766,17.8850826313217,"low","湿热","GZ_TH","20260717"
"20260717_GZ_TH_98",26.8529188304396,28.4851203247026,36.5255777764766,17.8850826313217,"low","湿热","GZ_TH","20260717"
"20260717_GZ_TH_99",18.489798954663,9.73236157071122,36.5255777764766,17.8850826313217,"low","湿热","GZ_TH","20260717"
"20260717_GZ_TH_100",21.8495275881401,-2.26556735076308,36.5255777764766,17.8850826313217,"low","湿热","GZ_TH","20260717"
"20260717_GZ_TH_101",15.468014483045,-3.32963476214404,36.5255777764766,17.8850826313217,"low","湿热","GZ_TH","20260717"
"20260717_GZ_TH_102",16.6239832278295,-0.734795241222515,36.5255777764766,17.8850826313217,"low","湿热","GZ_TH","20260717"
"20260717_GZ_TH_103",10.9454310923972,-5.22278319807151,36.5255777764766,17.8850826313217,"low","湿热","GZ_TH","20260717"
"20260717_GZ_TH_104",19.7072841491465,17.7406433089401,36.5255777764766,17.8850826313217,"low","湿热","GZ_TH","20260717"
"20260717_GZ_TH_106",18.2687131514595,4.58814371369038,36.5255777764766,17.8850826313217,"low","湿热","GZ_TH","20260717"
"20260717_GZ_TH_107",27.2960127220418,-2.75870621274526,36.5255777764766,17.8850826313217,"high","湿热","GZ_TH","20260717"
"20260717_GZ_TH_108",22.6266599516029,-3.33565099336835,36.5255777764766,17.8850826313217,"high","湿热","GZ_TH","20260717"
"20260717_GZ_TH_109",14.629092241414,18.8334715260055,36.5255777764766,17.8850826313217,"high","湿热","GZ_TH","20260717"
"20260717_GZ_TH_110",23.243833694932,-1.13378914657757,36.5255777764766,17.8850826313217,"control","湿热","GZ_TH","20260717"
"20260717_GZ_TH_111",16.3246431955664,20.2902192811142,36.5255777764766,17.8850826313217,"high","湿热","GZ_TH","20260717"
"20260717_GZ_TH_112",21.8577589867207,7.05701729321853,36.5255777764766,17.8850826313217,"high","湿热","GZ_TH","20260717"
"20260717_GZ_TH_114",31.6122642243598,-4.62288204393316,36.5255777764766,17.8850826313217,"high","湿热","GZ_TH","20260717"
"20260717_GZ_TH_115",19.6753219781653,-6.65599184492031,36.5255777764766,17.8850826313217,"high","湿热","GZ_TH","20260717"
"20260717_GZ_TH_117",16.1308186865288,-3.9772739152638,36.5255777764766,17.8850826313217,"control","湿热","GZ_TH","20260717"
"20260717_GZ_TH_118",24.9350860395752,15.6752994225632,36.5255777764766,17.8850826313217,"control","湿热","GZ_TH","20260717"
"20260717_GZ_TH_119",14.755291862476,-4.80195510314423,36.5255777764766,17.8850826313217,"high","湿热","GZ_TH","20260717"
"20260717_GZ_TH_120",25.3725284733031,-3.17621549390653,36.5255777764766,17.8850826313217,"high","湿热","GZ_TH","20260717"
"20260717_GZ_TH_121",21.8370692031893,2.6057147584214,36.5255777764766,17.8850826313217,"control","湿热","GZ_TH","20260717"
"20260717_GZ_TH_122",13.8612125489629,-1.54329715586651,36.5255777764766,17.8850826313217,"high","湿热","GZ_TH","20260717"
"20260717_GZ_TH_123",23.1636487713883,10.7714209427072,36.5255777764766,17.8850826313217,"high","湿热","GZ_TH","20260717"
"20260717_GZ_TH_124",15.6755080313871,1.85902677661968,36.5255777764766,17.8850826313217,"high","湿热","GZ_TH","20260717"
"20260717_GZ_TH_125",24.1107084428007,-1.89726233534853,36.5255777764766,17.8850826313217,"high","湿热","GZ_TH","20260717"
"20260717_GZ_TH_126",23.7960731737996,5.67509288309773,36.5255777764766,17.8850826313217,"high","湿热","GZ_TH","20260717"
"20260717_GZ_TH_128",18.0404461240997,12.6998579298717,36.5255777764766,17.8850826313217,"high","湿热","GZ_TH","20260717"
"20260717_GZ_TH_129",18.5702543643527,-1.6854465124312,36.5255777764766,17.8850826313217,"high","湿热","GZ_TH","20260717"
"20260717_GZ_TH_131",14.7069931351731,18.01111283663,36.5255777764766,17.8850826313217,"high","湿热","GZ_TH","20260717"
"20260717_GZ_TH_132",21.0198971441546,26.4421509993229,36.5255777764766,17.8850826313217,"high","湿热","GZ_TH","20260717"
"20260717_GZ_TH_133",21.2540644174134,21.1033561488101,36.5255777764766,17.8850826313217,"high","湿热","GZ_TH","20260717"
"20260717_GZ_TH_134",29.6783055743453,37.3000437784563,36.5255777764766,17.8850826313217,"high","湿热","GZ_TH","20260717"
"20260717_GZ_TH_137",28.5883720981359,33.9670560970991,36.5255777764766,17.8850826313217,"high","湿热","GZ_TH","20260717"
"20260717_GZ_TH_138",19.1231755542003,8.11868246522029,36.5255777764766,17.8850826313217,"high","湿热","GZ_TH","20260717"
"20260717_GZ_TH_143",17.7039608717375,5.77570041593472,36.5255777764766,17.8850826313217,"low","湿热","GZ_TH","20260717"
"20260717_GZ_TH_144",13.4938525865135,1.28814952698951,36.5255777764766,17.8850826313217,"control","湿热","GZ_TH","20260717"
"20260717_GZ_TH_147",26.4163865299824,12.3750508464358,36.5255777764766,17.8850826313217,"low","湿热","GZ_TH","20260717"
"20260717_GZ_TH_148",15.1706991430633,5.06176701752545,36.5255777764766,17.8850826313217,"low","湿热","GZ_TH","20260717"
"20260717_GZ_TH_149",9.61566644833708,9.10227109238998,36.5255777764766,17.8850826313217,"low","湿热","GZ_TH","20260717"
"20260717_GZ_TH_150",10.5466440248291,-1.11872222870034,36.5255777764766,17.8850826313217,"low","湿热","GZ_TH","20260717"
