"PG.ProteinGroups","logFC_primary","logFC_comparison"
"A0A075B6H9",0.301048283666628,0.255626702834581
"A0A075B6I0",0.176042577382807,0.181096925166443
"A0A075B6J9",0.284882663992374,0.37697319974429
"A0A075B6K4",0.257877866260301,0.247280584426234
"A0A075B6K5",0.269117177840579,0.280496141711106
"A0A075B6P5;P01615",0.359916596627734,0.287194885237275
"A0A087WSX0",0.193654635030342,0.21403351614644
"A0A087WSY6",-0.0643626404494473,-0.117686183587201
"A0A0A0MRZ8;P04433",0.249152312282551,0.186925717373912
"A0A0A0MS15",0.29567111570584,0.282059279119132
"A0A0B4J1U7",0.336993483704223,0.312535594515085
"A0A0B4J1V0",0.272593648245863,0.272265480599476
"A0A0B4J1X5",0.496306497774324,0.533592928632105
"A0A0B4J1Y8",0.193825204808457,0.140413446261025
"A0A0B4J1Y9",0.366053811367347,0.332885709397315
"A0A0C4DH25",0.326884274124716,0.294238459741479
"A0A0C4DH34",0.450731126542196,0.443266093063292
"A0A0C4DH38",0.250422281005521,0.328631592548337
"A0A0C4DH43",0.446042014458602,0.3727481318075
"A0A0C4DH67",0.245363722812968,0.204092477513068
"A0A0G2JS06",0.274639616929724,0.257700913044303
"A0A0J9YX35",0.187235012690687,0.224753532526375
"A0A0J9YXX1",-0.00621815267900061,0.0640693134912595
"A0A1B0GTC6",0.311237442744897,0.148745914017375
"A0M8Q6",0.337240283819996,0.295942173864953
"A1L4H1",0.0705853451254317,0.0549045744827783
"A2A3L6",0.0371121002310986,0.110870021849898
"A2CJ06",0.311892545194908,0.332064202978387
"A2NJV5",0.301426651796641,0.24409649892759
"A6NDG6",0.171924174704176,0.0746988419898464
"A6NL88",0.314616651463242,0.280889537687742
"A6NM11;A6NMS7",-0.031274344390515,-0.0600864005871671
"A8MYB1",0.346017648029246,0.27010863516395
"B0I1T2",0.101055460706831,0.0304218024336418
"B2RUZ4",-0.01895666061756,-0.158387399559548
"E9PAV3",0.109230349782105,0.0509193178103384
"O00151",-0.145714533662545,-0.214774294346951
"O00161",0.0597175026262518,0.0315068452795053
"O00186",0.114401893919457,0.00135548304203148
"O00187",0.128711233310995,0.0267408111259826
"O00194",-0.0846620075790057,-0.304838848946503
"O00231",-0.00516756590727674,-0.17278172458384
"O00232",-0.191687794217657,-0.295676988635673
"O00264",0.0582512700331801,0.00918708337678353
"O00299",-0.114792952604882,-0.150684648493408
"O00339",0.275814258167205,0.194299905173298
"O00391",0.269538943251728,0.168668468657238
"O00410",-0.00584267304035269,-0.184607611796851
"O00429",0.172797298439562,0.161051917829505
"O00461",0.101185732334564,0.0529607021132481
"O00468",0.0972162124252183,0.0368774797857387
"O00487",-0.136011477074241,-0.139169984800285
"O00533",0.109776793645139,0.105226197944599
"O00560",-0.0298240847949387,-0.0305405803788936
"O00592",0.0472162487164898,-0.0587335081769016
"O00602",0.285486781702806,0.213317314253519
"O14498",0.0763287924423661,0.048420325698217
"O14594",0.0330994364589774,-0.016567300266555
"O14602;P47813",-0.155755988385133,-0.259497321904416
"O14645",0.125615294619584,0.12544104222706
"O14656",0.0785023616052083,0.0748673737930687
"O14672",0.171879246365643,0.13801292382127
"O14745",0.0788358790640427,0.0232853727529143
"O14773",0.022347887207939,-0.0527008008769227
"O14786",0.0688902159972908,0.0305509181533061
"O14791",0.0998522183019475,0.0646651949865138
"O14818",-0.0772743413766417,-0.153860785824556
"O14950;P19105",-0.000986664031248807,-0.0565756449237735
"O14960",0.101190150880125,0.0837879318649595
"O15031",0.152175902965459,0.10666890194312
"O15117",0.0459446126144005,-0.0330676514065011
"O15143",0.248492053137758,0.185034625280679
"O15144",-0.144461757049395,-0.177734234032355
"O15145",-0.0059382797815708,-0.0724859888079479
"O15204",0.151548091378384,0.0720483562488479
"O15335",0.139638365985872,0.107591801667377
"O15400",0.143377643592085,0.0992715249421483
"O15466",0.142980696794339,0.0859773397937875
"O15498",0.206514479476104,0.104241414184967
"O15511",0.0138608604739865,-0.0247541615553821
"O43157",0.151279653757323,0.054497582784979
"O43173",-0.00761801924743999,-0.060542204564844
"O43242",0.0934935422670531,-0.0692445441081171
"O43396",0.30184356743146,0.248201314031784
"O43399",0.1164099118387,0.112968931171762
"O43488",0.00371365671730572,-0.165502757304675
"O43491",0.149016764607866,0.0524145866338044
"O43505",0.260869490751396,0.122536344275631
"O43529",0.073246895296001,0.0128433186595256
"O43681",-0.0757106810980828,-0.269266215864407
"O43707",0.0431838128885973,-0.0445352715522906
"O43852",-0.181314597819195,-0.22885598156059
"O43866",0.191982523113914,0.121217914937915
"O43897",0.24678857435117,0.157333791904971
"O60234",-0.0918834393103323,-0.155798480096502
"O60240",0.240200754445186,0.185817450403711
"O60245",0.205753032778407,0.116221066033016
"O60279",0.122199068453591,0.0749105755548385
"O60462",0.165326747559565,0.0805002257165235
"O60476",0.0136176386813922,-0.014552622728127
"O60493",0.361527897912408,0.347517392728761
"O60610",0.118248792075608,0.0504442651920414
"O60664",0.113371008986778,-0.000965438375766681
"O60704",-0.0835328832129729,-0.128388433366187
"O60814;P57053;P58876;P62807;Q5QNW6;Q93079;Q99877;Q99879",-0.0144308189044011,-0.13427788773857
"O60844",0.163760976018609,0.190725811021426
"O60936",0.197600279014451,0.130383271582001
"O75081",0.233194092765249,0.159189216374225
"O75083",-0.168412045571236,-0.210846392605117
"O75144",0.210601481868142,0.154251802785206
"O75147",0.32078701640383,0.171373410224827
"O75165",0.234075749720668,0.0912912284461447
"O75170",0.0596961650389662,-0.00157007796853925
"O75223",-0.0146075763132982,-0.0318929524244993
"O75309",0.357582847013584,0.200852683143023
"O75339",0.157706905221797,0.0939687289682976
"O75340",0.254534189125021,0.158877526591002
"O75347",0.00364948096929218,-0.101801735539306
"O75351",0.158794244750008,0.0608802027411421
"O75356",0.21242217060385,0.190777964869991
"O75367",0.159233932855782,0.0901654481651146
"O75368",-0.0738890424408973,-0.122134112059149
"O75487",0.180567133543921,0.121759014797963
"O75531",0.128472047626002,-0.0249674516221425
"O75558",-0.0554761804073802,-0.124816588603929
"O75636",0.342707812496691,0.201910958417031
"O75752",0.0746401489247699,0.016007707533344
"O75787",0.182845701687736,0.0878650351325465
"O75822",0.0644508880774763,-0.0452407298338784
"O75874",0.202499159207782,0.089680235085039
"O75882",0.364653504064238,0.313440052978164
"O75897",0.305616444563853,0.254743761234328
"O75955",0.20807249774446,0.0860131598628886
"O94769",0.146732515672161,0.0895299366582343
"O94966",0.55596548175669,0.463063045945603
"O94973",0.0918784615715076,0.143937868346954
"O94985",0.0835296079512471,0.0286532080976105
"O95084",0.0488352221671464,0.0249046014497534
"O95196",0.161587333789628,0.109065609194799
"O95236",0.103593643937261,0.216352210060576
"O95373",-0.0135062452847503,-0.0881058416244915
"O95445",0.150638938549021,0.130806795803508
"O95466",-0.0259772286586211,-0.0996378553788357
"O95498",-0.088563131206902,-0.12755580178078
"O95714",0.230101368769491,0.275100216044038
"O95715",0.261269183332912,0.263032346174843
"O95744",0.195762481100894,0.267856936041094
"O95747",-0.154965865213166,-0.24938013941415
"O95782",-0.00403159435433675,-0.112317896741166
"O95810",-0.101976445573346,-0.108731476988249
"O95967",0.179587285847463,0.0510512634426199
"P00325",0.289858905245808,0.233558971478828
"P00326",0.448957630668747,0.378141269475934
"P00338",-0.010739444288971,-0.0481936663117537
"P00352",-0.107731305737899,-0.262061414737694
"P00387",0.0773093962186522,-0.027385810336213
"P00450",0.275729263713998,0.304545395438447
"P00451",0.11880373940259,0.0703484802599093
"P00488",0.183702036443213,0.0850614971445882
"P00491",-0.208804296965978,-0.293342713795294
"P00492",0.159675785474213,-0.0415482613813358
"P00558",-0.131026651760866,-0.212071055566799
"P00568",-0.101641622513501,-0.215505791361096
"P00734",0.194295754853718,0.160455147260308
"P00736",0.158898578406054,0.0427640571400865
"P00738",0.602474258739459,0.645050712308274
"P00739",0.239097349349505,0.168172575124661
"P00740",0.251443405394726,0.195450688812178
"P00742",0.0875534716752782,0.0696295314981121
"P00746",0.0433240760940237,0.0443880150432907
"P00747",0.213196244305671,0.217327839549991
"P00748",0.0847562097395471,0.0964760644206546
"P00751",0.154811213767744,0.178910828392631
"P00915",-0.150861356365589,-0.219654730306756
"P00918",-0.129135002570578,-0.198455606716577
"P00966",0.41612466606705,0.39625475647361
"P01008",0.251519229603417,0.20436577135127
"P01009",0.292439617831382,0.291559037994679
"P01011",0.254908028135519,0.172962547627394
"P01019",0.0336624811494239,0.03212794674657
"P01023",0.222439678436254,0.222017716550624
"P01024",0.283772241296191,0.23493218694148
"P01031",0.239616417397253,0.206147586917753
"P01033",-0.0308934585909881,-0.0741034380087342
"P01034",0.183146180484304,0.162909812661892
"P01040",0.0784295157665085,0.0895401729932601
"P01042",0.149943176269284,0.179574668690616
"P01111",-0.0394786498491779,-0.111150469023634
"P01116",0.154789821348507,0.0427762630291966
"P01137",-0.0419254591049771,-0.139975951460746
"P01266",0.208998840238507,0.185672176664317
"P01275",0.254125397087007,0.206344513983892
"P01344",0.15445232520109,0.142190594085353
"P01591",0.343119457109131,0.315446030402111
"P01597;P04432",0.309569315870105,0.252374107982808
"P01602",0.0942578764380855,0.0690965365945004
"P01619",0.385701351238852,0.336324524270319
"P01624",0.140019875837297,0.0766966222091057
"P01699",0.17908510877502,0.0922542711779695
"P01700",0.238494906404949,0.255277562030585
"P01701",0.12352382774602,0.0971612262516128
"P01703",0.281533119512035,0.256058917175242
"P01704",0.118347659573971,0.0240925885049936
"P01706",0.320538433998429,0.34078995746049
"P01709",0.551027543905303,0.52472772111962
"P01714",0.445211359228503,0.399849984546584
"P01717",0.24501507373075,0.245580641019121
"P01732",0.11099049758983,0.114081882440649
"P01780",0.199627302624274,0.181962268753528
"P01817",0.515513636277015,0.437806356018266
"P01833",0.0774298047984168,0.0920113546429278
"P01834",0.194394616901754,0.107322638139797
"P01857",0.0979060069623845,0.13148642050972
"P01859",0.208639291650865,0.19088106908363
"P01860",0.146143662387027,0.187267229720028
"P01861",0.431802413274873,0.424823272396869
"P01871",0.357612133019021,0.330712991716808
"P01876",0.241345784827464,0.221566600415091
"P01880",0.365484809193452,0.309389249112437
"P01889",0.0625897720590682,-0.0368618811766712
"P01893",0.0378078187653212,-0.0468741326776616
"P02042",-0.0900294281320253,-0.218776506010371
"P02144",0.160001770451338,0.0960181975835095
"P02533",0.0531269883876622,0.072121220050354
"P02538",-0.00373917110466415,0.00155254476034905
"P02545",0.318246468232264,0.20062098562739
"P02549",0.0288549797509905,-0.340672932391628
"P02647",0.0655082004557634,0.11882239737875
"P02649",0.0187093002183722,0.0343771018124492
"P02652",0.127510508333149,0.131655882858407
"P02654",0.140989092974763,0.135322525868975
"P02655",-0.0333494197879673,0.0498938319897775
"P02656",0.0330871476005203,0.0058254516179943
"P02671",0.371705683747635,0.228494178834342
"P02675",0.280243670484872,0.146506561003847
"P02679",0.274033181754881,0.144637632968294
"P02730",0.0075514552960545,-0.262530760378278
"P02743",0.256712983308672,0.294634240310572
"P02745",0.480371828317502,0.454893219254677
"P02746",0.343364626416477,0.342948131264778
"P02747",0.34742843820783,0.331741037601757
"P02748",0.191205510716927,0.108512137897966
"P02749",0.273593721142396,0.254044706545136
"P02750",0.415213590050886,0.454952787138589
"P02751",0.309267385612429,0.187210034857495
"P02753",0.414899231552617,0.278799414295024
"P02760",0.0779422067171236,0.0783118413606108
"P02763",0.477370129767619,0.461439274215854
"P02765",0.355086596740886,0.236346264863069
"P02766",0.133449630178619,0.165857497047213
"P02768",0.455206139079543,0.421598431205666
"P02774",0.313803355780864,0.371089372544173
"P02775",-0.23058816766866,-0.253457172747449
"P02776",-0.0167791583469086,-0.0741097559773483
"P02786",0.286201731536893,0.245631186962324
"P02787",0.484021925710769,0.48736145099892
"P02788",0.117695799980886,0.160918680694493
"P02790",0.29843040396266,0.352732252477063
"P03950",0.304337504809951,0.341545093293956
"P03951",0.121254455557747,0.0631659209908548
"P03952",0.254440561707682,0.193042705128775
"P04003",0.279571386071696,0.207361530533641
"P04004",0.148561329289919,0.117815063289321
"P04040",-0.174798502934554,-0.260324024739285
"P04062",-0.00549567739428003,-0.0512200697649163
"P04070",0.0985611794409138,0.0742037336719417
"P04075",-0.113550707709445,-0.2136220040521
"P04083",-0.0353334995942598,-0.114245057401932
"P04114",0.0232997662021788,0.0656986624368017
"P04156",0.0767536711376202,0.0551838245507259
"P04180",0.305152860987066,0.163465947854238
"P04196",0.0282489242363582,0.0765852275611891
"P04211",0.195414627693054,0.149655712403307
"P04217",0.436963019753703,0.452837738445591
"P04233",0.130606513918316,0.079725559692374
"P04259",0.0470008628540679,0.0334199728227418
"P04264",-0.00154587783445237,0.0168097340087812
"P04275",0.1386194174667,0.0505543374350736
"P04278",0.398281612493626,0.280379968000753
"P04350",-0.0947357266792324,-0.224785811617005
"P04406",-0.014728409672065,-0.107883927425583
"P04439",0.0850485724411847,0.000466481533772267
"P04632",0.14913685604431,0.0411392682870915
"P04792",0.0430846205391617,-0.0692455592362649
"P04839",-0.243410555507478,-0.33077308003408
"P04899",-0.00588731578566559,-0.0645199244037702
"P04908;P0C0S8;P20671;Q16777;Q6FI13;Q7L7L0;Q93077;Q96KK5;Q99878;Q9BTM1",-0.0411731990959492,-0.160810160066491
"P04921",0.162110405807356,-0.0428185809744193
"P05019",0.199987132022052,0.161084397003787
"P05023",0.107419570112327,0.0469819549871708
"P05060",0.0825318956212762,0.0631509790714233
"P05062",0.44534849145003,0.267983927300281
"P05067",-0.156329464559583,-0.176891607478764
"P05089",0.0275880321287705,0.0621967065234976
"P05090",0.324495885047277,0.269805255408984
"P05106",0.0275707963565814,-0.0277447335368368
"P05107",0.0981725168751915,0.0562025012011347
"P05109",0.0389347930047439,-0.0444373665770001
"P05121",0.0677260707914513,0.0863858901446974
"P05141",0.130242219579452,-0.0350016262922459
"P05154",0.0941369598125199,0.114734982520936
"P05155",0.208877214032832,0.0554733623525205
"P05156",0.305381481554662,0.341209702312069
"P05160",0.434439968067666,0.282679517689207
"P05164",-0.054934819319941,-0.0905825253915005
"P05186",0.0377325388771386,0.0365706686871539
"P05198",-0.0866530448582461,-0.253518312456332
"P05362",0.052990968348773,0.0112365918378323
"P05386",-0.142611623277622,-0.206024829349806
"P05387",0.163998226952788,0.0519147857536399
"P05388",0.114856706798973,0.0225751967032419
"P05452",0.173594692567363,0.186945919003454
"P05543",0.253663083129867,0.244116018458271
"P05546",0.197151138130042,0.155825113799157
"P05556",0.0848195324594414,0.00437956269313666
"P05997",0.106629363106085,0.075715255425628
"P06276",0.224995950096353,0.217256491121532
"P06310",0.068031837576207,0.00693267414853693
"P06312",0.41957737872599,0.430809285320574
"P06331",0.340396637259012,0.32567699116157
"P06396",0.154016174598098,0.0848748650449878
"P06454",-0.0263434465223025,-0.116842728218968
"P06576",0.21452033702839,-0.00913277149771829
"P06681",0.305728865786316,0.291956536452901
"P06702",0.0224525750870104,-0.0683478110239459
"P06703",0.0232388791950129,-0.0540152793755428
"P06727",0.136313052891619,0.140290709790396
"P06733",0.146548691198962,0.0077598190225352
"P06734",0.228585318012273,0.195418196800761
"P06744",0.197494885469917,0.0698085104200192
"P06753",-0.0113759158792295,-0.0701959360387274
"P06756",0.118106548638187,0.0354521935930405
"P06858",0.151477686366629,0.0998838388959093
"P07093",-0.0330343227776382,-0.114056952215632
"P07195",-0.0597078127436426,-0.0788879374007188
"P07203",0.0215128293858982,-0.0976661565359898
"P07225",0.243248019967133,0.202794449970357
"P07237",0.106474552892125,-0.0285409422371323
"P07307",0.264616665809224,0.237585043661449
"P07327",0.343737009486345,0.292000065581105
"P07333",-0.0341712769001408,-0.0548717510781191
"P07339",-0.00626407245715299,-0.00556276759375862
"P07355",0.0354651227968255,0.0337700437828481
"P07357",0.306556085380358,0.200457590312649
"P07358",0.202910420837423,0.123643392672879
"P07359",0.0747529527256638,0.0116273292238169
"P07360",0.34701512937127,0.180969960646109
"P07384",0.0265257474302327,-0.00814694028372109
"P07437",0.0134749956111886,-0.105978236716382
"P07477",0.151661014560453,0.0997937340362398
"P07585",0.121291605242634,0.0682247787285757
"P07602",-0.00483591648492698,-0.0940275492461335
"P07711",0.0916752527226237,0.0838104688203991
"P07737",-0.0856066571370189,-0.10954409890129
"P07738",-0.0339410173891181,-0.176943957703598
"P07741",-0.0355151630262682,-0.11598624606115
"P07858",-0.0416037805010454,-0.0892271474928883
"P07900",0.0240471714338231,-0.057632281032328
"P07910",0.118947328845099,0.0570196052418623
"P07942",0.0908005505344747,0.0168086298461088
"P07947",-0.024145939983196,-0.0983275860843218
"P07948",0.236294224562357,0.151356507125333
"P07988",0.130913754048478,0.134824726717451
"P07996",-0.276846844840808,-0.308066215367031
"P08133",0.145634841364366,0.0559681114064148
"P08185",0.327054111765779,0.295299908069552
"P08195",0.349959956723101,0.241321643799375
"P08237",0.240185953386765,0.128546166223542
"P08238",0.036334711944793,-0.0198748490556486
"P08253",0.284966482955229,0.184239324069477
"P08254",0.14751294981191,0.100916873155459
"P08263;P09210",0.265626448835818,0.277142855689732
"P08294",0.231052409960887,0.1459787613116
"P08311",0.068572542057785,-0.044190398883277
"P08319",0.325037098614047,0.261635779461171
"P08493",0.122587991802613,0.0943383707629302
"P08514",-0.0422134891360209,-0.134028873560739
"P08519",0.00575220640230611,-0.109179326895218
"P08567",0.0556148240788037,-0.0518145530009022
"P08571",0.201546818550558,0.0859400320578754
"P08575",0.0609374166385699,-0.0133644371917061
"P08581",0.0793904727295747,0.0242530289273297
"P08603",0.308948826265373,0.325598703431035
"P08637",0.128948304963986,0.0406150645821661
"P08648",0.00793808283749442,-0.0765036448888026
"P08670",0.0895310912931926,-0.0367353786333275
"P08697",0.230220336662669,0.178644688565324
"P08709",0.198150972700521,0.15770820931405
"P08727",0.193485085579336,0.156588324591587
"P08729",0.49887886141752,0.335879392671879
"P08754",0.0262865232339013,-0.0859511047485135
"P08758",0.0641891640017427,0.0160690930238339
"P08779",0.045095385186638,0.0763874254032633
"P08833",0.173825171752313,0.181404614182483
"P08865",0.0872933260157005,-0.0128777995868301
"P09104",0.152761095145127,0.0374162500323472
"P09172",0.358413267441363,0.313076149070547
"P09211",0.00663079336341532,-0.101862417994065
"P09237",-0.0825185303303186,-0.129445846322625
"P09326",0.087614857186681,0.0644414342953734
"P09382",0.208309628597476,0.13212567434317
"P09429",0.071100368295248,0.0575513871675604
"P09486",-0.222497015927384,-0.328439818230908
"P09493",0.026034280650352,-0.109742409084411
"P09603",0.10057558979701,0.0301239113818337
"P09619",0.327188568352497,0.244490860664078
"P09668",0.154889993168906,0.173034162575561
"P09871",0.167010370865036,0.0605843865629154
"P09960",-0.0539878054514684,-0.0535100867401948
"P0C0L4",0.241312762295747,0.160694445690204
"P0C0L5",0.286819018420717,0.190220974508122
"P0DJI8",0.391677071489678,0.13282984288659
"P0DJI9",0.401042309309148,0.191508298342805
"P0DMV8;P0DMV9",0.00759280882559388,-0.0721184964147827
"P0DOX2",0.15048504957179,0.113048487881642
"P0DOX3",0.167688255491299,0.229900238395514
"P0DOX5",0.238651677174756,0.23881026110914
"P0DOX7",0.109805363222486,0.101464283407582
"P0DOX8",0.263894294646615,0.223495612228994
"P0DOY2;P0DOY3",0.183675498394265,0.0767376703030678
"P0DP02",0.251110767202775,0.252833650646611
"P0DP23;P0DP24;P0DP25",0.0423686541857577,-0.0538804463519611
"P0DPH7;P0DPH8",-0.111295958458092,-0.235485334251871
"P10124",-0.153540892306102,-0.221546936300918
"P10301",0.178242294318782,0.167839646966016
"P10321",0.230000581415261,0.195951226955117
"P10412",0.0492904672690386,-0.0794979720954121
"P10451",0.119649643473796,0.0488137411307683
"P10586",0.284647355451606,0.198045543453653
"P10599",-0.0243244344927636,-0.0773470865927024
"P10619",-0.129800238169555,-0.170391929091642
"P10643",0.274330110863866,0.259741669687184
"P10644",0.101223764696313,0.00894771321924814
"P10645",0.0545138202812918,0.000249473946519529
"P10646",0.103616881308357,0.0602016415751727
"P10768",-0.0633476297983986,-0.211106913601395
"P10809",0.314618937757173,0.141301832828964
"P10909",0.128706234975063,0.0448602580823696
"P11021",0.163878687218343,0.0884277984147062
"P11047",0.0799157914620814,-0.017407053093967
"P11049",0.00995736499285904,-0.089428497190994
"P11142",0.0222240241096685,-0.075432886908736
"P11150",0.20750847120166,0.155859847551429
"P11166",0.175827192491148,0.0326213357332552
"P11171",-0.0360502062835355,-0.324744665038859
"P11215",0.114417571508723,0.0478779045870983
"P11217",-0.033795537338932,-0.0068449296767259
"P11226",0.437228505729752,0.471021005689762
"P11234",0.0567234913210424,-0.0175399127185543
"P11277",-0.0552867510880652,-0.395338093521932
"P11279",0.225857323386252,0.208074794707215
"P11362",0.0563627558740567,0.00620632506294427
"P11413",0.161948944134322,0.0701148594907588
"P11586",0.180321893001111,0.0944974609687552
"P11597",0.14660926009201,0.10555154099786
"P11717",0.127398088491818,0.0410610440181909
"P11766",0.123310439030826,0.0830181188605259
"P11940",0.215372935200182,0.180135553903076
"P12109",0.221894881596123,0.142171549102022
"P12110",0.147222739562752,0.100414352220765
"P12111",0.211808818859675,0.13861405173345
"P12259",0.0430852601197529,-0.0244687132451666
"P12273",0.0219917309232951,-0.0316560435923945
"P12814",-0.020616865497697,-0.0566336175541657
"P12821",0.189901219347478,0.131703716589227
"P12830",0.224537670922222,0.142707548547218
"P12931",0.000573555519361335,-0.0778334606252695
"P12955",-0.0500414155467208,-0.0776089897031653
"P13224",-0.0212305265360158,-0.10107647188288
"P13473",0.296475671298611,0.26894684101681
"P13489",0.154788045859254,0.0234970084827975
"P13497",0.187617676605905,0.094710408775569
"P13591",0.0994116281263686,0.0642471956590782
"P13598",0.172922707403655,0.0936483465585276
"P13611",0.103674958491773,0.0417529884056815
"P13612",0.106260584402081,0.0763586277242432
"P13639",0.047758865007558,-0.0050330172185582
"P13645",0.151609710770456,0.173276368385082
"P13646",0.155905313233003,0.135969385502397
"P13647",0.000396173361458807,0.020171508445209
"P13667",0.206748947820476,0.135985405012688
"P13671",0.237348950931674,0.250293425392636
"P13686",0.225246314312473,0.240152859155473
"P13727",0.0931912150811378,0.0725772948148222
"P13796",0.0819407281485542,0.012193644782462
"P13797",0.0458910355990083,-0.101750934382025
"P13798",-0.124442105099245,-0.29152044504454
"P13929",0.20385602838293,0.0531425757177839
"P13942",0.119671679031732,0.0866744149171907
"P13987",0.0278390018839865,-0.057519858551764
"P14151",0.106199128143997,0.0928833414277968
"P14209",0.225558245933616,0.111999832072851
"P14314",0.167831860621098,0.0965276779127748
"P14317",0.016953607325922,-0.0965508980935361
"P14543",0.0635397433500007,-0.0236550898976375
"P14618",0.0280646366397885,-0.0714019876881675
"P14625",0.166709447067131,0.127330957597044
"P14649",-0.0424556296722312,-0.07258740332008
"P14735",0.0407546711652813,-0.0145776347256286
"P14770",0.131208083320233,0.0463732613859058
"P14780",0.0861539252671104,-0.070689676521722
"P14923",0.0624512011958025,0.105275581640294
"P15090",0.0713145574249214,0.0309622138896302
"P15144",0.393538119930655,0.323726495101869
"P15151",0.281774970546426,0.267104424460241
"P15153",0.0136072311506279,-0.0666112412571707
"P15169",0.185015331853736,0.183358230041657
"P15291",0.285542255211285,0.15297897413044
"P15311",0.0918071294145815,0.0637854318665969
"P15531",0.0174406717852857,-0.0935857128762123
"P15814",0.18448737265841,0.0674131652945977
"P15907",0.199784231582571,0.170816992339887
"P15924",0.0886033397591941,0.109196316190543
"P15941",0.112467656254367,0.08813910980329
"P16035",0.0625962097264239,0.151297978318231
"P16070",0.11440705894319,0.0696685957364096
"P16109",0.0805643182188174,0.0152745991571148
"P16112",0.135788316936702,0.0659320954869358
"P16150",0.0460742733143054,0.0145812030900441
"P16152",-0.0376222513445814,-0.0909038733393244
"P16157",0.0538379196250087,-0.274194993671156
"P16284",-0.0081004068140853,-0.0559806975672981
"P16401",-0.0795996993009744,-0.186007656122303
"P16452",0.0490317076188447,-0.227545546816811
"P16671",0.122446575243092,0.0300160101153892
"P16871",0.0830963789073138,0.0154696885115495
"P16949",0.0227844499761147,-0.0360463217658999
"P17301",0.0721882876615396,0.0120062863330883
"P17655",0.239737847156958,0.101800074134228
"P17844",-0.113108920783418,0.0875602774666984
"P17858",0.00983471621785359,-0.0840154747851027
"P17900",0.0738868546827876,0.0250240945656284
"P17927",0.0179717419289105,-0.0400810863549435
"P17931",0.126302567044836,0.084030582751919
"P17936",0.325997573033842,0.274148365807434
"P17980",0.00902970965191852,-0.130219250321028
"P17987",0.0830010421038798,-0.0344918861175305
"P18065",0.152397857319254,0.219242406529276
"P18085",0.0812234614375003,0.032357355790813
"P18124",0.0460503659045681,-0.0463258982355992
"P18206",0.0157856271921268,-0.0313212808020271
"P18428",0.25893619123773,0.16423532717778
"P18564",0.145325740164472,0.0649146980627151
"P18577",0.0814243989906203,-0.121547972371957
"P18669",-0.0576114121282885,-0.143267353599434
"P18827",-0.165888049836783,-0.259329514421754
"P19013",-0.100225978437059,0.0401109897133125
"P19021",0.215958281612272,0.143880894540025
"P19022",0.11855941619698,0.169808464478908
"P19256",0.165286751445507,0.0925092956379974
"P19320",0.14856410638949,0.092358590656092
"P19338",0.0570723523679941,0.00996671810532845
"P19367",0.406784056257018,0.38340491577139
"P19652",0.48060367741091,0.418184525778186
"P19823",0.105142832538597,0.0765218485320283
"P19827",0.0617190652542803,0.0369695446171505
"P19971",0.0998052439774941,0.0377889624089809
"P20062",0.167542932580267,0.226352597853829
"P20073",-0.0495155659483153,-0.146816396799436
"P20339",0.0670078109993995,-0.0153387791240895
"P20618",-0.00721987789538225,-0.096970057880962
"P20701",0.0547779117080669,0.00820190904553364
"P20774",0.175387908128336,0.141724252934685
"P20810",0.202295271345028,0.0932110953590257
"P20851",0.327374082946532,0.252380024859599
"P20908",0.144019043205629,0.101247153158345
"P20930",0.11910444187218,0.148168007914304
"P21281",0.261627908938571,0.0991886583419399
"P21291",0.0581610276496178,-0.0328327600428278
"P21333",-0.0919538596006451,-0.145717627375262
"P21439",0.0718700078229411,0.00136353666815481
"P21589",0.0183486055768016,-0.0402131766350298
"P21730",-0.0121011928339785,-0.0705017301175115
"P21810",0.0375378143796414,-0.0394195018553791
"P21926",0.0529916394211369,-0.00999158473295836
"P21980",-0.097169897180704,-0.23565635652222
"P22061",-0.00597620435374679,-0.0611021985199667
"P22105",0.180425763655053,0.0698010142058187
"P22223",0.077346987003942,0.058222935576417
"P22234",-0.018348739117557,-0.175208335416309
"P22304",0.0880410560635454,0.0438216677547203
"P22314",-0.25687570307711,-0.363035769226292
"P22352",0.312390846506815,0.179268340694726
"P22392",0.0195259868648101,-0.0470769152849169
"P22466",0.231797799782525,0.0353949796123292
"P22607",0.135519914338147,0.07108998935926
"P22626",0.274104233219836,0.0823414072871813
"P22692",-0.0720090689122266,-0.074820690553647
"P22694",-0.187352254397444,-0.269225420906322
"P22735",-0.119280078328091,-0.047501064966017
"P22792",0.204922740322528,0.166326210802742
"P22891",0.126590647744466,0.0559943469422528
"P23141",0.0859316990865846,0.0619027570155311
"P23142",0.306827687550769,0.17135877464502
"P23229",-0.0310339888893196,-0.0771870256476852
"P23280",0.313994095807076,0.240535784400517
"P23284",0.0526960390229423,-0.012330448113909
"P23327",0.05201472170892,-0.0182221796698521
"P23381",0.0799343073760577,-0.0235786935302524
"P23467",0.0752405949197907,0.0475862975329893
"P23470",0.0921637978509544,-0.0144807885999931
"P23471",0.172356825807354,0.150562101525002
"P23526",0.0413059542157672,-0.0670285821733891
"P23528",-0.0864840584111271,-0.104030883184922
"P23588",-0.507624554158097,-0.558674751340594
"P23634",0.0843734459452232,-0.00665079696045723
"P24043",0.129324830006791,0.0213884428104247
"P24158",-0.0187823384928851,-0.107380584642698
"P24592",0.0602529266796914,0.0975215822791355
"P24593",0.152101375099702,0.235351359879559
"P24666",-0.00341495768770095,-0.138217923173563
"P24821",0.103485156491583,0.0237228323122487
"P24844",0.14453711694954,0.0816705810028679
"P25311",0.166858205340281,0.185991485957889
"P25705",0.141241375642105,-0.0183768199732492
"P25774",0.203463011204844,0.196298516841987
"P25786",-0.0256502376392849,-0.127680178108715
"P25787",-0.178012326158798,-0.312367655870034
"P25788",-0.0623264969856248,-0.142607296476355
"P25789",-0.0879603490951233,-0.200285332482986
"P25815",-0.098983750238415,-0.174420958695222
"P26022",0.141216218110134,0.0505883244236571
"P26038",0.0608844174850312,0.0535796516133402
"P26447",0.0128553701657719,-0.0574943239922963
"P26572",0.254145767907374,0.113498528616043
"P26583",0.0499544647033225,-0.0675183255887521
"P26599",-0.00976197034276005,-0.18231655287601
"P26641",-0.091018343444329,-0.149974028723431
"P26927",0.308274860136232,0.336261001098405
"P27105",-0.0203153392203568,-0.0817504109882936
"P27169",0.167987324005487,0.0802543014760779
"P27348",0.00804077599890896,-0.0788134846720512
"P27482",-0.00603139498612038,-0.067748074410515
"P27797",0.0806425042175452,0.00777358468894818
"P27824",0.165833647115422,0.0584738060211798
"P28066",-0.0139257904924968,-0.115157089072595
"P28070",0.0406960175714692,-0.0961408624447264
"P28072",-0.0628862215485908,-0.121709026119528
"P28074",-0.168708857668456,-0.252413478614489
"P28289",0.188440339866437,-0.0978826444451846
"P28300",0.236631844057907,0.177721924026835
"P28482",0.130613398254242,0.180995704693808
"P28676",0.0846607239211732,-0.0660061912303203
"P28838",0.0221433393530592,-0.0546040797857028
"P28906",0.248828246216961,0.214163070097658
"P29122",-0.183410913155168,-0.235655564953781
"P29144",0.102166874422816,-0.0173644080421003
"P29279",-0.169159959077884,-0.176762124142247
"P29350",0.018201333883888,-0.0800008718991148
"P29401",0.0762403534333869,-0.00591778180386182
"P29508",-0.0122016866902284,0.0191774433682408
"P29622",0.133613191714288,0.0977036779826399
"P29966",0.0729414769786514,0.0361810903357505
"P29992",-0.0345585017031773,-0.118890514064137
"P30040",0.142029789728989,0.0278910511048576
"P30041",-0.142966774757785,-0.262711909361867
"P30043",-0.00402306682339315,-0.134825876125451
"P30044",-0.038216669862666,-0.171821517499316
"P30048",0.126938308530852,0.0145187100718402
"P30050",0.199007667746901,0.026761932977708
"P30085",0.0191415029411557,-0.0879324673765902
"P30086",0.0102138859586258,-0.0143903135400691
"P30101",0.064034491045625,-0.036013205993827
"P30153",-0.00793613562136208,-0.10834279713389
"P30273",0.11169598921691,0.0611783317619548
"P30613",-0.0196204461036906,-0.0699224413432109
"P30626",-0.131035493555435,-0.312894838317415
"P30740",-0.0427675554000686,-0.0585641154793493
"P30990",0.0845954223835719,0.0471852328767373
"P31025",0.106470753019478,0.0617450655733158
"P31146",0.0418340274584352,-0.0258691120012866
"P31151",0.107530511202189,0.0800139551968435
"P31327",0.250125794852694,0.201358075657462
"P31431",-0.133054362525245,-0.159206021709627
"P31939",0.0100301209043394,-0.082477269843336
"P31944",0.109821818588058,0.117538411479948
"P31946",-0.0325309920506474,-0.107296607072488
"P31948",-0.0646058765883559,-0.190851904686367
"P31949",0.0240339745958931,-0.0203259019662241
"P32004",-0.045697165565092,-0.0757016361953315
"P32119",-0.113263040949615,-0.304450815327986
"P32942",0.0100068486511464,-0.0244159609235108
"P33151",0.249609302515486,0.111902870592512
"P33908",0.218154024601802,0.154277737493643
"P34932",0.113235070729326,0.00771123828018183
"P35030",0.106456233706504,0.110789658298902
"P35052",0.163383128693764,0.122204864651044
"P35241",-0.0355457934146042,-0.108158476202998
"P35251",0.277954857316256,0.236446447528234
"P35268",0.103928900416233,-0.0125465776234392
"P35442",-0.0607902285851463,-0.111310862737019
"P35443",0.235904747822067,0.164606338082091
"P35527",0.0602962699985898,0.0940597111855723
"P35542",0.114509097383234,0.142972589053109
"P35555",0.346473947241695,0.212946811441626
"P35579",-0.0958031801177555,-0.156985819490769
"P35611",0.0276375666678526,-0.219061183195033
"P35612",0.193155176478447,-0.156065667721161
"P35613",0.0425428711193998,-0.0186588803452334
"P35625",0.0357382960728128,-0.0272844220972406
"P35749",-0.0842956579113476,-0.0719736462169429
"P35813",0.259627377232056,0.169994055777523
"P35858",0.213945390578138,0.214793159443133
"P35908",0.0340397353897135,0.0614343897235248
"P35916",0.102118214061514,0.0491867159310928
"P35998",0.0206447840232755,-0.158826016967275
"P36383",0.198101418369614,0.117912742432811
"P36578",0.115601661008062,0.0212788487791755
"P36871",0.220472460826874,0.158159749568087
"P36915",0.203376573820946,0.00437213947711879
"P36955",0.149571960495729,0.191378786718438
"P36980",0.156436618393753,0.175229256969079
"P37235",0.0911805653422784,0.0773380197462146
"P37802",-0.0867354975540504,-0.112720427462369
"P37837",-0.080700932860525,-0.154595658721565
"P37840",-0.096826416197155,-0.22928260613886
"P38571",0.132650343965238,0.0839593876006504
"P38606",0.15331004843808,0.0445917716211479
"P38646",0.0908075117810476,-0.127245433056385
"P39059",0.0579039039736671,0.0340795657545865
"P39060",0.0643140295868925,-0.0140805838844891
"P39687",-0.0365030852916579,-0.11579876349486
"P40121",-0.0616110469677427,-0.180443053681132
"P40189",0.251608887661359,0.225528470232973
"P40197",-0.102295051486667,-0.163281729791819
"P40227",0.0522259331225898,-0.0867134904332367
"P40925",-0.0287042231736869,-0.1045779314701
"P40926",0.00486897536320807,-0.0815211257736559
"P40967",0.207330528797343,0.148461609367708
"P41091",0.127157701635092,-0.00470336567687291
"P41218",0.198102160703017,-0.0698460731284927
"P41222",0.14010593029799,0.0787040179731591
"P42025",0.117239472764101,0.0561299436799541
"P42357",0.109674701636501,0.0233319034913313
"P42566",-0.0276161184807089,-0.184435599162032
"P43121",0.164949798480157,0.152575591967318
"P43251",0.131986562092292,0.160774251720943
"P43487",0.0149664104645026,-0.0622146409354016
"P43652",0.378154144018833,0.377792977969088
"P43686",0.0924499595139512,-0.0687775513303901
"P45877",0.131294974024416,0.0724147311231285
"P45974",-0.0232954652825779,-0.145018045782548
"P46060",-0.192715855069602,-0.209427308818839
"P46459",0.146013547071987,0.0273777452984891
"P46783",-0.00958988900551283,-0.223171643509546
"P46940",0.374215146995974,0.410111797063786
"P47755",-0.115179601913125,-0.21916112597231
"P47756",0.153112274684757,0.0831772630287091
"P47929",-0.183524962754509,-0.252431737546088
"P48059",0.063065844134135,-0.0193909476100647
"P48061",0.222665596068104,0.198839126259298
"P48426",-0.125979708301198,-0.221762430348194
"P48454",0.0228855972780249,0.0594383762240298
"P48506",-0.212450849904071,-0.322764199955618
"P48507",0.140621847115411,-0.0166968135922918
"P48643",0.116170023040212,-0.00780487996923274
"P48723",0.0300953275640907,-0.0148543682299005
"P48735",0.249900464641655,0.226855263392508
"P48740",0.170863063316675,0.0312666264373327
"P48960",0.113746762177122,0.0587433837224722
"P49189",0.0554759292832321,-0.0369149188189954
"P49257",0.203835749752519,0.109540237049343
"P49327",0.0321024527023122,-0.0989839767765659
"P49368",0.014823704782712,-0.108557669851677
"P49641",0.0881349019700384,0.0378567661218714
"P49721",-0.095430139329201,-0.231616140815146
"P49746",0.210679904919401,0.15962413985401
"P49747",0.20653404363731,0.109793147341458
"P49773",0.116557042282476,-0.0340670602921076
"P49908",0.0722138530114158,0.119168288494553
"P49913",0.152768980418822,0.173806832796783
"P50148",0.0603889022496888,-0.0148428880830256
"P50225",-0.00367216661875069,-0.112017868096885
"P50238",0.065156974994304,0.0103738221034746
"P50281",0.242573566011558,0.229299372312246
"P50395",-0.105307765562364,-0.160392918682582
"P50502",0.0682263062069968,-0.0207447306041697
"P50552",-0.0520965375064053,-0.115458890583017
"P50570",0.0986817980673695,-0.00800374075748778
"P50591",-0.0350714227075466,-0.0527746067445189
"P50895",0.108722967295826,0.0301365171645802
"P50990",0.0886900091363465,-0.0252134541624036
"P50991",-0.00146445892941927,-0.112193268243804
"P50995",-0.0632371333944484,-0.202117299471498
"P51148",0.129232376259125,0.0657053404296342
"P51149",0.0459120262054995,0.0159403920175425
"P51659",0.10200018523464,0.0342666151362048
"P51665",0.0627808232997804,-0.117945369151197
"P51693",0.00658130813961755,-0.0728112669160286
"P51884",0.161606440761368,0.128726409558762
"P51888",0.134653479042503,0.0577079409264316
"P52209",0.00799850594236418,-0.100014413476085
"P52565",0.00955127999231564,-0.0433530244820286
"P52566",-0.0141023507135323,-0.0949588607026044
"P52907",-0.0166670662055797,-0.0979878440927031
"P52943",0.142297101478972,0.0758892013536041
"P53004",-0.0287447620847487,-0.171476707064239
"P53367",-0.325992255156242,-0.411746386472171
"P53396",-0.0386949021623852,-0.17825401385884
"P53621",0.00691200180713203,-0.106870253852907
"P53634",0.12737939355889,0.116604449424404
"P53675",0.163048959208838,0.0868042663392394
"P53990",0.0333389991692297,-0.0149981205992633
"P54105",0.048790866430009,-0.0644958654223036
"P54577",0.00698641444849279,-0.00941618770029429
"P54578",-0.10616442251863,-0.252755635762556
"P54920",0.00946727243074896,-0.0452217102155821
"P55010",-0.120776850949329,-0.195964847628277
"P55056",0.119860485842066,0.218779889279022
"P55058",0.247762702166586,0.171111369165601
"P55060",0.084909488582575,-0.049991106826095
"P55072",-0.0639823604923233,-0.206324957423945
"P55103",0.191134373900626,0.102430347297895
"P55157",0.173542815551197,0.114713866790063
"P55160",0.220566655435949,0.156735455068655
"P55209",-0.0859303227035202,-0.195799961809685
"P55268",0.18606503432698,0.0788024764436122
"P55285",0.334517535667018,0.195028776009256
"P55287",0.274808538196716,0.168323921867234
"P55290",0.241878634872645,0.104109055386708
"P55291",0.208351304996717,0.115712210190122
"P55786",0.0735510726522515,-0.0441946044772674
"P56199",0.196522365259817,0.123019929123315
"P56715",0.177232794154133,0.105916104963972
"P58166",0.161411421446594,0.099272679090264
"P58335",0.325900030842005,0.277594579061894
"P58546",-0.0559372533474942,-0.121569010572236
"P59768",0.0520076586721245,-0.00800669051214165
"P59998",-0.0345122787830956,-0.0704280968939166
"P60033",0.11859387417193,0.0607922636202058
"P60174",0.010140254033006,-0.116812066055467
"P60520",-0.0620871289066187,-0.155075466858332
"P60660",-0.0706397864927197,-0.117587004496443
"P60709",-0.0953411604668517,-0.155744155296334
"P60842",0.019288906686171,-0.0513957609735076
"P60891",-0.0200201516395282,-0.140106043278914
"P60900",-0.0648553900097424,-0.156273308257605
"P60903",0.0476414271300207,-0.0533831042613357
"P60953",0.0433065188113275,-0.0123526817539599
"P60985",0.144151760284936,0.0473010110901004
"P61006",-0.0625312553851192,-0.126104564148939
"P61019",0.122067994594015,0.072927205182844
"P61020",-0.0628370638731894,-0.11493228061109
"P61026",0.030017284824762,-0.158838610611152
"P61088",0.0280787451697915,-0.0512416069848243
"P61106",0.137624912756394,0.0811075410209341
"P61158",0.0798591760118281,0.0304532623239897
"P61160",-0.0299283975234186,-0.0853370098955768
"P61224",-0.064211475874064,-0.103914789953093
"P61225",-0.164446391003292,-0.251406636387147
"P61586",0.212027577663354,0.198660505379284
"P61604",0.00527518462037513,-0.200373961511378
"P61626",0.0533952877087085,0.0351887080454691
"P61769",0.163388170980008,0.207484775215903
"P61978",-0.029447628372484,-0.180473210046177
"P61981",0.00354531184072648,-0.0497021673881246
"P62081",0.058786317987102,-0.0261555082589195
"P62136",0.17157627586014,0.0812039083091207
"P62191",-0.0768173507149115,-0.21730475203178
"P62195",-0.054144366520247,-0.193947993352473
"P62258",-0.0612412450278637,-0.12136816220066
"P62328",-0.00879473758382687,0.000275334656828718
"P62330",-0.0587625550065258,-0.108874090007083
"P62333",0.0345070373007559,-0.0964206101712559
"P62736",-0.0209504144173174,-0.113766279224848
"P62805",0.00628832034071536,-0.1063701132597
"P62820",0.211298480926339,0.178459659313611
"P62826",-0.155333327353702,-0.223509619231613
"P62834",0.0938988388217634,-0.0314095308146847
"P62879",-0.0571050653391438,-0.0928941591622081
"P62906",0.0129774753879044,-0.0928427142427415
"P62937",-0.0424141880704649,-0.0927002589655483
"P62942",-0.0574336246824672,-0.135174415808484
"P62979",-0.00937529659152325,-0.0533180246613387
"P62993",-0.0559577025644833,-0.082050745930677
"P63000",-0.141803637790824,-0.18322850882598
"P63010",0.111983271513029,0.0453995165877705
"P63104",-0.0674933689564448,-0.127317225116046
"P63208",0.0269401994999567,-0.0380126550026372
"P63218",0.0577506536147396,0.0348568605968236
"P63241",-0.0894603273511745,-0.125168889757672
"P63313",0.0637841597023918,0.00933836597131155
"P67775",0.165163920594235,-0.013242821908019
"P67936",-0.21390511177694,-0.223155401483004
"P68036",-0.0659533550002642,-0.154726234298883
"P68104;Q5VTE0",-0.00110524768562215,-0.0917878551385183
"P68363",-0.163380013845551,-0.248925606233824
"P68366",-0.0945155714790271,-0.196609899470559
"P68371",-0.0159124440901675,-0.130086321756197
"P68402",-0.0198443012996457,-0.125551044931802
"P68431",0.0126613884983922,-0.109272881418166
"P68871",-0.0409405944356749,-0.127315240539275
"P69891",-0.0174707309654352,-0.164908743156126
"P69892",-0.15049506793823,-0.228509350696024
"P69905",-0.0908165469487692,-0.225428390673414
"P78324;Q5TFQ8",0.246127388203357,0.301476087151379
"P78371",0.0229520477216179,-0.100497541957844
"P78417",-0.123273373269358,-0.182006163843527
"P78423",0.109009380615575,0.0234558915214418
"P78509",0.216062367422809,0.0303152770260304
"P78527",-0.0028767843478672,0.11068023648731
"P78539",0.220854984444374,0.188946626245029
"P80108",0.210027720095674,0.157040059283892
"P80303",-0.00125961258696883,-0.0666398434803046
"P80511",0.0541240020912239,-0.00302003043646693
"P80723",-0.0247751367099491,-0.0640612263695512
"P80748",0.510818404325217,0.459427484128627
"P81605",0.0810449584970137,-0.0463177621815287
"P84077",0.00547149464197716,-0.0343009316707672
"P84095",0.0472577880835878,0.0245990600724539
"P98066",-0.0545807640155829,-0.0277517411178465
"P98095",0.219968477228482,0.143010700865062
"P98160",0.145200815218711,0.0607964842653992
"P98161",0.179226488822842,0.142565462972353
"P98164",0.460666175262974,0.340013922003742
"Q00013",0.0250366056009366,-0.167943154629594
"Q00610",-0.150598325234181,-0.251621895676704
"Q00839",-0.0320632732944723,-0.0900125406695533
"Q01082",0.205184063965456,-0.0394553913090387
"Q01469",-0.0463711776165709,-0.0154059677982694
"Q01518",-0.100301122374626,-0.116977546422742
"Q01546",0.268511052753164,0.281352810358555
"Q01813",0.108848340694501,-0.0518801161969202
"Q01973",0.20224217267222,0.264199332272565
"Q02413",0.138955812162273,0.111156696962686
"Q02487",0.209380824767162,0.110768405494595
"Q02817",0.13557853822148,0.146660554907167
"Q02818",0.10588894302345,0.0994164440155139
"Q02952",0.241215531480101,0.159030493188034
"Q02985",0.133268998002443,0.142151617516767
"Q03167",0.261026168758024,0.111187958022692
"Q04637",0.0355383943694552,-0.0679623740926099
"Q04695",-0.0688718719647614,-0.0592172572093066
"Q04721",0.0770920496200294,0.046019178433343
"Q04756",0.230680067649374,0.221009995839834
"Q04760",-0.0699475530044662,-0.196076997403615
"Q04917",0.0173243345392766,-0.0556308438978785
"Q05682",-0.0469670010844592,-0.0969292942550481
"Q05707",0.132724579951979,0.0308023961868322
"Q06033",-0.00661078037844476,-0.00200859575367218
"Q06323",-0.0420091701587797,-0.147423393671179
"Q06481",-0.109480569040517,-0.158902053358981
"Q06828",0.143077363794983,0.0933831941490801
"Q06830",-0.103567287755546,-0.256115994834936
"Q07020",-0.0641583371666883,-0.223605698862847
"Q07507",0.0934720142649201,0.0635590682065903
"Q07954",0.312302700874042,0.118937421084119
"Q07960",0.135115571789701,0.063082235798424
"Q08174",0.200087812179589,0.0762035151333684
"Q08188",0.0367964981316948,0.031697339107307
"Q08378",0.203909127613366,0.222284529677388
"Q08380",0.00523001635662723,-0.0712362825073996
"Q08431",0.196567263325031,0.122548126754384
"Q08495",0.0702158558269197,-0.148019040581932
"Q08554",0.193689591454335,0.212021320179124
"Q08629",0.145872652765721,0.0362398494393359
"Q08722",0.463102581812176,0.20855470305376
"Q08830",0.234515561070406,0.14278062621392
"Q09327",0.0859321200000416,0.0111363023013791
"Q09328",0.0876290839767773,-0.0026631359373841
"Q09666",0.0940962973638335,0.0653868234159241
"Q0VD83",0.128628866259632,0.0824506729262477
"Q10469",-0.0138353877160018,-0.138163327340175
"Q10471",0.0985285126270563,0.0630319968859148
"Q10472",0.0443178252548879,-0.0132737051093574
"Q10589",0.00389026429576322,-0.014990292224434
"Q11201",0.232296556545377,0.19342340615612
"Q12797",0.0545099087746035,0.0233767231065372
"Q12805",0.180806003589471,0.028309787534365
"Q12841",0.0101614779878485,-0.0627025089412871
"Q12907",0.0306441996707214,0.0185664978429738
"Q12913",0.158921141694364,0.0663164892708679
"Q13093",0.110472983479992,0.134269959613652
"Q13103",0.178968292512241,0.103123015647164
"Q13177",0.0889710596877284,-0.0239371814787335
"Q13200",0.0295327723822352,-0.0690125318618211
"Q13201",-0.30675453756762,-0.38665045240408
"Q13214",0.0844166149600598,0.068945049332191
"Q13217",0.166101953504205,0.0813066511908627
"Q13228",-0.136478702932653,-0.23938092080159
"Q13247",0.0819294237549446,0.0088810924202587
"Q13316",0.227702332648466,0.170164071985198
"Q13404",0.0362770030808948,-0.0731516795405298
"Q13418",-0.0659294148902099,-0.130368821600561
"Q13421",-0.0992111332035392,-0.105782176977755
"Q13442",-0.00351873373228351,-0.0959473102282793
"Q13444",0.277798790644117,0.161243466531339
"Q13477",-0.0295779616596263,-0.0726563640153213
"Q13526",-0.148918194489289,-0.155768274777737
"Q13576",0.257841728309939,0.132629295887436
"Q13609",0.169185719798337,0.10624946963355
"Q13630",0.0449014058920634,-0.112535229618645
"Q13642",-0.053569421568346,-0.137743816282995
"Q13740",0.271817105827052,0.217524333867525
"Q13790",0.168460970915159,0.136061517662373
"Q13822",0.146736231715836,0.171159558531429
"Q13867",0.0406141337681944,0.0712832233811014
"Q13885",0.0789410945529863,-0.0287949987615281
"Q14019",-0.0171781177625245,-0.0389809345047816
"Q14112",-0.0768060930965948,-0.120399483680316
"Q14118",0.229011481260738,0.163591181071661
"Q14126",0.257674093549955,0.133262690448554
"Q14203",0.223052910887482,0.273501947049477
"Q14204",0.181372892859602,-0.0700114596916306
"Q14213",0.0795574186978021,0.0296725377327371
"Q14242",0.0668637844912823,0.00705118878228994
"Q14247",-0.137963063108012,-0.193163689222134
"Q14254",0.122423802538586,-0.00162181934373606
"Q14344",0.062473303473654,-0.084100354616198
"Q14393",0.386730017275495,0.22249179440098
"Q14515",0.0937022989944705,0.0118296349050429
"Q14517",0.159907439189123,0.0435499988299366
"Q14520",0.154534734356879,0.133656853539186
"Q14554",0.0271021038548955,-0.0430663602711912
"Q14574",0.16958997014301,0.13492412965654
"Q14624",0.293918580310345,0.181679445772758
"Q14644",-0.0150428815029464,-0.017220676466291
"Q14684",0.0322968639937837,0.150936278203892
"Q14696",0.00391318600134571,0.0022636688545763
"Q14697",-0.0373366824283412,-0.0327081157609985
"Q14764",0.105588501924187,0.0179543531912811
"Q14766",-0.192018972183792,-0.280409389760367
"Q14767",0.212247086470407,0.111741297658625
"Q14847",0.0255735463194782,-0.0370400238921249
"Q14956",0.14936048425704,0.0914946000209564
"Q14974",0.0601181969905724,-0.0371162963941654
"Q14C86",0.0351249401150078,-0.130288090549906
"Q15063",0.264032327866444,0.0848177303744801
"Q15084",-0.0795582503696508,-0.137691838371593
"Q15113",0.145908713374478,0.133844531839314
"Q15149",0.284090023042394,0.266772693335543
"Q15166",0.162163956152362,0.117345983668535
"Q15185",0.0207011642426629,-0.0491815262613038
"Q15293",0.109068387185456,0.108788080933367
"Q15365",-0.00280807943974715,-0.097983821926535
"Q15366",0.0109824221194312,-0.0709657404183304
"Q15389",-0.0705697306095363,-0.110355752617034
"Q15404",-0.0667741939076549,-0.127185996978433
"Q15435",0.117704551916327,-0.0368621845296762
"Q15438",0.3000049223232,0.350655848960693
"Q15485",0.283015068601546,0.223453658002539
"Q15517",-0.00647440925499687,-0.0368080116689562
"Q15582",0.102677352744106,0.0251405202565547
"Q15599",0.00701040414282872,-0.0518634510929852
"Q15691",0.092875658813365,0.0120772482478628
"Q15758",0.128801983341598,0.123234541881061
"Q15833",0.0355458145678682,-0.029230349555184
"Q15848",0.16085502274915,0.175739294140402
"Q15904",0.0912680447704179,0.00191278687941754
"Q15907",0.0573031697363398,0.0184869854377077
"Q15911",0.149269534259602,0.158969320289801
"Q15942",-0.0651023204674512,-0.0859491404473331
"Q16181",0.655037821409044,0.889967759087577
"Q16270",0.162446963186476,0.149438991118716
"Q16363",-0.050451495403621,-0.171331383562229
"Q16378",0.269591690822576,0.200353635071968
"Q16401",-0.0855561721961307,-0.183077374611988
"Q16543",0.0676747841377994,-0.00953893457903821
"Q16610",0.184979857671705,0.169510811032861
"Q16627",0.00253268438036613,-0.0327676198486451
"Q16643",-0.0329299245574681,-0.150423884089832
"Q16658",0.485123593170182,0.296163848748399
"Q16706",0.0989086672456168,0.0618739096938974
"Q16775",0.111202627274828,-0.00737128349338789
"Q16851",0.122958434530627,0.0167609135179596
"Q27J81",-0.0513627004467274,-0.186031940529702
"Q3B726",0.451586740640984,0.429640465791374
"Q3SY84",0.0630827802915057,0.109571423031138
"Q3ZCW2",0.00468430194414449,-0.117804687567493
"Q4LDE5",0.321458273659021,0.146106267168578
"Q504Y2",0.206479764331248,0.161446485881168
"Q53EL9",0.249281877329295,0.135212675977618
"Q53H76",0.212258323952154,0.175800594776462
"Q53RD9",0.295904751225832,0.195255192773951
"Q562R1",0.0187400477319386,-0.0575907288569439
"Q5D862",0.143892815300527,0.21831131280894
"Q5H9R7",0.287343349189499,0.125525455861301
"Q5HYC2",0.0338907383315874,-0.0889675655563558
"Q5JRA6",0.277860902942141,0.224225791978201
"Q5JWF2",0.169414584863856,0.076623616612312
"Q5QJ74",-0.121468661885279,-0.000547957375667707
"Q5SYB0",0.321573959603141,0.204186857890043
"Q5SZK8",0.0135955250015165,-0.0836655345545436
"Q5T4S7",0.0162978391176187,-0.0237363413821878
"Q5TDH0",0.217467318353057,-0.072035177694846
"Q5TEC6",0.000998014670976488,-0.101261577833931
"Q5VU65",0.633540276867626,0.563975134144806
"Q641Q3",0.126511030651496,0.17058354510446
"Q658P3",0.194802769418615,0.136888597041176
"Q68DL7",0.206188820680598,0.129594579878928
"Q6AHZ1",0.459100423679859,0.441275149399955
"Q6E0U4",0.177266683543879,0.0511307122072715
"Q6EMK4",0.306529480534664,0.219690983344455
"Q6IAA8",0.114272434174328,0.00569188130860621
"Q6IBS0",0.0281169792401252,-0.0385702879654861
"Q6KB66",0.123343573289032,0.137444970430522
"Q6P3X8",0.273436778499555,0.220609400365644
"Q6P4E1",0.0545237317907468,0.00794165973186445
"Q6P988",0.160324843383847,0.0944567115516275
"Q6PCB0",0.0828708138600192,-0.0347993500908093
"Q6Q788",0.13274883721181,0.103683768390553
"Q6UVK1",0.15943373240564,0.0788864367696789
"Q6UW49",0.0340261706893514,-0.0113000190369235
"Q6UWD8",0.203985319040431,0.169713562053832
"Q6UWP8",0.20681025033044,0.12782215498936
"Q6UX71",0.185661065745023,0.0875250560085892
"Q6UXB8",0.141686976614304,0.0883991862553533
"Q6UXD5",0.108522700100186,0.0809517906410324
"Q6UXH0",0.189141458220996,0.14359929584853
"Q6UXI9",0.117256170567526,0.0917436691499152
"Q6UY14",0.408002693570829,0.27456694817678
"Q6V0I7",0.155907505665203,0.0329817801009824
"Q6X4W1",0.0549571617160733,-0.0761358762359929
"Q6YHK3",0.257375184199189,0.203354245934328
"Q6ZMY3",0.0403710691977039,-0.0359572360451565
"Q6ZN30",-0.0134535553307931,-0.121597136332245
"Q6ZRK6",0.044004549530813,-0.00486558160848283
"Q6ZRP7",0.175290220794309,0.129147474394875
"Q76I76",0.104802894937386,0.000466217546868819
"Q76LX8",0.322803697948558,0.198590238277292
"Q7L014",0.362446184644112,0.344680064058284
"Q7L576",0.0398973760344603,-0.0357648733464018
"Q7L9L4",-0.105100619427565,-0.22043143452209
"Q7LDG7",0.287320272894031,0.104273707424472
"Q7LFX5",0.0916687016790494,0.0238034522375248
"Q7LGC8",0.143748085773474,0.0821038663460172
"Q7Z304",0.135154334333571,0.0527249362989748
"Q7Z3Y7",0.210429545352413,0.208814303847689
"Q7Z4R8",0.192987015027263,0.186136088536997
"Q7Z5L7",0.010115037801679,-0.0400146506476924
"Q7Z6Z7",-0.201321400395515,-0.250547158247825
"Q7Z794",0.74746703976159,0.634202737543024
"Q7Z7G0",0.167009628295183,0.0972083486730018
"Q7Z7M8",0.0423956118178701,-0.017925146089917
"Q7Z7M9",0.157309299409036,0.115747458850586
"Q86SF2",-0.0610713786194799,-0.0772302383738692
"Q86SG5",0.151522838971221,0.112930847625074
"Q86SQ4",0.0589720412094916,-0.010741318522836
"Q86TH1",0.150225754776377,0.0875162899541504
"Q86TY3",0.0113995117105734,-0.0313915967731493
"Q86U17",0.266410080196241,0.235116848150858
"Q86UD1",0.250515337472853,0.188927578959657
"Q86UX2",0.120448457533937,0.0725795660092556
"Q86UX7",-0.123049846238281,-0.166851647790692
"Q86VP6",-0.137529816031778,-0.22292202801551
"Q86WI1",0.0485003237462038,-0.0110142635636219
"Q86X29",0.0961021156524051,0.16014572274919
"Q86Y38",-0.0336082790283072,-0.0867457263587159
"Q86YZ3",0.129383693978703,0.129170423659367
"Q8IUK5",0.128868620585838,0.0635317020800077
"Q8IUL8",0.226197093453185,0.199988699096108
"Q8IUX7",0.130450941397209,0.0759832512773748
"Q8IVW4",-0.00138556738768791,0.0975388505211665
"Q8IWE2",0.352175528073697,0.255192705850612
"Q8IWU5",0.206392682243828,0.10993742006171
"Q8IXL6",0.024285722408659,0.029116599203066
"Q8IYI6",0.0374388299712294,-0.0648934024696679
"Q8IZA0",0.10825623143039,0.14590198960628
"Q8IZF2",0.0887987214682067,0.02790983968797
"Q8IZP7",0.0635070121149486,0.0126625071456168
"Q8IZP9",0.238296048462248,0.164433990045787
"Q8IZS8",0.191551499387984,0.138986520849743
"Q8N128",0.0732407475057562,0.0509332414654189
"Q8N1N4",0.103992825563243,0.124605636405876
"Q8N257",0.0456169383923566,-0.0411698801508162
"Q8N307",0.12440736295186,0.0408760152379557
"Q8N3T1",0.16952268111196,0.0944861845106058
"Q8N8M0",0.104990654630434,0.0634840908333203
"Q8NBJ4",0.152695016291,0.109108400456645
"Q8NBJ7",0.0586810574106664,0.0736341189494567
"Q8NBP7",0.207282981818146,0.119293102907909
"Q8NBS9",0.0952310184157241,-0.0035426610967555
"Q8NCH0",-0.0116616573838577,-0.0154075024402784
"Q8NDA2",0.251725448629857,0.13994962864741
"Q8NEH6",0.240234851315835,0.200803174840601
"Q8NFL0",0.173479752226986,0.10889362929999
"Q8NFU4",0.0423168872432775,0.0428675010901092
"Q8NG11",0.152667799410862,0.0912325938996412
"Q8NI51",-0.271811646185181,-0.249020449127197
"Q8NI99",0.239395026159841,0.0566279086609285
"Q8TB73",0.306058690130355,0.266067585309443
"Q8TC71",-0.35997134811071,-0.230994839898601
"Q8TD06",0.182592597713374,0.212002212183188
"Q8TDL5",0.21003350092483,0.246816143121416
"Q8TER0",0.28467919168852,0.208682429287592
"Q8WUA8",0.148180703314049,0.108351651031031
"Q8WUJ3",0.213557310018384,0.0800750709807456
"Q8WUM4",0.0756896172731807,0.0332473464584684
"Q8WUT4",0.0659725473277284,0.00543665774514679
"Q8WVN8",-0.0775863628530598,-0.236658501580838
"Q8WVV4",0.0282149471356021,0.0174756377953456
"Q8WWA0",0.189441029072066,0.126380732223085
"Q8WWV6",0.184080074704548,0.125234073259676
"Q8WWZ8",0.537974671462804,0.285984342534539
"Q8WXI7",-0.0811694533049936,-0.0679360988461708
"Q8WZ42",0.0230641752208971,-0.025684802825598
"Q92187",0.0752675317918214,0.050065979904879
"Q92496",0.196053028825313,0.205575361262969
"Q92530",0.126423129228698,-0.0248666462105476
"Q92563",0.137584820202852,0.103607554337987
"Q92614",-0.0788161604316464,-0.0579277280706272
"Q92688",-0.0484858811208024,-0.153779818798727
"Q92696",0.116022251179542,0.0570469990755011
"Q92743",0.202210365595747,0.134055928967866
"Q92752",0.160120923853356,0.050492432576454
"Q92765",0.202720214742493,0.195768815956463
"Q92820",0.0618649899226043,0.0904423122539155
"Q92823",0.108156114874857,0.0562529761254726
"Q92859",0.0811901729226729,0.0310652440545596
"Q92882",0.0897895629436665,-0.0642350529847668
"Q92930",0.00409535805234018,-0.0431286801646866
"Q92954",0.230818313763978,0.100075423029683
"Q93008",-0.00861740384943932,-0.158108525517759
"Q93084",-0.207956282785926,-0.297175475212796
"Q93098",-0.0654409859408318,0.12359782511453
"Q969P0",-0.0353467378835388,-0.0817003008086727
"Q96AP7",-0.0780355786639442,-0.163167012272378
"Q96AQ6",0.168528897810887,0.0769014381294753
"Q96C19",-0.0493155293693244,-0.0735155838459587
"Q96CW1",0.0478653977480654,-0.0937291382163323
"Q96CX2",0.10763066781159,0.0171815037268814
"Q96DA0",0.111633623965348,0.0621035242861847
"Q96DR8",0.0314240847175231,-0.227286413472407
"Q96EE4",0.193094733046598,0.126248346368339
"Q96FZ7",-0.0971234951363522,-0.18067568189357
"Q96GI7",0.178753696550359,0.0978753874971705
"Q96GW7",0.053162606636084,-0.023527052275842
"Q96H15",0.135036638084712,0.0814543520627726
"Q96IY4",0.283058318481842,0.267712831664285
"Q96IZ5",-0.141370759470368,-0.0833830014458954
"Q96J42",0.0865433553070467,0.00496681827305778
"Q96JI7",0.294957318810948,0.248539202740099
"Q96JM4",0.0604124643572828,0.0445655172384569
"Q96JP9",0.0408690987573133,0.0771313824242599
"Q96JQ0",0.313363688210028,0.150279256549988
"Q96K76",0.126372940320859,-0.0447546876823077
"Q96KN2",0.209519766724117,0.0863103056394561
"Q96KP4",-0.0561461902248617,-0.185855579628207
"Q96L46",0.100410239168831,0.016743650315016
"Q96M27",0.105983217164048,0.0461414382538825
"Q96MF2",-0.0885225114950341,0.0389372076259189
"Q96MT3",0.284259017108004,0.257799298559016
"Q96MY7",0.100554497621379,-0.0186773316598199
"Q96NZ9",0.0282054482128906,0.0729996187208553
"Q96P63",0.256790877936487,0.303511033806211
"Q96P67",-0.0205531788959217,-0.138661553121619
"Q96P70",0.0755185474307876,-0.0646842485916306
"Q96PC5",0.067276379002247,-0.0351626430073217
"Q96PD5",0.354389910509507,0.250491979439975
"Q96PL1",0.379971932073847,0.42820786560627
"Q96PL5",0.198894564487003,0.122828390607845
"Q96PX8",0.166029649174664,0.0726778500780902
"Q96Q06",0.188019137067572,0.164775472773499
"Q96QA5",0.0599912038255139,0.0364816407263806
"Q96QR1",0.0598818146768245,0.0782631897990402
"Q96S96",0.0702201416884733,0.120320396462496
"Q96TC7",0.12148033066457,0.0441853884704333
"Q99435",0.23205670935018,0.204423680224394
"Q99439",-0.0745317455155892,-0.128071124519318
"Q99459",0.189469072768834,0.202696205827165
"Q99460",0.0512370969312022,-0.0148345675197836
"Q99497",-0.125169111261998,-0.195063742053616
"Q99536",0.0293710711947206,0.00653062737992371
"Q99542",0.11686743456165,0.0351121777460204
"Q99715",0.157285414380111,0.0954930747089655
"Q99733",-0.0674953738749302,-0.189575080366359
"Q99784",0.303083787875771,0.239089054714134
"Q99832",0.00876960623719558,-0.14924814460661
"Q99895",0.162347090267303,0.204386045393948
"Q99969",0.129468163213893,0.161140657951401
"Q99972",0.180693164921824,0.0878721724598943
"Q99983",0.244043898517971,0.169637127835047
"Q99996",-0.152692065178565,-0.181158018506308
"Q9BQE5",0.29804395551324,0.301498538530224
"Q9BQS7",0.138528324013997,0.00988705292220082
"Q9BRK5",0.169750552059513,0.0922306139550688
"Q9BS26",-0.121284077429229,-0.133520236189534
"Q9BSL1",0.0169804452005113,-0.120108677150881
"Q9BTT0",0.140204340246677,-0.0139760900428891
"Q9BU40",0.328026319213551,0.31487074404378
"Q9BUD6",0.164667989191715,0.0662896366041146
"Q9BUF5",-0.0809144725802859,-0.209723508410036
"Q9BUL8",0.096366622331356,0.00171040280794443
"Q9BUN1",-0.0871959442703503,-0.145445971973588
"Q9BV94",0.119712866352026,0.0318666677828432
"Q9BWP8",0.198662943527445,0.0437533493121585
"Q9BWS9",0.284574940146767,0.259686025993067
"Q9BX67",0.00214568137640647,-0.0650623943564206
"Q9BX97",0.00688154870658408,-0.0270958998815178
"Q9BXN1",0.172836742490187,0.11127279889369
"Q9BXR6",0.20638602840614,0.184395312360104
"Q9BXT2",0.0148565371981224,0.0604493062873459
"Q9BXX0",0.0677994301553664,-0.00526873120374383
"Q9BY67",0.110355281302615,0.0608229654601598
"Q9BY76",0.259293388894328,0.209375933603463
"Q9BYE9",0.228680608186405,0.0970183270032763
"Q9BYH1",0.148091260845334,0.0833686809612768
"Q9BYJ0",0.349889407923625,0.286925007024172
"Q9BZE9",0.18559464754045,0.0882264321395603
"Q9BZQ8",0.0915943166826345,-0.0304034263550399
"Q9C075",0.0878766497881633,0.0708951874748216
"Q9C0C9",-0.108846991411454,-0.262642342410139
"Q9GZM7",0.15530389177631,0.103569057283536
"Q9H0B8",0.225980213056297,0.0631225488119673
"Q9H0U4",0.0295535942910945,-0.030655771150931
"Q9H159",0.165666721869211,0.0673934235029865
"Q9H173",0.121058761454154,0.0888911818037528
"Q9H1B5",-0.197223626493084,-0.27381088870159
"Q9H1Z8",0.119619585805794,0.118716584388098
"Q9H251",0.112779700661704,0.020970490064439
"Q9H299",0.0484833172655303,-0.00713686878265207
"Q9H2K2",0.0189482488255983,0.0292353498821019
"Q9H2X3",0.243836631393981,0.177106337062188
"Q9H3G5",0.0553017097160282,0.0267062288465194
"Q9H4A9",0.134774020266098,0.113309677255327
"Q9H4B7",-0.0900544983393274,-0.183361994017044
"Q9H4G4",0.164108286420516,0.101436046066436
"Q9H4M9",0.0614470229469575,-0.0331205270743968
"Q9H5I5",0.0714228772282972,0.011042453140691
"Q9H6X2",0.364567462551566,0.316562052954728
"Q9H8J5",0.175375416106265,0.120529871877805
"Q9H8L6",0.374462799030914,0.279027453262216
"Q9HBB8",0.038613039857502,0.0634919171317394
"Q9HBI1",-0.0562124587687229,-0.118578900751817
"Q9HBW9",0.28528656385051,0.235171502097128
"Q9HC84",0.311206456154325,0.32782388776004
"Q9HCB6",0.223941398245754,0.157330974347895
"Q9HCL0",0.130751799171897,0.0161072200799612
"Q9HCM3",0.114331774362523,0.0514961180390863
"Q9HCN6",0.0408829570122489,-0.0461300633530151
"Q9HCU0",0.212036148656479,0.130986181607962
"Q9HDC9",0.28820399762972,0.173985613980342
"Q9NP55",-0.0545469280355411,-0.0300432575651577
"Q9NP58",-0.147725446012963,-0.236077218882263
"Q9NP72",0.147192226157977,0.0813255952132881
"Q9NP78",0.404787977795261,0.295719578003027
"Q9NPA2",0.00866549548007534,-0.0239676148661445
"Q9NPG4",0.192463844672409,0.0913296094569063
"Q9NPH3",0.200756518449474,0.158691137046919
"Q9NPY3",0.172033911590004,0.073795327931677
"Q9NQ30",0.0716680819356004,-0.0111206925573484
"Q9NQ38",0.210199893043088,0.201319129702885
"Q9NQ76",0.107987697426246,0.190511066121656
"Q9NQ79",0.251469013092231,0.178614143574768
"Q9NQH7",0.0934291279695021,0.00449406688287191
"Q9NR34",0.0313424077006648,-0.0506223627410112
"Q9NR99",0.139294052904992,0.0921649580443447
"Q9NRA1",0.148264280310137,0.120848130358223
"Q9NRB3",0.0921780856540764,0.0076298768857832
"Q9NRW1",-0.00737011614552685,-0.158854285208657
"Q9NRY5",-0.02699243289275,-0.126885830724956
"Q9NS62",0.026229235580649,-0.0466119184834568
"Q9NS73",0.152411110728734,0.0784977200501782
"Q9NSC7",-0.065031854656481,-0.133120646275749
"Q9NT22",0.224613888696108,0.10832201926083
"Q9NT62",-0.0607357070989538,-0.176075581264137
"Q9NTK5",-0.103677758016839,-0.179997188922279
"Q9NUQ9",-0.127380280799831,-0.178042718367444
"Q9NY65",0.108661322018929,-0.0589592329543454
"Q9NY97",0.17025314918086,0.119932367482381
"Q9NYQ6",0.121418767857513,0.0382410069849346
"Q9NYQ8",0.288819582680857,0.170332253882044
"Q9NYU2",-0.00846576723639103,-0.0703190908420588
"Q9NZ08",-0.0063955594164451,-0.172905957291388
"Q9NZ53",0.198565335743357,0.13309953604222
"Q9NZD4",0.0684336442474134,-0.025276594545387
"Q9NZN3",0.0512549625816341,-0.0114421209993854
"Q9NZP8",0.252541156848832,0.225029858350657
"Q9NZT1",0.0323124591477164,0.0382237798111085
"Q9UBE0",0.408603909623521,0.341139914305183
"Q9UBP0",0.211256009452523,0.270860673270251
"Q9UBP4",0.0798393798069537,0.000744336496552478
"Q9UBQ6",0.211055570021632,0.150956632374591
"Q9UBQ7",0.143436005177769,0.0791120366678477
"Q9UBS3",0.172961842098339,0.163734828222877
"Q9UBS4",-0.1804399570394,-0.202091288022646
"Q9UBS9",0.151799770817794,0.0903774279021015
"Q9UBU3",0.052814883975147,-0.0129410017577722
"Q9UBV8",0.131241174322923,-0.0541619056996803
"Q9UBW5",0.0203178600709943,-0.0524433111494691
"Q9UBX1",0.18890395532102,0.118596234935855
"Q9UBX5",0.111285543669497,-0.0557809595842205
"Q9UBX7",0.109153601727408,-0.017619341746137
"Q9UGM3",0.242114275867163,0.16566392257797
"Q9UGM5",0.103665643333674,-0.00772701212565252
"Q9UHC1",-0.115942133101449,-0.177697798899253
"Q9UHF0",0.0415934635209982,0.0390652093857256
"Q9UHG3",0.189462494952842,0.19014431930095
"Q9UI15",-0.0457217299926143,-0.13534776514074
"Q9UIQ6",0.256030561937963,0.20021695795619
"Q9UJJ9",0.253992572900932,0.176756740198249
"Q9UJU6",-0.151911014234303,-0.258568552154898
"Q9UK55",0.183720429260095,0.0910051673392243
"Q9UKM7",0.0462216936805664,-0.0474772826455467
"Q9UKN7",-0.197102628753877,-0.163197662911438
"Q9UKU9",0.316201618796176,0.174254607495161
"Q9UKX5",0.264789491724084,0.223070076534417
"Q9UKZ9",0.162137202381279,0.111482542017184
"Q9UL25",0.156561608615799,0.0942996591165697
"Q9UL46",-0.0233313443100851,-0.104119222477269
"Q9ULF5",0.0360087413590637,-0.108388236428983
"Q9ULI3",0.0676128723235951,0.0383875853065536
"Q9ULV4",-0.103877386881852,-0.290201172182929
"Q9UN70",0.242211014146015,0.147521111695438
"Q9UNM6",0.00709971059680647,-0.0784162972406355
"Q9UNW1",0.198893281347257,0.108494784977903
"Q9UPN7",-0.137584915770365,-0.236943243783768
"Q9UQ16",0.169995576833775,0.0889248160336971
"Q9UQ53",0.0196016194954334,-0.0740783754552936
"Q9UQ80",0.00510496707774166,-0.0365520373564063
"Q9Y240",0.125374222112216,0.0440893466522709
"Q9Y251",-0.147302869266277,-0.199199675952855
"Q9Y274",0.0211738295920494,-0.0456703796943074
"Q9Y2V2",-0.0308191871560304,-0.114974231978055
"Q9Y376",0.0133072602753233,-0.0010230210550608
"Q9Y490",-0.0967455418048448,-0.126597083733268
"Q9Y4E8",-0.0458112686685332,-0.167306604186763
"Q9Y4F3",0.122991099849653,0.0989783610934794
"Q9Y4L1",0.226201315385074,0.164030109686026
"Q9Y543",0.135985204074473,0.072780076537402
"Q9Y566",-0.232283457407947,-0.204842849649507
"Q9Y5C1",0.170637549356828,0.146348960918466
"Q9Y5X9",0.390940972296345,0.361102335945901
"Q9Y5Y7",0.16608806568428,0.0690059890485486
"Q9Y624",0.181344015920351,0.0909495485410776
"Q9Y625",0.150399162345435,0.0748563529303077
"Q9Y646",0.272420519037343,0.209812909995302
"Q9Y696",-0.00585297227706238,-0.014833553128069
"Q9Y6B6",0.0244311709397724,-0.0385646936822308
"Q9Y6C2",-0.0156171975024773,-0.0677111248853617
"Q9Y6E0",0.12423484534223,-0.0267333814250552
"Q9Y6R7",0.21609220000652,0.128730795589701
"Q9Y6W5",0.148106862937116,0.0955803152295349
"Q9Y6Z7",0.189132888674459,0.0298329456636264
