"UniqueSampleID","TREAT1_clean","condition","group","MS_batch_proxy","observed_proteins","missing_pct","log2_median","log2_q25","log2_q75","log2_iqr","median_norm_median","median_shift_applied"
"20250913_FJ_QZ_Q3","low","high_temperature","FJ_QZ","20250913",1391,2.99860529986053,9.61189967823526,8.173748026635,11.5981618625017,3.42441383586674,9.24236058272132,-0.369539095513941
"20250913_FJ_QZ_Q4","control","high_temperature","FJ_QZ","20250913",1421,0.906555090655509,9.48270432979232,8.13879753483813,11.3393786679571,3.20058113311899,9.24236058272132,-0.240343747070996
"20250913_FJ_QZ_Q12","control","high_temperature","FJ_QZ","20250913",1370,4.46304044630404,9.42799728938721,7.92494301588683,11.3688621344346,3.44391911854775,9.24236058272132,-0.185636706665885
"20250913_FJ_QZ_Q13","control","high_temperature","FJ_QZ","20250913",1331,7.18270571827057,9.18726764052311,7.60274880389328,11.2653540050287,3.66260520113545,9.24236058272132,0.0550929421982147
"20250913_FJ_QZ_Q14","control","high_temperature","FJ_QZ","20250913",1418,1.11576011157601,9.73089905055955,8.35297547239562,11.7478635878056,3.39488811540993,9.24236058272132,-0.488538467838227
"20250913_FJ_QZ_Q15","control","high_temperature","FJ_QZ","20250913",1396,2.64993026499303,9.42889546051473,8.02824731329148,11.3030748026492,3.2748274893577,9.24236058272132,-0.186534877793411
"20250913_FJ_QZ_Q16","control","high_temperature","FJ_QZ","20250913",1366,4.74198047419805,8.8853029098941,7.43627835101666,10.9651312583713,3.52885290735468,9.24236058272132,0.357057672827223
"20250913_FJ_QZ_Q18","control","high_temperature","FJ_QZ","20250913",1402,2.23152022315202,9.56727125012651,8.26430807602269,11.531429024123,3.26712094810026,9.24236058272132,-0.324910667405186
"20250913_FJ_QZ_Q20","control","high_temperature","FJ_QZ","20250913",1398,2.51046025104602,9.73434321135186,8.24092780257124,11.5938022718452,3.35287446927399,9.24236058272133,-0.491982628630533
"20250913_FJ_QZ_Q21","control","high_temperature","FJ_QZ","20250913",1397,2.58019525801953,9.27338727295965,7.80762780814571,11.4164993848172,3.6088715766715,9.24236058272132,-0.0310266902383223
"20250913_FJ_QZ_Q22","control","high_temperature","FJ_QZ","20250913",1408,1.81311018131102,9.31593716178085,7.9623172092952,11.2632754535962,3.30095824430101,9.24236058272132,-0.0735765790595266
"20250913_FJ_QZ_Q23","control","high_temperature","FJ_QZ","20250913",1374,4.18410041841004,8.96983962454218,7.66215970964995,10.9558317501912,3.29367204054128,9.24236058272132,0.272520958179141
"20250913_FJ_QZ_Q25","control","high_temperature","FJ_QZ","20250913",1407,1.88284518828452,9.67990828450333,8.26482767875935,11.5818592618091,3.31703158304972,9.24236058272132,-0.437547701782011
"20250913_FJ_QZ_Q26","control","high_temperature","FJ_QZ","20250913",1412,1.53417015341702,9.63391536951395,8.22831171373395,11.4745525125901,3.24624079885614,9.24236058272132,-0.39155478679263
"20250913_FJ_QZ_Q27","control","high_temperature","FJ_QZ","20250913",1418,1.11576011157601,9.74986099847377,8.25801374113465,11.6885616971473,3.43054795601265,9.24236058272132,-0.507500415752444
"20250913_FJ_QZ_Q28","control","high_temperature","FJ_QZ","20250913",1390,3.06834030683403,9.31912688850076,7.96367222649677,11.2564805410669,3.29280831457014,9.24236058272132,-0.0767663057794383
"20250913_FJ_QZ_Q29","control","high_temperature","FJ_QZ","20250913",1400,2.37099023709902,9.5665515752216,8.0706427060247,11.4470546286528,3.37641192262812,9.24236058272132,-0.324190992500272
"20250913_FJ_QZ_Q31","high","high_temperature","FJ_QZ","20250913",1370,4.46304044630404,9.17273626344254,7.80754775156537,11.3797910210919,3.57224326952651,9.24236058272132,0.069624319278784
"20250913_FJ_QZ_Q32","high","high_temperature","FJ_QZ","20250913",1402,2.23152022315202,9.3685551045478,7.87428844664863,11.2682765417851,3.39398809513652,9.24236058272132,-0.126194521826474
"20250913_FJ_QZ_Q33","high","high_temperature","FJ_QZ","20250913",1378,3.90516039051604,9.22276180715236,7.66245820891301,11.2671926417831,3.60473443287009,9.24236058272132,0.0195987755689675
"20250913_FJ_QZ_Q34","high","high_temperature","FJ_QZ","20250913",1389,3.13807531380753,9.32475395856944,7.93903912553869,11.3075699401161,3.36853081457746,9.24236058272132,-0.0823933758481168
"20250913_FJ_QZ_Q36","low","high_temperature","FJ_QZ","20250913",1407,1.88284518828452,9.60600662210091,8.12218678946796,11.4417310886694,3.31954429920142,9.24236058272132,-0.363646039379583
"20250913_FJ_QZ_Q37","high","high_temperature","FJ_QZ","20250913",1370,4.46304044630404,9.61022519219142,8.01462385080895,11.6428108281161,3.62818697730718,9.24236058272132,-0.367864609470093
"20250913_FJ_QZ_Q38","low","high_temperature","FJ_QZ","20250913",1370,4.46304044630404,9.18235848414501,7.79872042927697,11.2633413967184,3.4646209674414,9.24236058272132,0.0600020985763106
"20250913_FJ_QZ_Q39","high","high_temperature","FJ_QZ","20250913",1402,2.23152022315202,9.60054167349143,8.16947257357028,11.5497414253928,3.38026885182247,9.24236058272132,-0.358181090770108
"20250913_FJ_QZ_Q41","high","high_temperature","FJ_QZ","20250913",1421,0.906555090655509,9.67547770958175,8.41742234528262,11.4183230953066,3.00090075002399,9.24236058272132,-0.433117126860427
"20250913_FJ_QZ_Q42","high","high_temperature","FJ_QZ","20250913",1394,2.78940027894003,9.31860086187002,7.78806177076309,11.3924180653461,3.60435629458303,9.24236058272133,-0.0762402791487009
"20250913_FJ_QZ_Q44","low","high_temperature","FJ_QZ","20250913",1362,5.02092050209205,9.36160345266731,7.79937890771612,11.33925661361,3.53987770589388,9.24236058272132,-0.119242869945985
"20250913_FJ_QZ_Q45","low","high_temperature","FJ_QZ","20250913",1367,4.67224546722455,9.09070477164697,7.66249495017457,11.1244010677663,3.46190611759175,9.24236058272132,0.151655811074354
"20250913_FJ_QZ_Q48","low","high_temperature","FJ_QZ","20250913",1285,10.3905160390516,9.01733890066823,7.4661954818554,11.0511488530425,3.58495337118706,9.24236058272132,0.225021682053091
"20250913_FJ_QZ_Q49","low","high_temperature","FJ_QZ","20250913",1417,1.18549511854951,9.62448580767936,8.27577526709865,11.4914498209136,3.21567455381494,9.24236058272132,-0.382125224958035
"20250913_FJ_QZ_Q50","control","high_temperature","FJ_QZ","20250913",1400,2.37099023709902,9.0517199142869,7.75522533699676,10.9444437794958,3.18921844249908,9.24236058272132,0.190640668434426
"20250913_FJ_QZ_Q52","low","high_temperature","FJ_QZ","20250913",1355,5.50906555090655,9.20279491980217,7.61749786130582,11.2383840879917,3.62088622668587,9.24236058272132,0.0395656629191485
"20250913_FJ_QZ_Q54","control","high_temperature","FJ_QZ","20250913",1370,4.46304044630404,8.90709855113271,7.44419011009064,10.8192136244575,3.37502351436685,9.24236058272132,0.335262031588618
"20250913_FJ_QZ_Q55","control","high_temperature","FJ_QZ","20250913",1399,2.44072524407252,9.35762287650823,7.91104167775122,11.4009170806591,3.48987540290789,9.24236058272132,-0.115262293786904
"20250913_FJ_QZ_Q57","control","high_temperature","FJ_QZ","20250913",1374,4.18410041841004,9.27642265479369,7.85764348162691,11.0137857856042,3.15614230397727,9.24236058272132,-0.0340620720723699
"20250913_FJ_QZ_Q58","low","high_temperature","FJ_QZ","20250913",1347,6.06694560669456,9.33133289223026,7.92735753774866,11.4274249112441,3.50006737349548,9.24236058272132,-0.0889723095089412
"20250913_FJ_QZ_Q59","low","high_temperature","FJ_QZ","20250913",1405,2.02231520223152,9.8488708487208,8.43336474528584,11.6620588684341,3.22869412314821,9.24236058272132,-0.606510265999475
"20250913_FJ_QZ_Q60","low","high_temperature","FJ_QZ","20250913",1374,4.18410041841004,8.9524800783855,7.54463848908428,11.0758992667998,3.5312607777155,9.24236058272132,0.289880504335825
"20250913_FJ_QZ_Q61","control","high_temperature","FJ_QZ","20250913",1360,5.16039051603905,8.99943255919637,7.63470544221541,11.0032019856784,3.368496543463,9.24236058272132,0.24292802352495
"20250913_FJ_QZ_Q62","control","high_temperature","FJ_QZ","20250913",1415,1.32496513249651,9.96254171204229,8.71557221272028,11.8516005641158,3.1360283513955,9.24236058272132,-0.720181129320968
"20250913_FJ_QZ_Q63","control","high_temperature","FJ_QZ","20250913",1395,2.71966527196653,9.66449925946035,8.18941531644584,11.4302870635593,3.24087174711345,9.24236058272132,-0.42213867673903
"20250913_FJ_QZ_Q65","control","high_temperature","FJ_QZ","20250913",1377,3.97489539748954,9.49037974471881,8.03449438899457,11.4595855817985,3.42509119280391,9.24236058272132,-0.248019161997489
"20250913_FJ_QZ_Q66","low","high_temperature","FJ_QZ","20250913",1421,0.906555090655509,9.92550273769064,8.42242541333558,11.668436850428,3.24601143709237,9.24236058272132,-0.683142154969312
"20250913_FJ_QZ_Q67","low","high_temperature","FJ_QZ","20250913",1377,3.97489539748954,9.80569851567435,8.36655260673858,11.7854041742321,3.41885156749353,9.24236058272132,-0.563337932953027
"20250913_FJ_QZ_Q68","control","high_temperature","FJ_QZ","20250913",1366,4.74198047419805,9.21649369324764,7.88440504472469,11.1289514780316,3.2445464333069,9.24236058272132,0.0258668894736793
"20250913_FJ_QZ_Q69","control","high_temperature","FJ_QZ","20250913",1299,9.41422594142259,8.70710473990698,7.25069511712071,10.6606034712055,3.40990835408482,9.24236058272132,0.53525584281434
"20250913_FJ_QZ_Q70","control","high_temperature","FJ_QZ","20250913",1417,1.18549511854951,9.64840717731045,8.34743551502232,11.5734729156599,3.22603740063762,9.24236058272132,-0.40604659458913
"20250913_FJ_QZ_Q71","control","high_temperature","FJ_QZ","20250913",1400,2.37099023709902,9.64912886701378,8.19150324966472,11.5955303271414,3.40402707747672,9.24236058272132,-0.406768284292456
"20250913_FJ_QZ_Q72","low","high_temperature","FJ_QZ","20250913",1329,7.32217573221757,9.5721933146204,8.1088732851493,11.4437080822657,3.33483479711643,9.24236058272132,-0.329832731899081
"20250914_FJ_FQ_F47","low","high_temperature","FJ_FQ","20250914",1401,2.30125523012552,9.41366730797465,7.86922312639878,11.2540305068647,3.3848073804659,9.24236058272132,-0.171306725253327
"20250914_FJ_FQ_F51","low","high_temperature","FJ_FQ","20250914",1407,1.88284518828452,9.77132624597702,8.23820641676819,11.7647854767905,3.52657906002233,9.24236058272132,-0.528965663255699
"20250914_FJ_FQ_F53","control","high_temperature","FJ_FQ","20250914",1403,2.16178521617852,9.49555509608149,8.00299358059843,11.4045362876434,3.40154270704493,9.24236058272132,-0.253194513360166
"20250914_FJ_FQ_F54","low","high_temperature","FJ_FQ","20250914",1410,1.67364016736402,9.45358186157996,8.05185922396764,11.4391090255522,3.38724980158455,9.24236058272132,-0.211221278858636
"20250914_FJ_FQ_F55","high","high_temperature","FJ_FQ","20250914",1417,1.18549511854951,9.90370783906659,8.26680054939554,11.9719917410043,3.70519119160873,9.24236058272132,-0.661347256345268
"20250914_FJ_FQ_F56","control","high_temperature","FJ_FQ","20250914",1405,2.02231520223152,9.8246040493641,8.27097066164669,11.7725013454134,3.50153068376674,9.24236058272132,-0.58224346664278
"20250914_FJ_FQ_F57","low","high_temperature","FJ_FQ","20250914",1428,0.418410041841004,10.061486743946,8.70531728259734,11.8755579149599,3.17024063236253,9.24236058272132,-0.819126161224693
"20250914_FJ_FQ_F58","high","high_temperature","FJ_FQ","20250914",1387,3.27754532775453,9.17133945751876,7.5242039516746,11.1323488449734,3.60814489329878,9.24236058272132,0.0710211252025648
"20250914_FJ_FQ_F62","high","high_temperature","FJ_FQ","20250914",1373,4.25383542538354,9.52086286448375,8.03064272305377,11.4956240161602,3.46498129310639,9.24236058272132,-0.278502281762425
"20250914_FJ_FQ_F66","control","high_temperature","FJ_FQ","20250914",1400,2.37099023709902,9.5135497008536,7.95668302672569,11.5798641610703,3.62318113434461,9.24236058272132,-0.271189118132275
"20250914_FJ_FQ_F69","high","high_temperature","FJ_FQ","20250914",1363,4.95118549511855,9.22426390147522,7.76869718884663,11.2865572504259,3.51786006157929,9.24236058272132,0.0180966812461065
"20250914_FJ_FQ_F70","control","high_temperature","FJ_FQ","20250914",1414,1.39470013947001,9.79581393626648,8.16688408062779,11.7059558202617,3.53907173963395,9.24236058272133,-0.553453353545153
"20250914_FJ_FQ_F71","high","high_temperature","FJ_FQ","20250914",1352,5.71827057182706,9.21290884459626,7.65407603234816,11.2307898653847,3.57671383303652,9.24236058272132,0.0294517381250614
"20250914_FJ_FQ_F72","low","high_temperature","FJ_FQ","20250914",1392,2.92887029288703,9.69590968573859,8.17005279608938,11.7553025232899,3.58524972720054,9.24236058272132,-0.45354910301727
"20250914_FJ_FQ_F74","low","high_temperature","FJ_FQ","20250914",1359,5.23012552301255,9.60578084081885,8.01881560672834,11.6709153422351,3.65209973550674,9.24236058272132,-0.363420258097523
"20250914_FJ_FQ_F75","high","high_temperature","FJ_FQ","20250914",1420,0.97629009762901,9.90419563497056,8.35559952336827,11.7711415891144,3.41554206574618,9.24236058272133,-0.66183505224924
"20250914_FJ_FQ_F77","low","high_temperature","FJ_FQ","20250914",976,31.9386331938633,9.2918281633401,7.77415068148559,11.917578540308,4.14342785882244,9.24236058272132,-0.0494675806187725
"20250914_FJ_FQ_F79","high","high_temperature","FJ_FQ","20250914",1383,3.55648535564854,9.34716635664656,7.83377150393686,11.4172454796028,3.58347397566594,9.24236058272132,-0.104805773925239
"20250914_FJ_FQ_F81","high","high_temperature","FJ_FQ","20250914",1255,12.4825662482566,8.99693209550011,7.39340179417159,11.4890269109977,4.09562511682612,9.24236058272132,0.245428487221211
"20250914_FJ_FQ_F83","low","high_temperature","FJ_FQ","20250914",1393,2.85913528591353,9.62590400013036,8.16352975639107,11.5731145984117,3.40958484202063,9.24236058272132,-0.383543417409038
"20250914_FJ_FQ_F84","low","high_temperature","FJ_FQ","20250914",1399,2.44072524407252,9.59142704073597,7.9633305819947,11.4972795652379,3.53394898324325,9.24236058272132,-0.349066458014644
"20250914_FJ_FQ_F85","high","high_temperature","FJ_FQ","20250914",1309,8.71687587168759,9.54111079865439,7.95161608434957,11.7109916738014,3.75937558945185,9.24236058272132,-0.298750215933071
"20250914_FJ_FQ_F88","high","high_temperature","FJ_FQ","20250914",1326,7.53138075313808,8.75581958805969,7.16830381403619,10.8545149971881,3.68621118315193,9.24236058272133,0.486540994661629
"20250914_FJ_FQ_F89","high","high_temperature","FJ_FQ","20250914",1293,9.8326359832636,9.256528473877,7.68100458021577,11.4992746319688,3.81827005175299,9.24236058272132,-0.0141678911556795
"20250914_FJ_FQ_F93","low","high_temperature","FJ_FQ","20250914",1380,3.76569037656904,9.71966281874538,8.25792333025865,11.55187475187,3.29395142161134,9.24236058272132,-0.477302236024061
"20250914_FJ_FQ_F94","control","high_temperature","FJ_FQ","20250914",1234,13.9470013947001,9.02974241820329,7.50507463270431,11.2057840262184,3.70070939351408,9.24236058272132,0.21261816451803
"20250914_FJ_FQ_F102","high","high_temperature","FJ_FQ","20250914",1390,3.06834030683403,9.53236580172542,8.19896742608163,11.5339104026187,3.33494297653705,9.24236058272133,-0.290005219004096
"20250914_FJ_FQ_F105","high","high_temperature","FJ_FQ","20250914",1393,2.85913528591353,9.80825877622889,8.31420898741525,11.7961931275813,3.48198414016601,9.24236058272132,-0.565898193507566
"20250914_FJ_FQ_F106","high","high_temperature","FJ_FQ","20250914",1385,3.41701534170153,9.66852103490577,8.03481155381649,11.6623448005056,3.62753324668911,9.24236058272132,-0.426160452184449
"20250914_FJ_FQ_F107","low","high_temperature","FJ_FQ","20250914",1418,1.11576011157601,10.1575204593116,8.74804581191085,11.8726361360507,3.1245903241398,9.24236058272133,-0.915159876590282
"20250914_FJ_FQ_F110","high","high_temperature","FJ_FQ","20250914",1386,3.34728033472803,9.69375817802299,8.15341118836458,11.7661537843834,3.61274259601887,9.24236058272133,-0.451397595301662
"20250914_FJ_FQ_F111","low","high_temperature","FJ_FQ","20250914",1354,5.57880055788006,8.79373258118648,7.38577864671463,10.865843690095,3.48006504338041,9.24236058272132,0.448628001534848
"20250914_FJ_FQ_F118","low","high_temperature","FJ_FQ","20250914",1375,4.11436541143654,9.69615475016887,8.18676287743222,11.6835960545249,3.49683317709269,9.24236058272132,-0.453794167447542
"20250914_FJ_FQ_F121","high","high_temperature","FJ_FQ","20250914",1368,4.60251046025105,9.74973096781574,8.25810868540241,11.6722960156294,3.41418733022704,9.24236058272133,-0.507370385094417
"20250914_FJ_FQ_F122","high","high_temperature","FJ_FQ","20250914",1309,8.71687587168759,8.94174104167,7.38480179568141,10.9202957865736,3.53549399089222,9.24236058272132,0.300619541051322
"20250914_FJ_FQ_F123","high","high_temperature","FJ_FQ","20250914",1375,4.11436541143654,9.59140421205647,8.21424933885266,11.5920396853226,3.37779034646991,9.24236058272132,-0.349043629335146
"20250914_FJ_FQ_F124","high","high_temperature","FJ_FQ","20250914",1356,5.43933054393306,9.4100102986639,7.95380360280126,11.6100524463977,3.65624884359641,9.24236058272132,-0.167649715942572
"20250914_FJ_FQ_F125","high","high_temperature","FJ_FQ","20250914",1363,4.95118549511855,9.09923414499035,7.57458848976565,11.0247763255256,3.45018783575998,9.24236058272132,0.143126437730974
"20250914_FJ_FQ_F126","high","high_temperature","FJ_FQ","20250914",1053,26.5690376569038,9.37946641950138,7.69638327363911,11.7989047438353,4.1025214701962,9.24236058272132,-0.13710583678006
"20250914_FJ_FQ_F128","low","high_temperature","FJ_FQ","20250914",1370,4.46304044630404,9.45634788284274,7.86429170863255,11.5473191252224,3.68302741658988,9.24236058272132,-0.213987300121415
"20250914_FJ_FQ_F129","high","high_temperature","FJ_FQ","20250914",1238,13.6680613668061,8.92172762295414,7.36202647485292,11.2582320234526,3.8962055485997,9.24236058272132,0.320632959767179
"20250914_FJ_FQ_F131","control","high_temperature","FJ_FQ","20250914",1319,8.01952580195258,9.21106482590275,7.57349495800964,11.3383203862908,3.76482542828121,9.24236058272132,0.0312957568185777
"20250914_FJ_FQ_F135","high","high_temperature","FJ_FQ","20250914",1325,7.60111576011158,9.4103106893752,7.95114390885288,11.5934004697124,3.64225656085954,9.24236058272132,-0.167950106653873
"20250914_FJ_FQ_F137","control","high_temperature","FJ_FQ","20250914",1400,2.37099023709902,9.56837835956969,8.19878250558716,11.4926170917108,3.2938345861236,9.24236058272132,-0.326017776848365
"20250914_FJ_PT_P2","control","high_temperature","FJ_PT","20250914",1418,1.11576011157601,9.69952498962602,8.40308852667825,11.5273914796511,3.12430295297283,9.24236058272132,-0.457164406904699
"20250914_FJ_PT_P3","control","high_temperature","FJ_PT","20250914",1422,0.836820083682008,9.96542692228453,8.61140366602842,11.7335088601604,3.12210519413197,9.24236058272132,-0.723066339563202
"20250914_FJ_PT_P4","low","high_temperature","FJ_PT","20250914",1428,0.418410041841004,9.97578539153796,8.66843643926241,11.574284198998,2.90584775973562,9.24236058272133,-0.733424808816638
"20250914_FJ_PT_P6","high","high_temperature","FJ_PT","20250914",1425,0.627615062761506,9.6398910171742,8.23437277560176,11.3471481045118,3.11277532891001,9.24236058272132,-0.397530434452873
"20250914_FJ_PT_P7","control","high_temperature","FJ_PT","20250914",1432,0.139470013947001,10.3829977622001,9.05088599755761,12.268511093702,3.21762509614436,9.24236058272132,-1.14063717947873
"20250914_FJ_PT_P8","low","high_temperature","FJ_PT","20250914",1430,0.278940027894003,9.77745710616319,8.46296188341712,11.4578933347141,2.994931451297,9.24236058272133,-0.535096523441863
"20250914_FJ_PT_P9","low","high_temperature","FJ_PT","20250914",1425,0.627615062761506,9.80590541227219,8.50055817927851,11.5806286850977,3.08007050581923,9.24236058272132,-0.563544829550864
"20250914_FJ_PT_P10","low","high_temperature","FJ_PT","20250914",1423,0.767085076708508,9.65229280004664,8.32943375734386,11.4885306188797,3.15909686153584,9.24236058272132,-0.409932217325318
"20250914_FJ_PT_P11","high","high_temperature","FJ_PT","20250914",1429,0.348675034867504,10.4025931481821,9.11339403613144,12.10596763693,2.99257360079859,9.24236058272132,-1.16023256546081
"20250914_FJ_PT_P13","low","high_temperature","FJ_PT","20250914",1419,1.04602510460251,9.54488427329365,8.25663179659019,11.5709812884575,3.3143494918673,9.24236058272132,-0.302523690572324
"20250914_FJ_PT_P15","low","high_temperature","FJ_PT","20250914",1424,0.697350069735007,9.94280378311535,8.58002660583157,11.7193137052832,3.13928709945161,9.24236058272132,-0.70044320039403
"20250914_FJ_PT_P17","high","high_temperature","FJ_PT","20250914",1425,0.627615062761506,10.1350977017578,8.89823399073012,11.9630092902386,3.06477529950852,9.24236058272132,-0.892737119036468
"20250914_FJ_PT_P18","high","high_temperature","FJ_PT","20250914",1408,1.81311018131102,9.65087730564922,8.14025752324146,11.7016398754043,3.56138235216286,9.24236058272132,-0.408516722927894
"20250914_FJ_PT_P19","high","high_temperature","FJ_PT","20250914",1418,1.11576011157601,9.72245554250565,8.14373152942644,11.6225707992075,3.47883926978102,9.24236058272132,-0.480094959784326
"20250914_FJ_PT_P20","low","high_temperature","FJ_PT","20250914",1415,1.32496513249651,9.64716085291541,8.19343595521638,11.516456903744,3.32302094852763,9.24236058272132,-0.404800270194086
"20250914_FJ_PT_P21","high","high_temperature","FJ_PT","20250914",1422,0.836820083682008,9.99899295577274,8.67560458765202,11.7751554547607,3.09955086710865,9.24236058272132,-0.756632373051421
"20250914_FJ_PT_P22","low","high_temperature","FJ_PT","20250914",1384,3.48675034867503,9.25426887192515,7.7280110526162,11.3763243776607,3.6483133250445,9.24236058272133,-0.0119082892038289
"20250914_FJ_PT_P23","low","high_temperature","FJ_PT","20250914",1418,1.11576011157601,9.54277184659576,8.112862024478,11.561936702246,3.44907467776805,9.24236058272132,-0.300411263874439
"20250914_FJ_PT_P24","high","high_temperature","FJ_PT","20250914",1423,0.767085076708508,9.83656385428585,8.33709630434526,11.6709155790259,3.33381927468059,9.24236058272132,-0.594203271564524
"20250914_FJ_PT_P25","low","high_temperature","FJ_PT","20250914",1390,3.06834030683403,8.96297602713341,7.58376732079331,10.7596714343037,3.17590411351037,9.24236058272132,0.27938455558791
"20250914_FJ_PT_P26","high","high_temperature","FJ_PT","20250914",1419,1.04602510460251,9.76404707830545,8.43486364174406,11.4740102027109,3.03914656096687,9.24236058272132,-0.521686495584122
"20250914_FJ_PT_P27","high","high_temperature","FJ_PT","20250914",1421,0.906555090655509,9.93627489059835,8.60472706666596,11.7865500205459,3.18182295387993,9.24236058272132,-0.693914307877023
"20250914_FJ_PT_P29","high","high_temperature","FJ_PT","20250914",1402,2.23152022315202,10.0503064956209,8.563007480524,11.9565338196085,3.39352633908453,9.24236058272132,-0.807945912899568
"20250914_FJ_PT_P30","high","high_temperature","FJ_PT","20250914",1420,0.97629009762901,9.73918453758584,8.37280232742771,11.5177440523024,3.14494172487466,9.24236058272132,-0.496823954864519
"20250914_FJ_PT_P33","high","high_temperature","FJ_PT","20250914",1422,0.836820083682008,10.0016567971584,8.76215361859949,11.6730629492264,2.91090933062695,9.24236058272132,-0.759296214437066
"20251001_FJ_FQ_F83","low","high_temperature","FJ_FQ","20251001",1348,5.99721059972106,9.00861819697842,7.60496390859438,11.1554540186472,3.55049011005286,9.24236058272133,0.233742385742898
"20251001_FJ_FQ_F95","high","high_temperature","FJ_FQ","20251001",1184,17.4337517433752,8.88519271395714,7.34017057856868,11.2794538643689,3.93928328580022,9.24236058272132,0.357167868764185
"20251001_FJ_FQ_F97","high","high_temperature","FJ_FQ","20251001",1354,5.57880055788006,9.20152929123062,7.69207982757457,11.2469692975444,3.55488946996979,9.24236058272132,0.0408312914907025
"20251001_FJ_FQ_F105","high","high_temperature","FJ_FQ","20251001",1158,19.2468619246862,9.20932238606532,7.68716841449813,11.5022987105281,3.81513029603001,9.24236058272132,0.0330381966560065
"20251001_FJ_FQ_F120","high","high_temperature","FJ_FQ","20251001",1346,6.13668061366806,8.64604390063592,7.24837765457989,10.6432283852867,3.39485073070683,9.24236058272133,0.596316682085403
"20251001_FJ_FQ_F136","control","high_temperature","FJ_FQ","20251001",1366,4.74198047419805,8.5699100909479,7.15750048240972,10.5102810669617,3.35278058455198,9.24236058272132,0.672450491773422
"20251001_FJ_FQ_F141","control","high_temperature","FJ_FQ","20251001",1398,2.51046025104602,9.87213904507926,8.36472241056444,11.7818599558669,3.41713754530251,9.24236058272132,-0.629778462357939
"20251001_FJ_FQ_F147","high","high_temperature","FJ_FQ","20251001",1289,10.1115760111576,9.24064577917147,7.61191306974147,11.5642349835043,3.9523219137628,9.24236058272132,0.00171480354984865
"20251001_FJ_FQ_F150","control","high_temperature","FJ_FQ","20251001",1388,3.20781032078103,9.74663613442832,8.27122325658907,11.6749060969483,3.40368284035921,9.24236058272132,-0.504275551707002
"20251001_FJ_FQ_F154","high","high_temperature","FJ_FQ","20251001",1405,2.02231520223152,9.51147543445058,7.99275253568179,11.4117208309812,3.41896829529945,9.24236058272132,-0.269114851729253
"20251001_FJ_FQ_F158","high","high_temperature","FJ_FQ","20251001",1147,20.0139470013947,9.07053110014677,7.63975992564721,11.5308886038236,3.89112867817641,9.24236058272132,0.171829482574553
"20251001_FJ_FQ_F163","control","high_temperature","FJ_FQ","20251001",1237,13.7377963737796,8.81759607179911,7.3767234305417,11.1165176811444,3.73979425060269,9.24236058272132,0.424764510922218
"20251001_FJ_FQ_F165","control","high_temperature","FJ_FQ","20251001",1311,8.57740585774059,9.59401837200166,8.04742798519083,11.7650371843559,3.71760919916507,9.24236058272132,-0.351657789280338
"20251001_FJ_FQ_F168","high","high_temperature","FJ_FQ","20251001",1360,5.16039051603905,9.02199877765794,7.5795094343208,10.9253067916102,3.34579735728943,9.24236058272132,0.220361805063385
"20251001_FJ_FQ_F170","control","high_temperature","FJ_FQ","20251001",1389,3.13807531380753,9.62962943173043,8.20328556390341,11.5632949743782,3.36000941047478,9.24236058272132,-0.387268849009111
"20251001_FJ_FQ_F173","low","high_temperature","FJ_FQ","20251001",1405,2.02231520223152,9.70686926866697,8.276228647405,11.6637424544472,3.3875138070422,9.24236058272132,-0.464508685945651
"20251001_FJ_FQ_F174","low","high_temperature","FJ_FQ","20251001",1347,6.06694560669456,9.93728832202224,8.34754357912492,11.9200408391358,3.57249726001087,9.24236058272132,-0.694927739300919
"20251001_FJ_FQ_F175","low","high_temperature","FJ_FQ","20251001",1338,6.69456066945607,9.14953627905656,7.64895354471409,11.4292642164466,3.78031067173251,9.24236058272132,0.0928243036647629
"20251001_FJ_FQ_F176","low","high_temperature","FJ_FQ","20251001",1382,3.62622036262204,10.0171891063932,8.5542628006963,12.024810833102,3.47054803240569,9.24236058272132,-0.774828523671856
"20251001_FJ_FQ_F177","low","high_temperature","FJ_FQ","20251001",1407,1.88284518828452,9.61257753744422,8.29585162816257,11.4214549209965,3.12560329283392,9.24236058272132,-0.370216954722899
"20251001_FJ_FQ_F180","low","high_temperature","FJ_FQ","20251001",1339,6.62482566248257,9.81270847685809,8.31419996485535,11.9163003200622,3.60210035520684,9.24236058272132,-0.570347894136765
"20251001_FJ_FQ_F183","low","high_temperature","FJ_FQ","20251001",1423,0.767085076708508,10.1932081467363,8.88233734179276,12.0558524895549,3.1735151477621,9.24236058272132,-0.950847564014927
"20251001_FJ_FQ_F185","low","high_temperature","FJ_FQ","20251001",1408,1.81311018131102,10.2120748009887,8.74002571388376,12.0401364493979,3.30011073551415,9.24236058272132,-0.969714218267404
"20251001_XZ_YA_1","low","high_stress","XZ_YA","20251001",1406,1.95258019525802,10.2161780720209,8.74919159704934,12.4500601997363,3.70086860268695,9.24236058272132,-0.973817489299586
"20251001_XZ_YA_2","low","high_stress","XZ_YA","20251001",1379,3.83542538354254,9.59024095522074,8.1010451584569,11.9207028508247,3.81965769236778,9.24236058272132,-0.347880372499421
"20251001_XZ_YA_3","low","high_stress","XZ_YA","20251001",1388,3.20781032078103,9.08500051597495,7.51772091026964,11.1942952997609,3.6765743894913,9.24236058272132,0.157360066746374
"20251001_XZ_YA_4","low","high_stress","XZ_YA","20251001",1249,12.9009762900976,9.13675617503708,7.65797040082853,11.5210339004802,3.86306349965169,9.24236058272132,0.105604407684243
"20251001_XZ_YA_5","low","high_stress","XZ_YA","20251001",1375,4.11436541143654,9.41434252200347,7.89221314934657,11.7532053840009,3.86099223465429,9.24236058272132,-0.17198193928215
"20251001_XZ_YA_6","low","high_stress","XZ_YA","20251001",1425,0.627615062761506,9.74130886942463,8.23157980323447,11.6080070504946,3.37642724726011,9.24236058272132,-0.49894828670331
"20251001_XZ_YA_7","low","high_stress","XZ_YA","20251001",1292,9.9023709902371,9.37510376356469,7.79593343596238,11.7742787140919,3.97834527812947,9.24236058272133,-0.132743180843365
"20251001_XZ_YA_8","low","high_stress","XZ_YA","20251001",1371,4.39330543933054,9.42735824584121,8.01532320612131,11.6170987782181,3.60177557209674,9.24236058272132,-0.184997663119891
"20251001_XZ_YA_9","low","high_stress","XZ_YA","20251001",1391,2.99860529986053,9.51908574335793,8.0311622723736,11.7294252445524,3.69826297217883,9.24236058272132,-0.276725160636603
"20251001_XZ_YA_10","low","high_stress","XZ_YA","20251001",1426,0.557880055788006,10.4527303473663,8.81731955334418,12.2690858714718,3.45176631812758,9.24236058272132,-1.21036976464501
"20251001_XZ_YA_11","low","high_stress","XZ_YA","20251001",1400,2.37099023709902,9.07846896361011,7.65341388832003,11.1794345728812,3.5260206845612,9.24236058272133,0.163891619111213
"20251001_XZ_YA_12","low","high_stress","XZ_YA","20251001",1431,0.209205020920502,10.5152986024178,9.14341565608834,12.23106918624,3.08765353015168,9.24236058272132,-1.27293801969643
"20251001_XZ_YA_13","low","high_stress","XZ_YA","20251001",1424,0.697350069735007,10.2477616248455,8.71682387012964,11.8561854315869,3.13936156145728,9.24236058272132,-1.00540104212418
"20251001_XZ_YA_14","low","high_stress","XZ_YA","20251001",1423,0.767085076708508,9.85176133477291,8.40317123072482,11.7531211498826,3.34994991915779,9.24236058272132,-0.609400752051583
"20251001_XZ_YA_15","low","high_stress","XZ_YA","20251001",1423,0.767085076708508,10.3781759005189,8.8387978166489,12.043161805155,3.20436398850607,9.24236058272132,-1.1358153177976
"20251001_XZ_YA_16","low","high_stress","XZ_YA","20251001",1424,0.697350069735007,10.0324116529194,8.66293477127065,11.8648479357194,3.20191316444874,9.24236058272132,-0.7900510701981
"20251001_XZ_YA_17","low","high_stress","XZ_YA","20251001",1351,5.78800557880056,9.30484426253247,7.75369581113276,11.564559677494,3.81086386636123,9.24236058272132,-0.0624836798111428
"20251001_XZ_YA_18","low","high_stress","XZ_YA","20251001",1427,0.488145048814505,9.80435025585701,8.40105951843253,11.6337261484037,3.23266662997113,9.24236058272132,-0.561989673135685
"20251001_XZ_YA_19","low","high_stress","XZ_YA","20251001",1427,0.488145048814505,10.0135774015899,8.47607528614223,11.8560839920583,3.38000870591606,9.24236058272132,-0.771216818868531
"20251001_XZ_YA_20","control","high_stress","XZ_YA","20251001",1386,3.34728033472803,9.22795136688825,7.60660600796129,11.3560410817077,3.74943507374643,9.24236058272132,0.0144092158330711
"20251001_XZ_YA_21","control","high_stress","XZ_YA","20251001",1423,0.767085076708508,10.1416071605085,8.87827284881505,12.1431462071931,3.26487335837807,9.24236058272132,-0.899246577787146
"20251001_XZ_YA_22","high","high_stress","XZ_YA","20251001",1200,16.3179916317992,8.70364255003002,7.30967156415144,11.0564022201279,3.74673065597647,9.24236058272133,0.538718032691305
"20251001_XZ_YB_2","control","high_stress","XZ_YB","20251001",1415,1.32496513249651,9.71922931015036,8.18884034480994,11.5245372491741,3.33569690436414,9.24236058272132,-0.476868727429036
"20251001_XZ_YB_4","control","high_stress","XZ_YB","20251001",1429,0.348675034867504,10.409292129733,8.87107303188186,12.239183175603,3.36811014372113,9.24236058272132,-1.1669315470117
"20251001_XZ_YB_6","control","high_stress","XZ_YB","20251001",1417,1.18549511854951,9.80114074807313,8.34769813599088,11.7176004970601,3.36990236106918,9.24236058272132,-0.558780165351806
"20251001_XZ_YB_9","control","high_stress","XZ_YB","20251001",1418,1.11576011157601,9.78523970931835,8.33676045352224,11.504756622545,3.16799616902273,9.24236058272132,-0.542879126597027
"20251001_XZ_YB_10","control","high_stress","XZ_YB","20251001",1417,1.18549511854951,9.9248731081697,8.41143133536947,11.6252175456208,3.21378621025132,9.24236058272132,-0.682512525448372
"20251001_XZ_YB_11","control","high_stress","XZ_YB","20251001",1425,0.627615062761506,9.84973084424114,8.44030461753003,11.7625930108475,3.32228839331747,9.24236058272132,-0.607370261519815
"20251001_XZ_YB_12","control","high_stress","XZ_YB","20251001",1399,2.44072524407252,9.29478423049922,7.73859522396503,11.100340998867,3.36174577490196,9.24236058272132,-0.0524236477778945
"20251001_XZ_YB_14","control","high_stress","XZ_YB","20251001",1404,2.09205020920502,9.63256812678863,7.97775227663479,11.460198049772,3.48244577313718,9.24236058272132,-0.390207544067311
"20251001_XZ_YB_15","control","high_stress","XZ_YB","20251001",1407,1.88284518828452,9.13906759266105,7.66671570521765,11.0345167823524,3.36780107713477,9.24236058272132,0.103292990060277
"20251001_XZ_YB_19","control","high_stress","XZ_YB","20251001",1426,0.557880055788006,9.87111101220524,8.30283808905349,11.5299858290939,3.22714774004045,9.24236058272133,-0.628750429483921
"20251001_XZ_YC_1","control","high_stress","XZ_YC","20251001",1425,0.627615062761506,9.62530640849371,8.24885642753838,11.6472218000959,3.39836537255756,9.24236058272132,-0.382945825772383
"20251001_XZ_YC_2","control","high_stress","XZ_YC","20251001",1407,1.88284518828452,9.89030862865343,8.30109826626608,11.922995093222,3.62189682695591,9.24236058272132,-0.647948045932104
"20251001_XZ_YC_3","high","high_stress","XZ_YC","20251001",1430,0.278940027894003,10.0569214470511,8.58844417651166,11.902206323879,3.31376214736736,9.24236058272132,-0.814560864329753
"20251001_XZ_YC_4","control","high_stress","XZ_YC","20251001",1413,1.46443514644351,9.78828361639167,8.27960123003628,11.8432176845314,3.56361645449515,9.24236058272132,-0.54592303367035
"20251001_XZ_YC_5","high","high_stress","XZ_YC","20251001",1416,1.25523012552301,9.1777431756547,7.61287169513121,11.1223251283653,3.5094534332341,9.24236058272133,0.0646174070666188
"20251001_XZ_YC_6","low","high_stress","XZ_YC","20251001",1386,3.34728033472803,9.39530384437702,7.86589946271624,11.5387358003125,3.67283633759629,9.24236058272132,-0.152943261655697
"20251001_XZ_YC_7","low","high_stress","XZ_YC","20251001",1388,3.20781032078103,9.72688042898884,8.04731927384611,11.8639188904327,3.81659961658662,9.24236058272133,-0.484519846267512
"20251001_XZ_YC_8","control","high_stress","XZ_YC","20251001",1400,2.37099023709902,9.36893651264637,7.77548377830049,11.2929335461854,3.51744976788495,9.24236058272132,-0.126575929925043
"20251001_XZ_YC_9","low","high_stress","XZ_YC","20251001",1220,14.9232914923291,8.7955682994763,7.29090341706302,11.0657411883527,3.77483777128965,9.24236058272133,0.446792283245022
"20251001_XZ_YC_10","high","high_stress","XZ_YC","20251001",1419,1.04602510460251,9.81550975344728,8.20421492482319,11.5938055643384,3.38959063951517,9.24236058272132,-0.57314917072596
"20251001_XZ_YC_11","high","high_stress","XZ_YC","20251001",1355,5.50906555090655,8.88536375473073,7.27782700541841,11.052554847003,3.7747278415846,9.24236058272132,0.356996827990598
"20251001_XZ_YC_12","high","high_stress","XZ_YC","20251001",1429,0.348675034867504,10.0173263259367,8.50399371215247,11.7958636859689,3.29186997381645,9.24236058272132,-0.774965743215372
"20251001_XZ_YC_13","high","high_stress","XZ_YC","20251001",1408,1.81311018131102,9.42273403505826,7.98607541506336,11.3265330743642,3.34045765930085,9.24236058272133,-0.180373452336939
"20251001_XZ_YC_14","high","high_stress","XZ_YC","20251001",1363,4.95118549511855,9.61281676538791,7.98067754879581,11.620035885301,3.63935833650515,9.24236058272132,-0.370456182666585
"20251001_XZ_YC_15","high","high_stress","XZ_YC","20251001",1427,0.488145048814505,9.88928606044067,8.53650210817597,11.8804928889852,3.34399078080926,9.24236058272132,-0.64692547771935
"20251001_XZ_YC_16","high","high_stress","XZ_YC","20251001",1429,0.348675034867504,10.0602057738834,8.67777318331949,12.0099922488298,3.33221906551031,9.24236058272132,-0.817845191162091
"20251001_XZ_YC_17","high","high_stress","XZ_YC","20251001",1406,1.95258019525802,9.66243460739937,8.04957462596921,11.7584078034683,3.70883317749912,9.24236058272133,-0.420074024678046
"20251001_XZ_YC_18","low","high_stress","XZ_YC","20251001",1296,9.6234309623431,9.67701079957281,8.02692759537442,11.7875723100228,3.76064471464841,9.24236058272132,-0.434650216851486
"20251001_XZ_YC_19","high","high_stress","XZ_YC","20251001",1401,2.30125523012552,9.57040885913057,7.86425105077527,11.4282014347183,3.56395038394304,9.24236058272132,-0.32804827640925
"20251001_XZ_YC_20","low","high_stress","XZ_YC","20251001",1405,2.02231520223152,9.70309226693632,8.15494230776605,11.7695971597399,3.6146548519738,9.24236058272132,-0.460731684214997
"20251001_XZ_YC_21","high","high_stress","XZ_YC","20251001",1419,1.04602510460251,9.38538506031417,8.06017947151796,11.3481434288933,3.28796395737531,9.24236058272132,-0.143024477592851
"20251001_XZ_YC_22","high","high_stress","XZ_YC","20251001",1398,2.51046025104602,9.41617453682889,7.86986461798323,11.3293753315979,3.45951071361466,9.24236058272132,-0.173813954107569
"20251001_XZ_YC_23","low","high_stress","XZ_YC","20251001",1361,5.09065550906555,9.27031742920665,7.69204896462358,11.3887488772703,3.69669991264669,9.24236058272132,-0.0279568464853277
"20251001_XZ_YC_24","high","high_stress","XZ_YC","20251001",1378,3.90516039051604,9.11775008159258,7.6214550559202,11.0264729551883,3.40501789926807,9.24236058272133,0.124610501128748
"20251001_XZ_YC_25","high","high_stress","XZ_YC","20251001",1354,5.57880055788006,9.14251246997182,7.73124051708738,11.2515201269319,3.52027960984447,9.24236058272133,0.0998481127495037
"20251001_XZ_YC_26","high","high_stress","XZ_YC","20251001",1410,1.67364016736402,9.23573157887437,7.69419558369341,11.3225739858746,3.62837840218122,9.24236058272133,0.00662900384695497
"20251001_XZ_YC_27","high","high_stress","XZ_YC","20251001",1132,21.0599721059972,8.86853686865657,7.21078156248389,11.2749834953794,4.06420193289551,9.24236058272132,0.373823714064756
"20251001_XZ_YC_28","high","high_stress","XZ_YC","20251001",1393,2.85913528591353,9.09929675840187,7.62194062882439,11.1074150463148,3.48547441749044,9.24236058272132,0.143063824319452
"20251001_XZ_YC_29","high","high_stress","XZ_YC","20251001",1423,0.767085076708508,9.25991060180226,7.84499365492075,11.3319671847542,3.48697352983343,9.24236058272132,-0.0175500190809323
"20251001_XZ_YC_30","low","high_stress","XZ_YC","20251001",1425,0.627615062761506,9.68142963208162,8.16401766415638,11.5081884153854,3.34417075122907,9.24236058272132,-0.439069049360295
"20251001_XZ_YC_31","control","high_stress","XZ_YC","20251001",1424,0.697350069735007,9.80689988155291,8.39327952141707,11.662306840711,3.26902731929396,9.24236058272132,-0.564539298831589
"20251001_XZ_YC_32","high","high_stress","XZ_YC","20251001",1405,2.02231520223152,9.38690105072926,7.8258129232062,11.3443120286857,3.51849910547947,9.24236058272132,-0.144540468007939
"20251001_XZ_YC_33","high","high_stress","XZ_YC","20251001",1354,5.57880055788006,9.43083772480242,7.84509861332794,11.2679346514822,3.42283603815427,9.24236058272132,-0.188477142081096
"20251001_XZ_YC_34","control","high_stress","XZ_YC","20251001",1414,1.39470013947001,9.88093016415218,8.21215677073751,11.6844844599563,3.47232768921875,9.24236058272132,-0.638569581430858
"20251001_XZ_YD_1","low","high_stress","XZ_YD","20251001",1418,1.11576011157601,9.74896418915802,8.23744659074018,11.6485060781283,3.41105948738814,9.24236058272132,-0.5066036064367
"20251001_XZ_YD_3","control","high_stress","XZ_YD","20251001",1367,4.67224546722455,9.22689575336906,7.74689211479981,11.4465976766582,3.6997055618584,9.24236058272132,0.0154648293522612
"20251001_XZ_YD_4","control","high_stress","XZ_YD","20251001",1340,6.55509065550907,9.24926692854235,7.74203823569824,11.3904634995092,3.64842526381096,9.24236058272132,-0.00690634582103122
"20251001_XZ_YD_5","low","high_stress","XZ_YD","20251001",1398,2.51046025104602,9.70597006320855,8.42849736992766,11.7252669437423,3.29676957381465,9.24236058272132,-0.463609480487223
"20251001_XZ_YD_6","control","high_stress","XZ_YD","20251001",1374,4.18410041841004,9.14883850938514,7.66736850191593,11.3158828459176,3.64851434400166,9.24236058272132,0.0935220733361835
"20251001_XZ_YD_7","high","high_stress","XZ_YD","20251001",1422,0.836820083682008,10.3063358262129,8.96451499099801,12.3040450606532,3.33953006965523,9.24236058272132,-1.06397524349156
"20251001_XZ_YD_8","high","high_stress","XZ_YD","20251001",1381,3.69595536959554,10.1311600424576,8.6297501460941,12.1683549012307,3.53860475513656,9.24236058272132,-0.88879945973628
"20251001_XZ_YD_9","high","high_stress","XZ_YD","20251001",1257,12.3430962343096,9.08731990647046,7.6876320831342,11.3699149220706,3.68228283893635,9.24236058272132,0.155040676250863
"20251001_XZ_YD_10","high","high_stress","XZ_YD","20251001",1427,0.488145048814505,10.3484461342067,9.05403850718853,12.3713140979922,3.31727559080366,9.24236058272132,-1.10608555148537
"20251001_XZ_YD_11","high","high_stress","XZ_YD","20251001",1431,0.209205020920502,10.9511134865226,9.58091820212534,12.769205967353,3.1882877652277,9.24236058272132,-1.70875290380127
"20251001_XZ_YD_12","control","high_stress","XZ_YD","20251001",1432,0.139470013947001,10.9530084496244,9.48528616039482,12.9482960943041,3.46300993390933,9.24236058272132,-1.71064786690309
"20251001_XZ_YD_13","control","high_stress","XZ_YD","20251001",1430,0.278940027894003,11.1744383326492,9.8126225516327,12.9029458137388,3.09032326210613,9.24236058272132,-1.93207774992792
"20251001_XZ_YD_14","control","high_stress","XZ_YD","20251001",1392,2.92887029288703,9.4130156602487,7.85702990877925,11.45305051041,3.59602060163077,9.24236058272132,-0.170655077527375
"20251001_XZ_YD_15","low","high_stress","XZ_YD","20251001",1413,1.46443514644351,9.3543712682191,7.8770041650513,11.3119917450424,3.4349875799911,9.24236058272132,-0.112010685497781
"20251001_XZ_YD_16","high","high_stress","XZ_YD","20251001",1428,0.418410041841004,9.95475040861227,8.48132070551803,11.7517403743616,3.2704196688436,9.24236058272132,-0.712389825890948
"20251001_XZ_YD_17","low","high_stress","XZ_YD","20251001",1379,3.83542538354254,9.81515224257646,8.26552774709615,11.8543965981988,3.58886885110268,9.24236058272132,-0.572791659855138
"20251001_XZ_YD_18","high","high_stress","XZ_YD","20251001",1425,0.627615062761506,9.816396795215,8.20561608444795,11.7980418936014,3.59242580915342,9.24236058272132,-0.574036212493672
"20251001_XZ_YD_19","control","high_stress","XZ_YD","20251001",1378,3.90516039051604,9.27172959840043,7.919792228197,11.4173171422347,3.49752491403771,9.24236058272133,-0.0293690156791069
"20251001_XZ_YD_20","control","high_stress","XZ_YD","20251001",1386,3.34728033472803,9.47237321130681,7.82742904239528,11.6667555812758,3.83932653888056,9.24236058272132,-0.23001262858549
"20251001_XZ_YD_21","control","high_stress","XZ_YD","20251001",1311,8.57740585774059,9.32850839357577,7.78694822174227,11.5369272793837,3.74997905764141,9.24236058272132,-0.0861478108544489
"20251001_XZ_YD_22","control","high_stress","XZ_YD","20251001",1408,1.81311018131102,9.32214198983718,7.72332183106419,11.3297702963575,3.60644846529333,9.24236058272132,-0.0797814071158562
"20251001_XZ_YD_23","low","high_stress","XZ_YD","20251001",1417,1.18549511854951,10.0088201150029,8.39827972993967,12.0040858480279,3.60580611808828,9.24236058272132,-0.766459532281564
"20251001_XZ_YD_24","low","high_stress","XZ_YD","20251001",1289,10.1115760111576,8.91072140614339,7.21778749229122,11.0769295750057,3.85914208271448,9.24236058272132,0.331639176577937
"20251001_XZ_YD_25","low","high_stress","XZ_YD","20251001",1276,11.0181311018131,9.20069755672844,7.60259976280508,11.3990307803395,3.79643101753446,9.24236058272133,0.0416630259928841
"20251001_XZ_YD_26","low","high_stress","XZ_YD","20251001",1346,6.13668061366806,8.91117740371266,7.43280304246371,11.2482338483292,3.81543080586554,9.24236058272132,0.331183179008667
"20251001_XZ_YD_27","low","high_stress","XZ_YD","20251001",1412,1.53417015341702,9.5265725505978,8.01065384367242,11.4867045744229,3.47605073075051,9.24236058272132,-0.28421196787648
"20251001_XZ_YD_28","low","high_stress","XZ_YD","20251001",1376,4.04463040446304,9.48954515450605,7.94712472001721,11.6196585240037,3.67253380398648,9.24236058272132,-0.247184571784723
"20251026_FJ_PT_P31","control","high_temperature","FJ_PT","20251026",1425,0.627615062761506,9.52319916164669,8.17734273484958,11.5252878086274,3.3479450737778,9.24236058272132,-0.280838578925369
"20251026_FJ_QZ_Q73","control","high_temperature","FJ_QZ","20251026",1372,4.32357043235704,9.02097266534431,7.69190692858809,11.0312625691018,3.33935564051372,9.24236058272133,0.22138791737701
"20251026_FJ_QZ_Q74","low","high_temperature","FJ_QZ","20251026",1308,8.78661087866109,9.0891867818395,7.56109236008533,10.9488245802297,3.38773222014433,9.24236058272132,0.153173800881822
"20251026_FJ_QZ_Q75","low","high_temperature","FJ_QZ","20251026",1389,3.13807531380753,9.19290199714498,7.81537283861965,11.0686679179099,3.25329507929026,9.24236058272132,0.0494585855763443
"20251026_FJ_QZ_Q76","high","high_temperature","FJ_QZ","20251026",1339,6.62482566248257,9.03169413644179,7.49956136381364,10.9247596242143,3.42519826040064,9.24236058272132,0.210666446279529
"20251026_FJ_QZ_Q77","high","high_temperature","FJ_QZ","20251026",1370,4.46304044630404,9.18640122529449,7.73039468634014,10.9868298715342,3.25643518519411,9.24236058272132,0.055959357426838
"20251026_FJ_QZ_Q78","high","high_temperature","FJ_QZ","20251026",1385,3.41701534170153,9.26716987259559,8.05550305297639,11.0771623946885,3.02165934171209,9.24236058272132,-0.0248092898742716
"20251026_FJ_QZ_Q79","control","high_temperature","FJ_QZ","20251026",1309,8.71687587168759,9.0969882201316,7.57219932967711,10.9465555280078,3.37435619833072,9.24236058272132,0.145372362589727
"20251026_FJ_QZ_Q80","low","high_temperature","FJ_QZ","20251026",1374,4.18410041841004,9.05184366876054,7.55361274903817,10.9836241239614,3.43001137492326,9.24236058272132,0.190516913960783
"20251026_FJ_QZ_Q81","low","high_temperature","FJ_QZ","20251026",1397,2.58019525801953,9.35282513263958,7.79200622196932,11.200027217221,3.4080209952517,9.24236058272132,-0.110464549918257
"20251026_FJ_QZ_Q82","control","high_temperature","FJ_QZ","20251026",1405,2.02231520223152,9.67724649627832,8.31229718678195,11.4679285070671,3.15563132028516,9.24236058272132,-0.434885913557
"20251026_FJ_QZ_Q83","control","high_temperature","FJ_QZ","20251026",1392,2.92887029288703,9.26428193627431,7.74223767716088,11.2071695088759,3.46493183171504,9.24236058272132,-0.0219213535529885
"20251104_FJ_FQ_F178","low","high_temperature","FJ_FQ","20251104",1427,0.488145048814505,10.4898669429892,9.21200182577059,12.1931413997796,2.98113957400902,9.24236058272132,-1.24750636026788
"20251104_FJ_FQ_F179","high","high_temperature","FJ_FQ","20251104",1416,1.25523012552301,9.93781199482019,8.70740425416455,11.721861475816,3.01445722165146,9.24236058272133,-0.695451412098864
"20251107_XZ_YD_2","low","high_stress","XZ_YD","20251107",1429,0.348675034867504,10.6259259550414,9.1453996755024,12.4664364806627,3.32103680516034,9.24236058272132,-1.38356537232008
"20260527_XZ_GG_1","low","high_stress","XZ_GG","20260527",1406,1.95258019525802,9.55272378018753,8.30518316943977,11.3365208194356,3.03133764999582,9.24236058272132,-0.310363197466211
"20260527_XZ_GG_2","low","high_stress","XZ_GG","20260527",1378,3.90516039051604,9.16180031385453,7.81427823673227,10.8492056740508,3.03492743731851,9.24236058272132,0.0805602688667975
"20260527_XZ_GG_3","low","high_stress","XZ_GG","20260527",1390,3.06834030683403,9.22417378935771,7.76177934830134,10.996985233585,3.23520588528369,9.24236058272133,0.0181867933636131
"20260527_XZ_GG_4","low","high_stress","XZ_GG","20260527",1407,1.88284518828452,9.85963032633878,8.56513121001251,11.6580580120214,3.09292680200885,9.24236058272132,-0.617269743617452
"20260527_XZ_GG_5","low","high_stress","XZ_GG","20260527",1305,8.99581589958159,9.12775901599682,7.64560885245831,11.0147560624566,3.3691472099983,9.24236058272132,0.114601566724502
"20260527_XZ_GG_6","low","high_stress","XZ_GG","20260527",1369,4.53277545327755,9.21573975523022,7.77082537706461,11.131500615149,3.36067523808438,9.24236058272132,0.0266208274911062
"20260527_XZ_GG_7","low","high_stress","XZ_GG","20260527",1417,1.18549511854951,10.2276409129562,8.96775247031761,11.983106075512,3.01535360519435,9.24236058272132,-0.985280330234835
"20260527_XZ_GG_8","low","high_stress","XZ_GG","20260527",1392,2.92887029288703,9.35853394314065,8.00440557458194,11.0573307779071,3.05292520332511,9.24236058272132,-0.116173360419323
"20260527_XZ_GG_9","low","high_stress","XZ_GG","20260527",1365,4.81171548117155,9.17642853961562,7.72136093070783,10.9706717729777,3.24931084226983,9.24236058272132,0.0659320431057022
"20260527_XZ_GG_10","low","high_stress","XZ_GG","20260527",1395,2.71966527196653,9.16899339555585,7.81912065863379,10.960554006779,3.14143334814525,9.24236058272132,0.0733671871654735
"20260527_XZ_GG_11","low","high_stress","XZ_GG","20260527",1361,5.09065550906555,9.17054828478547,7.68956637283004,10.9527839857173,3.26321761288727,9.24236058272132,0.0718122979358533
"20260527_XZ_GG_12","low","high_stress","XZ_GG","20260527",1388,3.20781032078103,9.41772843464498,7.91692224248714,11.179806490627,3.26288424813985,9.24236058272132,-0.175367851923655
"20260527_XZ_GG_13","low","high_stress","XZ_GG","20260527",1416,1.25523012552301,9.87843081923166,8.69262230774513,11.6096300026553,2.91700769491013,9.24236058272132,-0.63607023651034
"20260527_XZ_GG_14","low","high_stress","XZ_GG","20260527",1293,9.8326359832636,9.43164233640143,7.93126746548343,11.2039331259521,3.27266566046864,9.24236058272132,-0.189281753680103
"20260527_XZ_GG_15","low","high_stress","XZ_GG","20260527",1414,1.39470013947001,9.97248688362024,8.66165731461824,11.7449805827684,3.08332326815014,9.24236058272133,-0.730126300898915
"20260527_XZ_GG_16","low","high_stress","XZ_GG","20260527",1409,1.74337517433752,9.62881807142629,8.42301855240625,11.3733214667016,2.95030291429532,9.24236058272132,-0.386457488704965
"20260527_XZ_GG_17","low","high_stress","XZ_GG","20260527",1383,3.55648535564854,9.3126395371148,7.86489504848743,11.2190904062309,3.35419535774346,9.24236058272132,-0.0702789543934728
"20260527_XZ_GG_18","low","high_stress","XZ_GG","20260527",1335,6.90376569037657,9.09886290402755,7.62131774054909,10.9862866872268,3.36496894667769,9.24236058272132,0.143497678693777
"20260527_XZ_GG_19","low","high_stress","XZ_GG","20260527",1330,7.25244072524407,9.24236058272132,7.65503475011326,11.0719215688273,3.41688681871402,9.24236058272132,0
"20260527_XZ_GG_20","low","high_stress","XZ_GG","20260527",1363,4.95118549511855,9.18439216924215,7.68834545595651,11.0135303242928,3.32518486833625,9.24236058272132,0.0579684134791769
"20260527_XZ_GG_21","low","high_stress","XZ_GG","20260527",1368,4.60251046025105,9.33442631642412,7.9718963692082,11.2661126593105,3.29421629010231,9.24236058272132,-0.0920657337028015
"20260527_XZ_GG_22","low","high_stress","XZ_GG","20260527",1401,2.30125523012552,9.49750334992715,8.11091463973657,11.2451287608543,3.13421412111772,9.24236058272132,-0.255142767205824
"20260527_XZ_GG_23","low","high_stress","XZ_GG","20260527",1281,10.6694560669456,8.60593249560609,7.41666894981074,10.3689073829552,2.95223843314445,9.24236058272132,0.636428087115233
"20260527_XZ_GG_24","low","high_stress","XZ_GG","20260527",1345,6.20641562064156,9.2195927773647,7.77406273503531,11.0363401529053,3.26227741786996,9.24236058272132,0.0227678053566205
"20260527_XZ_GG_25","low","high_stress","XZ_GG","20260527",1421,0.906555090655509,10.1948107984429,8.93190233427832,11.8839888998214,2.95208656554311,9.24236058272132,-0.952450215721562
"20260527_XZ_GG_26","low","high_stress","XZ_GG","20260527",1387,3.27754532775453,9.37889477617508,8.03287325659693,11.0512974293443,3.01842417274739,9.24236058272132,-0.136534193453755
"20260527_XZ_GG_27","low","high_stress","XZ_GG","20260527",1385,3.41701534170153,9.20868416575038,7.99736953650909,10.9694311411007,2.97206160459162,9.24236058272132,0.0336764169709394
"20260527_XZ_GG_28","low","high_stress","XZ_GG","20260527",1406,1.95258019525802,9.50830887779091,8.32794863165934,11.3034422054236,2.97549357376429,9.24236058272133,-0.265948295069583
"20260527_XZ_GG_29","low","high_stress","XZ_GG","20260527",1373,4.25383542538354,9.06976048780795,7.75838996073942,10.7787632546993,3.02037329395983,9.24236058272132,0.172600094913378
"20260527_XZ_GG_30","low","high_stress","XZ_GG","20260527",1307,8.85634588563459,9.2677222516456,7.70553177563748,11.2083044026089,3.50277262697142,9.24236058272132,-0.0253616689242797
"20260527_XZ_GG_31","high","high_stress","XZ_GG","20260527",1344,6.27615062761506,8.88421898763769,7.54114336894125,10.8979454305447,3.35680206160341,9.24236058272132,0.358141595083628
"20260527_XZ_GG_32","high","high_stress","XZ_GG","20260527",1388,3.20781032078103,9.21124343309145,7.9497063494741,10.9015503112237,2.9518439617496,9.24236058272133,0.0311171496298766
"20260527_XZ_GG_33","high","high_stress","XZ_GG","20260527",1362,5.02092050209205,9.29385763312834,7.92663841350275,11.0625558814741,3.13591746797136,9.24236058272133,-0.0514970504070202
"20260527_XZ_GG_34","high","high_stress","XZ_GG","20260527",1371,4.39330543933054,9.09276907508052,7.75764513994669,10.7773959303546,3.01975079040796,9.24236058272132,0.149591507640803
"20260527_XZ_GG_35","high","high_stress","XZ_GG","20260527",1267,11.6457461645746,8.65913391388292,7.38316754343546,10.6904144592377,3.30724691580221,9.24236058272132,0.5832266688384
"20260527_XZ_GG_36","high","high_stress","XZ_GG","20260527",1351,5.78800557880056,9.00502534161248,7.70444450108428,10.6775636139416,2.97311911285733,9.24236058272132,0.237335241108839
"20260527_XZ_GG_37","high","high_stress","XZ_GG","20260527",1375,4.11436541143654,9.02680708212738,7.68935658977835,10.7927094643739,3.10335287459551,9.24236058272132,0.21555350059394
"20260527_XZ_GG_38","high","high_stress","XZ_GG","20260527",1416,1.25523012552301,9.77824391005284,8.43116539296885,11.400695327512,2.96952993454313,9.24236058272133,-0.535883327331517
"20260527_XZ_GG_39","high","high_stress","XZ_GG","20260527",1326,7.53138075313808,9.2024949072767,7.73797909475401,11.0723189551219,3.33433986036788,9.24236058272132,0.0398656754446236
"20260527_XZ_GG_40","high","high_stress","XZ_GG","20260527",1294,9.7629009762901,8.90823262821654,7.48487251367339,10.7568116086641,3.27193909499068,9.24236058272132,0.33412795450478
"20260527_XZ_GG_41","high","high_stress","XZ_GG","20260527",1357,5.36959553695955,9.07114758846045,7.69498779281978,10.891289119451,3.19630132663127,9.24236058272132,0.171212994260872
"20260527_XZ_GG_42","high","high_stress","XZ_GG","20260527",1375,4.11436541143654,9.14861606715387,7.80735313549889,10.8894614156722,3.0821082801733,9.24236058272132,0.0937445155674528
"20260527_XZ_GG_43","high","high_stress","XZ_GG","20260527",1321,7.88005578800558,9.25723316242202,7.66284675622582,11.0088148160262,3.34596805980035,9.24236058272132,-0.014872579700695
"20260527_XZ_GG_44","high","high_stress","XZ_GG","20260527",1303,9.13528591352859,9.15911974763343,7.8749530170596,10.9822623830235,3.10730936596388,9.24236058272132,0.0832408350878904
"20260527_XZ_GG_46","high","high_stress","XZ_GG","20260527",1308,8.78661087866109,9.08731253393361,7.72834538668357,10.9774168259808,3.24907143929727,9.24236058272132,0.155048048787714
"20260527_XZ_GG_47","high","high_stress","XZ_GG","20260527",1318,8.08926080892608,8.9621178172282,7.60901971149799,10.7886032540727,3.17958354257476,9.24236058272133,0.280242765493126
"20260527_XZ_GG_50","high","high_stress","XZ_GG","20260527",1361,5.09065550906555,9.08857604990172,7.71530200180248,11.0525756789109,3.33727367710842,9.24236058272132,0.153784532819605
"20260527_XZ_GG_51","high","high_stress","XZ_GG","20260527",1386,3.34728033472803,9.18873514223986,7.91084672022706,10.8808494368768,2.97000271664973,9.24236058272132,0.0536254404814649
"20260527_XZ_GG_52","high","high_stress","XZ_GG","20260527",1368,4.60251046025105,8.99653221721319,7.63251368000617,10.700753233099,3.06823955309287,9.24236058272132,0.24582836550813
"20260527_XZ_GG_53","high","high_stress","XZ_GG","20260527",1273,11.2273361227336,8.87793955286275,7.46023977324121,10.7410309653943,3.28079119215312,9.24236058272132,0.364421029858573
"20260527_XZ_GG_55","high","high_stress","XZ_GG","20260527",1390,3.06834030683403,9.56521645089466,8.32816506874724,11.3704978251749,3.04233275642763,9.24236058272132,-0.322855868173336
"20260527_XZ_GG_56","high","high_stress","XZ_GG","20260527",1378,3.90516039051604,9.3792976137543,7.95402211259153,11.0426231739456,3.08860106135407,9.24236058272132,-0.136937031032978
"20260527_XZ_GG_59","high","high_stress","XZ_GG","20260527",1305,8.99581589958159,8.94675736708534,7.43488168195212,10.6897286639291,3.254846981977,9.24236058272132,0.29560321563598
"20260527_XZ_GG_60","control","high_stress","XZ_GG","20260527",1304,9.06555090655509,9.06568160590469,7.61446459402404,10.9170403103343,3.30257571631027,9.24236058272132,0.176678976816637
"20260527_XZ_GG_62","control","high_stress","XZ_GG","20260527",1394,2.78940027894003,9.26639404484083,7.95017468776584,11.0639668431598,3.11379215539396,9.24236058272132,-0.02403346211951
"20260527_XZ_GG_64","control","high_stress","XZ_GG","20260527",1329,7.32217573221757,9.13458612670711,7.75678830111208,10.9893974451186,3.23260914400656,9.24236058272132,0.107774456014218
"20260527_XZ_GG_65","control","high_stress","XZ_GG","20260527",1368,4.60251046025105,9.29216719834879,7.79092005011428,11.0669366343294,3.27601658421515,9.24236058272132,-0.0498066156274639
"20260527_XZ_GG_66","control","high_stress","XZ_GG","20260527",1324,7.67085076708508,9.34501294718012,8.03419136050195,10.9588063680735,2.92461500757151,9.24236058272132,-0.102652364458793
"20260527_XZ_GG_68","control","high_stress","XZ_GG","20260527",1391,2.99860529986053,9.48798841991304,8.15868429114398,11.3165619750185,3.15787768387453,9.24236058272132,-0.245627837191716
"20260527_XZ_GG_69","control","high_stress","XZ_GG","20260527",1368,4.60251046025105,9.37950121679263,8.0927460534452,11.1098037126413,3.01705765919606,9.24236058272132,-0.137140634071311
"20260527_XZ_GG_71","control","high_stress","XZ_GG","20260527",1244,13.2496513249651,9.22570906235298,7.9348841774534,10.9561069012895,3.02122272383608,9.24236058272132,0.0166515203683435
"20260527_XZ_GG_72","control","high_stress","XZ_GG","20260527",1391,2.99860529986053,9.31940875836705,7.96848589703643,11.1405881271851,3.17210223014862,9.24236058272132,-0.0770481756457286
"20260527_XZ_GG_73","control","high_stress","XZ_GG","20260527",1288,10.1813110181311,9.23870975392825,7.93508617323409,11.0022424161886,3.06715624295447,9.24236058272132,0.00365082879307543
"20260527_XZ_GG_74","control","high_stress","XZ_GG","20260527",1352,5.71827057182706,8.98669226476464,7.63863604774457,10.8082449361448,3.16960888840027,9.24236058272132,0.25566831795668
"20260527_XZ_GG_75","control","high_stress","XZ_GG","20260527",1251,12.7615062761506,9.25806061681891,7.8996076263032,11.1365874345123,3.23697980820909,9.24236058272132,-0.0157000340975912
"20260527_XZ_GG_76","control","high_stress","XZ_GG","20260527",1350,5.85774058577406,9.35547595313152,8.00068472406925,11.1091978695935,3.10851314552424,9.24236058272132,-0.113115370410197
"20260527_XZ_GG_77","control","high_stress","XZ_GG","20260527",1374,4.18410041841004,9.56859523971322,8.3688995081385,11.3524727760077,2.98357326786923,9.24236058272133,-0.326234656991895
"20260527_XZ_GG_78","control","high_stress","XZ_GG","20260527",1411,1.60390516039052,10.1233961740517,8.89900350942566,11.7551740099846,2.8561705005589,9.24236058272132,-0.881035591330422
"20260527_XZ_GG_79","control","high_stress","XZ_GG","20260527",1382,3.62622036262204,9.35581846270439,7.89589986920259,11.1346626452614,3.23876277605881,9.24236058272132,-0.113457879983065
"20260527_XZ_GG_80","control","high_stress","XZ_GG","20260527",1305,8.99581589958159,8.92151509634699,7.55964245689057,10.8236677235669,3.26402526667638,9.24236058272132,0.320845486374331
"20260527_XZ_GG_81","low","high_stress","XZ_GG","20260527",1275,11.0878661087866,9.11528087924991,7.73553682865296,11.1255241055209,3.38998727686794,9.24236058272132,0.127079703471411
"20260527_XZ_GG_82","low","high_stress","XZ_GG","20260527",1375,4.11436541143654,9.42278879287669,7.99751717490538,11.1467926684821,3.14927549357667,9.24236058272132,-0.180428210155366
"20260527_XZ_GG_83","low","high_stress","XZ_GG","20260527",1380,3.76569037656904,9.36847611937416,8.10238566937996,11.1932747573306,3.09088908795064,9.24236058272132,-0.126115536652836
"20260527_XZ_GG_84","low","high_stress","XZ_GG","20260527",1334,6.97350069735007,9.08508526996728,7.74521617436756,10.9372725562971,3.19205638192951,9.24236058272132,0.15727531275404
"20260527_XZ_GG_85","low","high_stress","XZ_GG","20260527",1327,7.46164574616457,9.23427745355782,7.90064929373268,11.0616900046698,3.16104071093708,9.24236058272132,0.00808312916350573
"20260527_XZ_GG_86","low","high_stress","XZ_GG","20260527",1348,5.99721059972106,9.36759652505276,7.89955527073227,11.1801308137054,3.28057554297311,9.24236058272133,-0.125235942331434
"20260527_XZ_GG_87","low","high_stress","XZ_GG","20260527",1350,5.85774058577406,9.17843606925183,7.79494791316678,11.0177466379254,3.22279872475857,9.24236058272132,0.0639245134694892
"20260527_XZ_GG_88","low","high_stress","XZ_GG","20260527",1299,9.41422594142259,9.34624602618331,7.84709207205736,11.3701503937022,3.52305832164484,9.24236058272132,-0.103885443461987
"20260527_XZ_GG_89","low","high_stress","XZ_GG","20260527",1316,8.22873082287308,9.45925581152053,7.94033155963265,11.337360624848,3.39702906521536,9.24236058272133,-0.216895228799205
"20260527_XZ_GG_92","low","high_stress","XZ_GG","20260527",1343,6.34588563458856,9.30881020084532,7.94868899148016,11.2039252883312,3.25523629685099,9.24236058272132,-0.0664496181239951
"20260527_XZ_GG_93","low","high_stress","XZ_GG","20260527",1302,9.20502092050209,9.1882289941242,7.75446536312847,10.9771473069569,3.22268194382842,9.24236058272133,0.0541315885971283
"20260527_XZ_GG_94","low","high_stress","XZ_GG","20260527",1298,9.48396094839609,9.27275437013845,7.77698908184423,11.218949186414,3.44196010456979,9.24236058272133,-0.0303937874171307
"20260527_XZ_GG_95","low","high_stress","XZ_GG","20260527",1320,7.94979079497908,9.27575493410468,7.89197884654243,11.0991923004495,3.20721345390707,9.24236058272132,-0.033394351383361
"20260527_XZ_GG_96","low","high_stress","XZ_GG","20260527",1190,17.0153417015342,9.49901615983771,8.07435070592238,11.4897718330433,3.4154211271209,9.24236058272132,-0.256655577116391
"20260527_XZ_GG_97","low","high_stress","XZ_GG","20260527",1359,5.23012552301255,9.09083558290168,7.75996475920024,10.9890584006178,3.22909364141758,9.24236058272132,0.151524999819641
"20260527_XZ_GG_98","low","high_stress","XZ_GG","20260527",1382,3.62622036262204,9.65138559633483,8.39155056783653,11.4184748794912,3.02692431165469,9.24236058272132,-0.409025013613503
"20260527_XZ_GG_99","low","high_stress","XZ_GG","20260527",1355,5.50906555090655,9.43348789595874,8.11141587347959,11.1423583727181,3.03094249923848,9.24236058272132,-0.191127313237422
"20260527_XZ_GG_100","low","high_stress","XZ_GG","20260527",1254,12.5523012552301,9.05131958513033,7.6315611139356,10.8573703686146,3.22580925467898,9.24236058272132,0.191040997590997
"20260527_XZ_GG_101","low","high_stress","XZ_GG","20260527",1311,8.57740585774059,9.06774108493175,7.58558102296645,10.824070979532,3.23848995656552,9.24236058272132,0.174619497789575
"20260527_XZ_GG_102","low","high_stress","XZ_GG","20260527",1365,4.81171548117155,9.36712329336565,8.05930286717978,11.0630563173479,3.00375345016809,9.24236058272132,-0.12476271064433
"20260527_XZ_GG_103","low","high_stress","XZ_GG","20260527",1271,11.3668061366806,9.15842771157009,7.74575355156774,10.9733358183743,3.22758226680654,9.24236058272132,0.0839328711512337
"20260527_XZ_GG_104","low","high_stress","XZ_GG","20260527",1190,17.0153417015342,9.21998553640378,7.69081719866507,11.0564634811783,3.36564628251327,9.24236058272132,0.0223750463175403
"20260527_XZ_GG_105","low","high_stress","XZ_GG","20260527",1256,12.4128312412831,9.08233103199352,7.6404256118894,10.9487851947239,3.3083595828345,9.24236058272132,0.160029550727801
"20260527_XZ_GG_106","low","high_stress","XZ_GG","20260527",1299,9.41422594142259,9.11985063602837,7.79612432606112,11.122497711255,3.3263733851939,9.24236058272132,0.122509946692958
"20260527_XZ_GG_121","control","high_stress","XZ_GG","20260527",1243,13.3193863319386,9.04847390264197,7.66010211495371,10.8441456980689,3.1840435831152,9.24236058272132,0.193886680079357
"20260527_XZ_GG_122","control","high_stress","XZ_GG","20260527",1279,10.8089260808926,9.39416683571713,7.89532071795464,11.2971362170948,3.40181549914018,9.24236058272132,-0.151806252995803
"20260527_XZ_GG_123","high","high_stress","XZ_GG","20260527",1368,4.60251046025105,9.6778620378625,8.50231919348864,11.4008063955384,2.89848720204975,9.24236058272132,-0.435501455141177
"20260527_XZ_GG_124","high","high_stress","XZ_GG","20260527",1244,13.2496513249651,9.29445783330118,7.93531615991424,11.1309752800854,3.19565912017117,9.24236058272132,-0.0520972505798607
"20260527_XZ_GG_125","control","high_stress","XZ_GG","20260527",1229,14.2956764295676,9.2122977743944,7.73836341090397,10.9798802712492,3.24151686034524,9.24236058272132,0.0300628083269281
"20260527_XZ_GG_126","control","high_stress","XZ_GG","20260527",1332,7.11297071129707,9.094500519159,7.7068674316048,10.903636529646,3.19676909804123,9.24236058272132,0.147860063562323
"20260527_XZ_GG_128","control","high_stress","XZ_GG","20260527",1317,8.15899581589958,9.20501567947431,7.83539065793633,11.0309720138151,3.19558135587877,9.24236058272132,0.0373449032470141
"20260527_XZ_GG_129","control","high_stress","XZ_GG","20260527",1349,5.92747559274756,9.22124607018368,7.70582556840887,11.1207634223973,3.41493785398839,9.24236058272132,0.0211145125376397
"20260527_XZ_GG_130","control","high_stress","XZ_GG","20260527",1142,20.3626220362622,9.14271963151564,7.58799964873669,10.9721588704489,3.38415922171218,9.24236058272132,0.0996409512056857
"20260527_XZ_GG_131","control","high_stress","XZ_GG","20260527",1359,5.23012552301255,9.38113469789035,8.02651008212642,11.371804423318,3.34529434119159,9.24236058272132,-0.13877411516903
"20260527_XZ_GG_132","control","high_stress","XZ_GG","20260527",1293,9.8326359832636,9.27238389306481,7.76525837412276,10.9921213266874,3.22686295256459,9.24236058272132,-0.0300233103434913
"20260527_XZ_GG_135","control","high_stress","XZ_GG","20260527",1274,11.1576011157601,9.02451701027371,7.56773031942405,10.8733430415385,3.30561272211441,9.24236058272132,0.217843572447611
"20260527_XZ_GG_136","control","high_stress","XZ_GG","20260527",1111,22.5244072524407,9.1044282316707,7.56164577416796,11.0243409235171,3.46269514934914,9.24236058272132,0.137932351050619
"20260527_XZ_GG_137","control","high_stress","XZ_GG","20260527",1291,9.9721059972106,9.33404586555471,8.00232609808886,11.1065924234951,3.10426632540628,9.24236058272132,-0.0916852828333869
"20260527_XZ_GG_138","low","high_stress","XZ_GG","20260527",1266,11.7154811715481,9.26031497280531,7.85066441058248,11.1663465437646,3.31568213318213,9.24236058272132,-0.0179543900839878
"20260527_XZ_GG_139","low","high_stress","XZ_GG","20260527",1355,5.50906555090655,9.30295081294993,7.97585638538218,11.0917179605477,3.11586157516551,9.24236058272132,-0.060590230228609
"20260527_XZ_GG_140","high","high_stress","XZ_GG","20260527",1353,5.64853556485356,9.27387170300295,7.99263499371665,11.0613403709793,3.06870537726264,9.24236058272132,-0.0315111202816265
"20260527_XZ_GG_141","high","high_stress","XZ_GG","20260527",1201,16.2482566248257,9.11490151632559,7.58222986178019,10.9959590310024,3.41372916922217,9.24236058272132,0.127459066395735
"20260527_XZ_GG_142","high","high_stress","XZ_GG","20260527",1244,13.2496513249651,9.0619877184031,7.68747094041636,10.9899920953477,3.30252115493137,9.24236058272132,0.180372864318223
"20260527_XZ_GG_143","low","high_stress","XZ_GG","20260527",1280,10.7391910739191,9.08326097517598,7.54787531209071,10.9347756661601,3.3869003540694,9.24236058272132,0.159099607545345
"20260527_XZ_GG_144","high","high_stress","XZ_GG","20260527",1315,8.29846582984658,9.31993309326035,7.861778458212,11.1026972572298,3.2409187990178,9.24236058272132,-0.0775725105390279
"20260527_XZ_GG_145","high","high_stress","XZ_GG","20260527",1328,7.39191073919107,8.96681621396553,7.65202363237623,10.8053449876591,3.15332135528283,9.24236058272132,0.27554436875579
"20260527_XZ_GG_146","low","high_stress","XZ_GG","20260527",1356,5.43933054393306,9.38272251192917,8.03258544210706,11.2005995503574,3.16801410825039,9.24236058272132,-0.140361929207847
"20260527_XZ_GG_147","high","high_stress","XZ_GG","20260527",1120,21.8967921896792,9.30245719187909,7.82752488408659,11.155322387899,3.32779750381242,9.24236058272132,-0.0600966091577657
"20260527_XZ_GG_148","high","high_stress","XZ_GG","20260527",1319,8.01952580195258,9.40349110953189,7.9889641686202,11.1367004817296,3.14773631310941,9.24236058272132,-0.16113052681057
"20260527_XZ_GG_149","high","high_stress","XZ_GG","20260527",1086,24.2677824267782,9.12492407246854,7.61479509724184,10.8644632640718,3.24966816682997,9.24236058272132,0.117436510252778
"20260527_XZ_GG_150","high","high_stress","XZ_GG","20260527",1179,17.7824267782427,9.25231461285692,7.73706378054658,11.1467237282849,3.40965994773829,9.24236058272132,-0.00995403013559581
"20260527_XZ_GG_151","low","high_stress","XZ_GG","20260527",1232,14.0864714086471,9.62529024128536,8.00629693957831,11.4541394824895,3.44784254291116,9.24236058272132,-0.382929658564034
"20260527_XZ_GG_152","control","high_stress","XZ_GG","20260527",1272,11.2970711297071,9.01982356463079,7.6444069571131,10.831913544059,3.1875065869459,9.24236058272132,0.222537018090529
"20260527_XZ_GG_153","high","high_stress","XZ_GG","20260527",1235,13.8772663877266,9.02039775933232,7.53643587093469,10.8217210306931,3.28528515975846,9.24236058272132,0.221962823388999
"20260527_XZ_GG_154","low","high_stress","XZ_GG","20260527",1292,9.9023709902371,9.16310198473213,7.80941099673192,10.9913922306443,3.18198123391234,9.24236058272132,0.07925859798919
"20260527_XZ_GG_155","high","high_stress","XZ_GG","20260527",1166,18.6889818688982,9.05010988840414,7.57358513141863,10.8746185349747,3.30103340355602,9.24236058272133,0.192250694317183
"20260527_XZ_GG_156","high","high_stress","XZ_GG","20260527",1172,18.2705718270572,9.07296023996533,7.58838561577403,10.7883981384344,3.20001252266039,9.24236058272132,0.169400342755988
"20260527_XZ_GG_157","high","high_stress","XZ_GG","20260527",1176,17.9916317991632,9.11946813661485,7.625540274542,10.904780728778,3.27924045423595,9.24236058272132,0.122892446106475
"20260527_XZ_GG_158","low","high_stress","XZ_GG","20260527",1135,20.8507670850767,9.21728563127013,7.80655583463862,10.960224513257,3.15366867861837,9.24236058272132,0.0250749514511934
"20260527_XZ_GG_159","high","high_stress","XZ_GG","20260527",1376,4.04463040446304,9.6795837679655,8.23890375011664,11.4430493225409,3.20414557242426,9.24236058272132,-0.437223185244175
"20260527_XZ_GG_160","high","high_stress","XZ_GG","20260527",1262,11.9944211994421,9.13642149501687,7.7400167905068,10.9088530625235,3.16883627201666,9.24236058272132,0.105939087704453
"20260527_XZ_GG_161","low","high_stress","XZ_GG","20260527",1298,9.48396094839609,9.2737843470362,7.97508592994833,11.0520217383283,3.07693580837995,9.24236058272132,-0.0314237643148729
"20260527_XZ_GG_162","high","high_stress","XZ_GG","20260527",1228,14.3654114365411,8.99166601521099,7.43273528576883,10.8934419597154,3.46070667394653,9.24236058272132,0.25069456751033
"20260527_XZ_GG_163","low","high_stress","XZ_GG","20260527",1348,5.99721059972106,9.50655479786704,8.24314126992914,11.3913991660866,3.14825789615744,9.24236058272132,-0.26419421514572
"20260527_XZ_GG_164","low","high_stress","XZ_GG","20260527",1333,7.04323570432357,9.02518350466204,7.67791971393735,10.8596727865107,3.18175307257336,9.24236058272132,0.217177078059281
"20260527_XZ_GG_165","high","high_stress","XZ_GG","20260527",1202,16.1785216178522,9.22622297208711,7.69278991285757,10.9809898413125,3.28819992845497,9.24236058272132,0.0161376106342175
"20260527_XZ_GG_166","low","high_stress","XZ_GG","20260527",1206,15.8995815899582,9.27747205635465,8.01730616921505,10.9502115059958,2.93290533678072,9.24236058272133,-0.0351114736333233
"20260527_XZ_GG_167","high","high_stress","XZ_GG","20260527",1352,5.71827057182706,9.68564912594958,8.35106761315452,11.3314082544321,2.98034064127754,9.24236058272132,-0.443288543228253
"20260527_XZ_GG_168","high","high_stress","XZ_GG","20260527",1177,17.9218967921897,9.00504333688594,7.54764555812914,10.8504124433552,3.30276688522608,9.24236058272132,0.237317245835381
"20260527_XZ_GG_169","high","high_stress","XZ_GG","20260527",1277,10.9483960948396,9.0661465237139,7.72284014766676,10.8249309742596,3.10209082659288,9.24236058272132,0.176214059007421
"20260527_XZ_GG_170","low","high_stress","XZ_GG","20260527",1358,5.29986052998605,10.0421047817431,8.67663557399678,11.7185107436406,3.04187516964384,9.24236058272132,-0.79974419902174
"20260527_XZ_GG_171","high","high_stress","XZ_GG","20260527",1306,8.92608089260809,9.63737565124217,8.28340418714834,11.298314191752,3.01491000460367,9.24236058272133,-0.395015068520843
"20260717_GZ_TH_1","control","high_temperature","GZ_TH","20260717",1316,8.22873082287308,8.00987740381592,6.5885527611638,9.79075753601764,3.20220477485385,9.24236058272132,1.23248317890541
"20260717_GZ_TH_2","control","high_temperature","GZ_TH","20260717",1316,8.22873082287308,8.17283405096122,6.79033538767763,10.2700230066838,3.47968761900619,9.24236058272132,1.0695265317601
"20260717_GZ_TH_3","control","high_temperature","GZ_TH","20260717",1391,2.99860529986053,8.59843330248491,7.24350508684728,10.4096995718927,3.16619448504545,9.24236058272132,0.643927280236415
"20260717_GZ_TH_4","control","high_temperature","GZ_TH","20260717",1385,3.41701534170153,9.25927791862566,7.87455629485139,11.0099695328365,3.1354132379851,9.24236058272132,-0.0169173359043366
"20260717_GZ_TH_6","high","high_temperature","GZ_TH","20260717",1355,5.50906555090655,8.39401960335466,7.00312647497634,10.2391544781478,3.23602800317145,9.24236058272132,0.848340979366668
"20260717_GZ_TH_7","high","high_temperature","GZ_TH","20260717",1351,5.78800557880056,8.40209346071405,7.0564686902242,10.331999640952,3.27553095072778,9.24236058272132,0.840267122007278
"20260717_GZ_TH_8","high","high_temperature","GZ_TH","20260717",1356,5.43933054393306,8.06902904518593,6.62360880269236,10.0510246708431,3.42741586815074,9.24236058272132,1.17333153753539
"20260717_GZ_TH_9","high","high_temperature","GZ_TH","20260717",1342,6.41562064156206,7.9198986775983,6.74355308974133,9.82306605013307,3.07951296039174,9.24236058272132,1.32246190512302
"20260717_GZ_TH_10","high","high_temperature","GZ_TH","20260717",1353,5.64853556485356,8.31349021393983,7.06224678070457,10.0975396615625,3.0352928808579,9.24236058272132,0.928870368781496
"20260717_GZ_TH_11","high","high_temperature","GZ_TH","20260717",1359,5.23012552301255,8.41208097086763,7.11606670221373,10.2814354480102,3.16536874579648,9.24236058272132,0.830279611853694
"20260717_GZ_TH_12","low","high_temperature","GZ_TH","20260717",1088,24.1283124128312,8.38778070865063,6.85991627202409,10.1602565312413,3.30034025921717,9.24236058272132,0.854579874070696
"20260717_GZ_TH_13","low","high_temperature","GZ_TH","20260717",1248,12.9707112970711,8.16328399768752,6.73558038680301,10.1822897488052,3.44670936200215,9.24236058272132,1.0790765850338
"20260717_GZ_TH_14","high","high_temperature","GZ_TH","20260717",1234,13.9470013947001,8.3831024098431,6.88017140665391,10.3696690742028,3.48949766754892,9.24236058272133,0.859258172878226
"20260717_GZ_TH_15","low","high_temperature","GZ_TH","20260717",1367,4.67224546722455,8.2646509107082,6.8139736975882,10.074025068773,3.26005137118478,9.24236058272132,0.977709672013123
"20260717_GZ_TH_16","low","high_temperature","GZ_TH","20260717",1320,7.94979079497908,8.27434352889349,6.72674585166005,10.0941282570921,3.36738240543207,9.24236058272132,0.968017053827834
"20260717_GZ_TH_17","low","high_temperature","GZ_TH","20260717",1194,16.7364016736402,8.15996240146666,6.64568062272232,10.2997271309199,3.65404650819758,9.24236058272132,1.08239818125466
"20260717_GZ_TH_18","low","high_temperature","GZ_TH","20260717",1370,4.46304044630404,8.58453252596665,7.06432955626336,10.5061469822312,3.44181742596786,9.24236058272132,0.657828056754674
"20260717_GZ_TH_19","low","high_temperature","GZ_TH","20260717",1303,9.13528591352859,8.03070148238479,6.50103885996296,9.91145046009663,3.41041160013367,9.24236058272132,1.21165910033654
"20260717_GZ_TH_20","low","high_temperature","GZ_TH","20260717",1393,2.85913528591353,8.79509099591177,7.51770182280558,10.6590057217667,3.14130389896114,9.24236058272132,0.447269586809554
"20260717_GZ_TH_21","high","high_temperature","GZ_TH","20260717",1233,14.0167364016736,8.43928723615287,6.79443887155767,10.6044946375865,3.8100557660288,9.24236058272132,0.80307334656845
"20260717_GZ_TH_22","low","high_temperature","GZ_TH","20260717",1385,3.41701534170153,8.52359581380942,7.0714536879558,10.314033996633,3.2425803086772,9.24236058272132,0.718764768911907
"20260717_GZ_TH_23","control","high_temperature","GZ_TH","20260717",1225,14.5746164574616,8.09132981317277,6.68276725073659,10.0200811408417,3.33731389010513,9.24236058272132,1.15103076954856
"20260717_GZ_TH_24","control","high_temperature","GZ_TH","20260717",1395,2.71966527196653,9.98051398125943,8.4008146257208,11.6820551408827,3.28124051516189,9.24236058272132,-0.738153398538103
"20260717_GZ_TH_25","high","high_temperature","GZ_TH","20260717",1349,5.92747559274756,8.11245271101152,6.6491779894726,9.91441460522523,3.26523661575263,9.24236058272132,1.12990787170981
"20260717_GZ_TH_26","high","high_temperature","GZ_TH","20260717",1407,1.88284518828452,9.74395733051121,8.17728128093741,11.5901286738277,3.41284739289033,9.24236058272132,-0.501596747789886
"20260717_GZ_TH_27","high","high_temperature","GZ_TH","20260717",1350,5.85774058577406,8.33540408327468,6.85016889922222,10.2110339333807,3.36086503415843,9.24236058272132,0.906956499446643
"20260717_GZ_TH_28","high","high_temperature","GZ_TH","20260717",1403,2.16178521617852,9.36469320915317,8.09586309884847,10.9695822558046,2.8737191569561,9.24236058272132,-0.122332626431845
"20260717_GZ_TH_29","high","high_temperature","GZ_TH","20260717",1404,2.09205020920502,9.9168820497936,8.40794310158886,11.6925224641497,3.2845793625608,9.24236058272132,-0.67452146707228
"20260717_GZ_TH_30","high","high_temperature","GZ_TH","20260717",1361,5.09065550906555,8.46868146092032,7.0420923445049,10.3208060566189,3.27871371211398,9.24236058272132,0.773679121801008
"20260717_GZ_TH_31","high","high_temperature","GZ_TH","20260717",1379,3.83542538354254,8.09357907704468,6.5664123329944,9.97174718793664,3.40533485494225,9.24236058272132,1.14878150567664
"20260717_GZ_TH_32","high","high_temperature","GZ_TH","20260717",1350,5.85774058577406,8.68330884774637,7.06057169915145,10.7035545413205,3.64298284216907,9.24236058272132,0.559051734974949
"20260717_GZ_TH_33","high","high_temperature","GZ_TH","20260717",1398,2.51046025104602,8.69828627488437,7.2039896418644,10.4686284728922,3.26463883102776,9.24236058272132,0.544074307836951
"20260717_GZ_TH_35","high","high_temperature","GZ_TH","20260717",1382,3.62622036262204,8.61619301338916,7.20953065795203,10.4917891998274,3.2822585418754,9.24236058272132,0.626167569332166
"20260717_GZ_TH_36","control","high_temperature","GZ_TH","20260717",1078,24.8256624825662,8.37016262857832,6.79890309033906,10.6828285031184,3.88392541277933,9.24236058272132,0.872197954142999
"20260717_GZ_TH_37","control","high_temperature","GZ_TH","20260717",1343,6.34588563458856,8.38904440456748,6.77482613613332,10.2266650268189,3.45183889068561,9.24236058272132,0.853316178153847
"20260717_GZ_TH_38","high","high_temperature","GZ_TH","20260717",1144,20.2231520223152,8.32148152839595,6.70730320295912,10.5383488878714,3.83104568491225,9.24236058272132,0.920879054325374
"20260717_GZ_TH_39","high","high_temperature","GZ_TH","20260717",1417,1.18549511854951,8.98589890250284,7.6127076724683,10.8343695853174,3.22166191284905,9.24236058272132,0.25646168021848
"20260717_GZ_TH_40","high","high_temperature","GZ_TH","20260717",1361,5.09065550906555,8.1545066383858,6.76521435769479,10.0158948091891,3.25068045149431,9.24236058272132,1.08785394433553
"20260717_GZ_TH_41","high","high_temperature","GZ_TH","20260717",1352,5.71827057182706,8.35503091178322,6.85005154324661,10.1404710840243,3.29041954077765,9.24236058272133,0.887329670938103
"20260717_GZ_TH_42","control","high_temperature","GZ_TH","20260717",1384,3.48675034867503,8.29622440369458,6.90456583292431,10.09450048921,3.18993465628566,9.24236058272132,0.946136179026739
"20260717_GZ_TH_43","control","high_temperature","GZ_TH","20260717",1287,10.2510460251046,8.26350432921337,6.76059304847094,10.2955451366542,3.53495208818329,9.24236058272132,0.978856253507953
"20260717_GZ_TH_44","control","high_temperature","GZ_TH","20260717",1315,8.29846582984658,8.48036989082082,6.87251558645726,10.1608792391709,3.28836365271367,9.24236058272132,0.7619906919005
"20260717_GZ_TH_45","control","high_temperature","GZ_TH","20260717",1083,24.4769874476987,8.46752420874099,6.88861149909938,10.6539309384898,3.76531943939044,9.24236058272132,0.774836373980335
"20260717_GZ_TH_46","low","high_temperature","GZ_TH","20260717",1370,4.46304044630404,8.30164032550491,6.82986822764371,10.0964240222197,3.26655579457599,9.24236058272132,0.940720257216414
"20260717_GZ_TH_47","low","high_temperature","GZ_TH","20260717",1400,2.37099023709902,8.88996512082708,7.41504491637759,10.777727020358,3.36268210398043,9.24236058272132,0.352395461894242
"20260717_GZ_TH_48","high","high_temperature","GZ_TH","20260717",1362,5.02092050209205,8.54442751309707,7.24920761862142,10.3777607972958,3.12855317867443,9.24236058272132,0.697933069624252
"20260717_GZ_TH_49","control","high_temperature","GZ_TH","20260717",1383,3.55648535564854,8.63875893072825,7.19570907886995,10.5077672311076,3.31205815223768,9.24236058272132,0.603601651993074
"20260717_GZ_TH_50","control","high_temperature","GZ_TH","20260717",1165,18.7587168758717,8.44369556376625,6.83796096441394,10.5150882549002,3.67712729048625,9.24236058272132,0.79866501895507
"20260717_GZ_TH_51","control","high_temperature","GZ_TH","20260717",1399,2.44072524407252,8.54312837075886,7.25995602943192,10.3712789159877,3.11132288655579,9.24236058272132,0.69923221196246
"20260717_GZ_TH_53","control","high_temperature","GZ_TH","20260717",1347,6.06694560669456,8.03892116555782,6.61463468881313,9.7967111734758,3.18207648466266,9.24236058272132,1.20343941716351
"20260717_GZ_TH_54","control","high_temperature","GZ_TH","20260717",1405,2.02231520223152,9.39278579472424,8.03124905814388,11.108258990843,3.07700993269915,9.24236058272132,-0.15042521200292
"20260717_GZ_TH_55","control","high_temperature","GZ_TH","20260717",1354,5.57880055788006,8.30183428140232,6.80977637049581,10.0787060090695,3.26892963857365,9.24236058272133,0.940526301319005
"20260717_GZ_TH_57","control","high_temperature","GZ_TH","20260717",1352,5.71827057182706,8.40212877159182,7.05962571937365,10.1612434405006,3.10161772112692,9.24236058272132,0.840231811129501
"20260717_GZ_TH_58","control","high_temperature","GZ_TH","20260717",1348,5.99721059972106,8.55466452381081,7.1847108087263,10.3752284364779,3.19051762775157,9.24236058272132,0.687696058910516
"20260717_GZ_TH_59","control","high_temperature","GZ_TH","20260717",1219,14.9930264993026,8.31147657252212,6.74288626304607,10.2920660426955,3.54917977964945,9.24236058272132,0.9308840101992
"20260717_GZ_TH_61","control","high_temperature","GZ_TH","20260717",1318,8.08926080892608,8.39520898762286,6.99118925594836,10.327320114489,3.33613085854063,9.24236058272132,0.847151595098461
"20260717_GZ_TH_62","low","high_temperature","GZ_TH","20260717",1294,9.7629009762901,8.24939037052354,6.7847117695383,10.1466578708191,3.36194610128078,9.24236058272133,0.992970212197788
"20260717_GZ_TH_63","control","high_temperature","GZ_TH","20260717",1344,6.27615062761506,8.35081756901059,6.89001960452783,10.2645699115098,3.37455030698195,9.24236058272132,0.891543013710733
"20260717_GZ_TH_64","control","high_temperature","GZ_TH","20260717",1304,9.06555090655509,8.36651133447165,6.88479845858233,10.2350140615622,3.35021560297986,9.24236058272132,0.875849248249676
"20260717_GZ_TH_65","control","high_temperature","GZ_TH","20260717",1289,10.1115760111576,8.2097737197926,6.6930417212661,10.0142306291168,3.32118890785069,9.24236058272132,1.03258686292872
"20260717_GZ_TH_66","control","high_temperature","GZ_TH","20260717",1326,7.53138075313808,8.40848952398398,6.84767759070121,10.2431828408556,3.39550525015436,9.24236058272132,0.833871058737339
"20260717_GZ_TH_67","control","high_temperature","GZ_TH","20260717",1290,10.0418410041841,8.50608157142429,7.15522034741031,10.308946043518,3.15372569610766,9.24236058272132,0.736279011297038
"20260717_GZ_TH_68","control","high_temperature","GZ_TH","20260717",1324,7.67085076708508,8.33562262532188,6.89771301541891,10.1196071677342,3.2218941523153,9.24236058272133,0.906737957399441
"20260717_GZ_TH_69","control","high_temperature","GZ_TH","20260717",1244,13.2496513249651,8.18896337949302,6.67321196986003,9.9672181077929,3.29400613793286,9.24236058272132,1.0533972032283
"20260717_GZ_TH_70","control","high_temperature","GZ_TH","20260717",1257,12.3430962343096,8.37291645788537,7.08407976261354,10.1436843295075,3.05960456689392,9.24236058272132,0.869444124835956
"20260717_GZ_TH_71","control","high_temperature","GZ_TH","20260717",1306,8.92608089260809,8.09446733712192,6.6328263960265,9.94146481925958,3.30863842323308,9.24236058272133,1.1478932455994
"20260717_GZ_TH_72","control","high_temperature","GZ_TH","20260717",1345,6.20641562064156,8.5829261655489,7.11352185249067,10.4018201209081,3.28829826841742,9.24236058272132,0.659434417172426
"20260717_GZ_TH_73","control","high_temperature","GZ_TH","20260717",1325,7.60111576011158,8.14887529650694,6.83922733976467,9.96005895458636,3.12083161482169,9.24236058272132,1.09348528621438
"20260717_GZ_TH_74","control","high_temperature","GZ_TH","20260717",1228,14.3654114365411,8.11526234404591,6.44601027937875,10.2463495720464,3.8003392926676,9.24236058272133,1.12709823867541
"20260717_GZ_TH_75","control","high_temperature","GZ_TH","20260717",1345,6.20641562064156,7.97608937797531,6.66418054457564,9.78227289623378,3.11809235165815,9.24236058272132,1.26627120474602
"20260717_GZ_TH_76","control","high_temperature","GZ_TH","20260717",1363,4.95118549511855,8.50175544314677,7.1237252438904,10.24300686388,3.11928161998961,9.24236058272132,0.740605139574555
"20260717_GZ_TH_77","control","high_temperature","GZ_TH","20260717",1291,9.9721059972106,8.32453231208514,6.85348454842871,10.140615080591,3.28713053216226,9.24236058272132,0.917828270636184
"20260717_GZ_TH_78","control","high_temperature","GZ_TH","20260717",1337,6.76429567642957,8.59530358584807,7.20752200045152,10.5418070274771,3.33428502702559,9.24236058272132,0.647056996873253
"20260717_GZ_TH_79","control","high_temperature","GZ_TH","20260717",1315,8.29846582984658,8.39282954534448,7.11013909893664,10.1051823992628,2.99504330032616,9.24236058272132,0.84953103737684
"20260717_GZ_TH_80","control","high_temperature","GZ_TH","20260717",1397,2.58019525801953,8.55248500250132,7.22793008751782,10.2991216379244,3.07119155040661,9.24236058272132,0.689875580220004
"20260717_GZ_TH_87","low","high_temperature","GZ_TH","20260717",1309,8.71687587168759,8.1872026889471,6.68540604867437,10.0414033179787,3.35599726930437,9.24236058272132,1.05515789377422
"20260717_GZ_TH_88","control","high_temperature","GZ_TH","20260717",1248,12.9707112970711,8.14684341435678,6.57463737733542,10.0959465162439,3.52130913890845,9.24236058272133,1.09551716836454
"20260717_GZ_TH_89","low","high_temperature","GZ_TH","20260717",1351,5.78800557880056,8.4753845074751,7.04277585282286,10.4355651600691,3.39278930724625,9.24236058272132,0.766976075246223
"20260717_GZ_TH_90","high","high_temperature","GZ_TH","20260717",1250,12.8312412831241,8.35181516135386,6.7803378074222,10.1787383432573,3.3984005358351,9.24236058272132,0.89054542136746
"20260717_GZ_TH_93","low","high_temperature","GZ_TH","20260717",1297,9.5536959553696,8.46924681920353,6.96175454309534,10.4091355536954,3.4473810106001,9.24236058272132,0.773113763517797
"20260717_GZ_TH_94","low","high_temperature","GZ_TH","20260717",1335,6.90376569037657,8.51405351966421,7.0836858901281,10.4176464255101,3.33396053538197,9.24236058272132,0.728307063057114
"20260717_GZ_TH_95","low","high_temperature","GZ_TH","20260717",1322,7.81032078103208,8.4440343323482,6.92811261632689,10.2977615039105,3.3696488875836,9.24236058272133,0.798326250373128
"20260717_GZ_TH_96","low","high_temperature","GZ_TH","20260717",1384,3.48675034867503,8.53051600182197,6.96455125430568,10.3682442459677,3.40369299166201,9.24236058272132,0.711844580899356
"20260717_GZ_TH_98","low","high_temperature","GZ_TH","20260717",1098,23.4309623430962,8.35507728258742,6.64896636259619,10.8170854645652,4.16811910196904,9.24236058272133,0.887283300133907
"20260717_GZ_TH_99","low","high_temperature","GZ_TH","20260717",1328,7.39191073919107,8.35544010983574,6.75232977144086,10.3878346798185,3.63550490837765,9.24236058272132,0.886920472885581
"20260717_GZ_TH_100","low","high_temperature","GZ_TH","20260717",1309,8.71687587168759,8.31959315856362,6.7225430289508,10.1223919968724,3.39984896792163,9.24236058272132,0.9227674241577
"20260717_GZ_TH_101","low","high_temperature","GZ_TH","20260717",1360,5.16039051603905,8.49248312851219,7.07384707342061,10.3300424150712,3.25619534165059,9.24236058272132,0.749877454209134
"20260717_GZ_TH_102","low","high_temperature","GZ_TH","20260717",1314,8.36820083682008,8.59495021720568,6.97194453304372,10.3713137842626,3.39936925121887,9.24236058272132,0.647410365515645
"20260717_GZ_TH_103","low","high_temperature","GZ_TH","20260717",1348,5.99721059972106,8.90562652604176,7.36874465677016,10.6228890152811,3.25414435851092,9.24236058272132,0.336734056679566
"20260717_GZ_TH_104","low","high_temperature","GZ_TH","20260717",1218,15.0627615062762,8.42341251459726,6.82271678144096,10.4441975846249,3.62148080318397,9.24236058272133,0.818948068124064
"20260717_GZ_TH_106","low","high_temperature","GZ_TH","20260717",1296,9.6234309623431,8.37593959573837,7.02964821519858,10.3259408293744,3.29629261417581,9.24236058272132,0.86642098698295
"20260717_GZ_TH_107","high","high_temperature","GZ_TH","20260717",1283,10.5299860529986,8.20029653254978,6.70363021179973,10.0602983700886,3.35666815828886,9.24236058272132,1.04206405017154
"20260717_GZ_TH_108","high","high_temperature","GZ_TH","20260717",1267,11.6457461645746,8.37452546393359,7.04673073192875,10.3500577567737,3.30332702484496,9.24236058272132,0.867835118787731
"20260717_GZ_TH_109","high","high_temperature","GZ_TH","20260717",1247,13.0404463040446,8.57258678529723,6.94627697713628,10.7466442011916,3.80036722405537,9.24236058272132,0.669773797424092
"20260717_GZ_TH_110","control","high_temperature","GZ_TH","20260717",1264,11.8549511854951,8.3272519895103,6.72452802393186,10.2259262743157,3.50139825038389,9.24236058272133,0.915108593211025
"20260717_GZ_TH_111","high","high_temperature","GZ_TH","20260717",1278,10.8786610878661,8.45659023969616,7.06706298445558,10.5295727936827,3.4625098092271,9.24236058272132,0.785770343025161
"20260717_GZ_TH_112","high","high_temperature","GZ_TH","20260717",1338,6.69456066945607,8.34968930184279,6.87863012554332,10.2397993739936,3.3611692484503,9.24236058272133,0.892671280878529
"20260717_GZ_TH_114","high","high_temperature","GZ_TH","20260717",1226,14.5048814504881,8.17938784476554,6.77688014145371,10.032179089777,3.25529894832331,9.24236058272132,1.06297273795578
"20260717_GZ_TH_115","high","high_temperature","GZ_TH","20260717",1390,3.06834030683403,8.48646447695242,7.05735925597082,10.2822113678892,3.22485211191833,9.24236058272132,0.755896105768901
"20260717_GZ_TH_117","control","high_temperature","GZ_TH","20260717",1317,8.15899581589958,8.50084115032182,7.08892536854373,10.4559867303097,3.36706136176595,9.24236058272132,0.741519432399503
"20260717_GZ_TH_118","control","high_temperature","GZ_TH","20260717",1193,16.8061366806137,8.36096439695013,6.71056631116027,10.4840590151687,3.7734927040084,9.24236058272132,0.881396185771198
"20260717_GZ_TH_119","high","high_temperature","GZ_TH","20260717",1415,1.32496513249651,8.8999413798544,7.4192308697701,10.664593169472,3.24536229970191,9.24236058272132,0.342419202866928
"20260717_GZ_TH_120","high","high_temperature","GZ_TH","20260717",1243,13.3193863319386,8.37427670427421,6.95184318575805,10.2910605865965,3.33921740083845,9.24236058272132,0.868083878447118
"20260717_GZ_TH_121","control","high_temperature","GZ_TH","20260717",1360,5.16039051603905,8.28395465051042,6.78665024896198,10.0277976166303,3.24114736766833,9.24236058272132,0.958405932210907
"20260717_GZ_TH_122","high","high_temperature","GZ_TH","20260717",1262,11.9944211994421,8.64648279578075,7.25906115876786,10.5308066084119,3.27174544964404,9.24236058272132,0.595877786940571
"20260717_GZ_TH_123","high","high_temperature","GZ_TH","20260717",1247,13.0404463040446,8.36949031840212,6.69195626368228,10.3566896790339,3.6647334153516,9.24236058272132,0.872870264319207
"20260717_GZ_TH_124","high","high_temperature","GZ_TH","20260717",1273,11.2273361227336,8.7030960700097,7.19811556528381,10.6641766375212,3.46606107223739,9.24236058272132,0.539264512711625
"20260717_GZ_TH_125","high","high_temperature","GZ_TH","20260717",1273,11.2273361227336,8.32453176273309,6.86024113964119,10.2766022381819,3.41636109854075,9.24236058272132,0.917828819988237
"20260717_GZ_TH_126","high","high_temperature","GZ_TH","20260717",1293,9.8326359832636,8.0811576745893,6.5249818636938,10.0264900098923,3.50150814619849,9.24236058272132,1.16120290813202
"20260717_GZ_TH_128","high","high_temperature","GZ_TH","20260717",1342,6.41562064156206,8.49808543140781,6.92948412650083,10.4471700613023,3.5176859348015,9.24236058272133,0.744275151313515
"20260717_GZ_TH_129","high","high_temperature","GZ_TH","20260717",1323,7.74058577405858,8.47029183797232,6.92843923833939,10.3633060966726,3.4348668583332,9.24236058272132,0.772068744749005
"20260717_GZ_TH_131","high","high_temperature","GZ_TH","20260717",1253,12.6220362622036,8.69019997234628,7.13748463680428,10.7762462672,3.63876163039575,9.24236058272132,0.55216061037504
"20260717_GZ_TH_132","high","high_temperature","GZ_TH","20260717",1110,22.5941422594142,8.57559328685661,6.92001792053255,11.0280716863934,4.10805376586089,9.24236058272132,0.666767295864718
"20260717_GZ_TH_133","high","high_temperature","GZ_TH","20260717",1199,16.3877266387727,8.40520224326437,6.85372728334548,10.6188776001283,3.76515031678279,9.24236058272132,0.837158339456956
"20260717_GZ_TH_134","high","high_temperature","GZ_TH","20260717",866,39.6094839609484,8.78044735755759,7.14733847709158,11.5416281527528,4.39428967566124,9.24236058272132,0.461913225163734
"20260717_GZ_TH_137","high","high_temperature","GZ_TH","20260717",989,31.0320781032078,8.33069330471019,6.85339399065063,10.876069669653,4.02267567900239,9.24236058272132,0.911667278011134
"20260717_GZ_TH_138","high","high_temperature","GZ_TH","20260717",1235,13.8772663877266,8.56285297355501,6.9266778606409,10.3982769594474,3.47159909880646,9.24236058272132,0.679507609166309
"20260717_GZ_TH_143","low","high_temperature","GZ_TH","20260717",1324,7.67085076708508,8.45352365440712,6.84271036288309,10.510309413597,3.6675990507139,9.24236058272133,0.788836928314199
"20260717_GZ_TH_144","control","high_temperature","GZ_TH","20260717",1328,7.39191073919107,8.72512769674037,7.19375603269376,10.8061507474794,3.61239471478564,9.24236058272133,0.517232885980954
"20260717_GZ_TH_147","low","high_temperature","GZ_TH","20260717",1255,12.4825662482566,8.0407895332891,6.57690195371346,10.2267262965399,3.6498243428264,9.24236058272132,1.20157104943222
"20260717_GZ_TH_148","low","high_temperature","GZ_TH","20260717",1359,5.23012552301255,8.59196569274015,6.9184976356776,10.4056977229659,3.48720008728828,9.24236058272132,0.650394889981174
"20260717_GZ_TH_149","low","high_temperature","GZ_TH","20260717",1369,4.53277545327755,8.63792207557562,7.00378346841971,10.6104821766636,3.60669870824393,9.24236058272132,0.604438507145701
"20260717_GZ_TH_150","low","high_temperature","GZ_TH","20260717",1298,9.48396094839609,8.88845199888018,7.28984349334058,10.7040729854752,3.4142294921346,9.24236058272132,0.353908583841145
