UniqueSampleID,UMAP1,UMAP2,TREAT1_clean,condition,MS_batch_proxy
20250913_FJ_QZ_Q3,0.39827139117999133,1.555320476010008,low,湿热,20250913
20250913_FJ_QZ_Q4,0.06254104712290817,1.1786941036726666,control,湿热,20250913
20250913_FJ_QZ_Q12,0.9610657487182146,0.9249908670927715,control,湿热,20250913
20250913_FJ_QZ_Q13,1.0479731354979998,0.5592115864302348,control,湿热,20250913
20250913_FJ_QZ_Q14,0.914374807861281,1.7870106443907452,control,湿热,20250913
20250913_FJ_QZ_Q15,0.143205219891501,0.9524950727965068,control,湿热,20250913
20250913_FJ_QZ_Q16,0.7294403407840258,0.18674126715914718,control,湿热,20250913
20250913_FJ_QZ_Q18,0.1796909067897325,1.342042659237547,control,湿热,20250913
20250913_FJ_QZ_Q20,0.07509271242899948,1.222201441242857,control,湿热,20250913
20250913_FJ_QZ_Q21,0.4260265026359087,1.3260627731825543,control,湿热,20250913
20250913_FJ_QZ_Q22,1.7174232993392473,3.414698098614378,control,湿热,20250913
20250913_FJ_QZ_Q23,0.28795848601741847,0.28286615462557785,control,湿热,20250913
20250913_FJ_QZ_Q25,0.4413744006423479,1.6467635378386212,control,湿热,20250913
20250913_FJ_QZ_Q26,0.39726355114264544,1.324689005329771,control,湿热,20250913
20250913_FJ_QZ_Q27,0.6307085249690538,1.7067761168028546,control,湿热,20250913
20250913_FJ_QZ_Q28,0.04712411203665787,1.090778444721861,control,湿热,20250913
20250913_FJ_QZ_Q29,0.035237813380194244,2.166718934490843,control,湿热,20250913
20250913_FJ_QZ_Q31,2.2273350749282366,3.4963474020506573,high,湿热,20250913
20250913_FJ_QZ_Q32,-0.00950453242974228,1.7350909456755352,high,湿热,20250913
20250913_FJ_QZ_Q33,0.529512712743712,0.6675837978865337,high,湿热,20250913
20250913_FJ_QZ_Q34,0.2438127566246515,0.985067103817625,high,湿热,20250913
20250913_FJ_QZ_Q36,0.25118680858297404,1.2362922176863385,low,湿热,20250913
20250913_FJ_QZ_Q37,0.5275378916530138,1.3465708241011334,high,湿热,20250913
20250913_FJ_QZ_Q38,0.2811982575921541,0.8724171862150859,low,湿热,20250913
20250913_FJ_QZ_Q39,0.3319420386223322,1.4864121422316265,high,湿热,20250913
20250913_FJ_QZ_Q41,0.309632675733996,2.6266505465056134,high,湿热,20250913
20250913_FJ_QZ_Q42,0.616719493654204,0.8061376556898784,high,湿热,20250913
20250913_FJ_QZ_Q44,0.3338195923833376,0.6709999784971904,low,湿热,20250913
20250913_FJ_QZ_Q45,2.142703393485976,3.421440099194212,low,湿热,20250913
20250913_FJ_QZ_Q48,0.31390673854632434,0.07091269345538131,low,湿热,20250913
20250913_FJ_QZ_Q49,0.4795874748496538,1.496966575100584,low,湿热,20250913
20250913_FJ_QZ_Q50,0.03610149958415085,0.025767777874631803,control,湿热,20250913
20250913_FJ_QZ_Q52,0.28701779061241206,0.4712798342253398,low,湿热,20250913
20250913_FJ_QZ_Q54,0.019547218468618927,0.03321633191363327,control,湿热,20250913
20250913_FJ_QZ_Q55,0.14944257029576355,0.8729747280623149,control,湿热,20250913
20250913_FJ_QZ_Q57,0.04187192955298477,0.595473860218687,control,湿热,20250913
20250913_FJ_QZ_Q58,2.114123800781203,3.446851466610594,low,湿热,20250913
20250913_FJ_QZ_Q59,0.3526947144536501,1.5368463739897442,low,湿热,20250913
20250913_FJ_QZ_Q60,0.2324081449886983,0.13401380629794113,low,湿热,20250913
20250913_FJ_QZ_Q61,0.2061628885684734,0.11922559590594284,control,湿热,20250913
20250913_FJ_QZ_Q62,0.09607092478556686,2.1842310175444317,control,湿热,20250913
20250913_FJ_QZ_Q63,0.021845081832838592,1.814647410824461,control,湿热,20250913
20250913_FJ_QZ_Q65,1.5483817849425798,3.2739193186308575,control,湿热,20250913
20250913_FJ_QZ_Q66,0.5995568428306108,2.026712153866453,low,湿热,20250913
20250913_FJ_QZ_Q67,0.5150579009322649,1.5044114336516095,low,湿热,20250913
20250913_FJ_QZ_Q68,0.19418208488507324,0.1935713634039592,control,湿热,20250913
20250913_FJ_QZ_Q69,0.0936161074904924,-0.022032822654085238,control,湿热,20250913
20250913_FJ_QZ_Q70,0.1545177865890985,1.396472190334959,control,湿热,20250913
20250913_FJ_QZ_Q71,0.5184732172755724,1.2832324251677227,control,湿热,20250913
20250913_FJ_QZ_Q72,0.40925837495608386,0.45229486079470627,low,湿热,20250913
20250914_FJ_FQ_F47,-0.17078693768696732,1.2158324465300274,low,湿热,20250914
20250914_FJ_FQ_F51,1.0027366671828752,1.8892245039488507,low,湿热,20250914
20250914_FJ_FQ_F53,1.9237791095046526,3.2048187002684307,control,湿热,20250914
20250914_FJ_FQ_F54,0.039654815581274566,0.9987358793760966,low,湿热,20250914
20250914_FJ_FQ_F55,2.0693617854384905,3.078936789944334,high,湿热,20250914
20250914_FJ_FQ_F56,1.3375100884704119,1.7825345739866925,control,湿热,20250914
20250914_FJ_FQ_F57,0.937846282508803,2.0474738821531964,low,湿热,20250914
20250914_FJ_FQ_F58,0.9991626534728533,0.3893501505400371,high,湿热,20250914
20250914_FJ_FQ_F62,0.5766911599902635,1.1081639275099469,high,湿热,20250914
20250914_FJ_FQ_F66,1.014300743129683,1.2776161179091168,control,湿热,20250914
20250914_FJ_FQ_F69,1.925603965309096,3.324021314098997,high,湿热,20250914
20250914_FJ_FQ_F70,1.0488398466376787,2.0113627657438946,control,湿热,20250914
20250914_FJ_FQ_F71,1.1009184513358599,0.6499428495909404,high,湿热,20250914
20250914_FJ_FQ_F72,0.7086292300490862,1.9114432081724835,low,湿热,20250914
20250914_FJ_FQ_F74,1.9637051615981584,2.3087959036375714,low,湿热,20250914
20250914_FJ_FQ_F75,1.013491908100081,1.958335851147337,high,湿热,20250914
20250914_FJ_FQ_F77,3.657504895713759,4.3571488604094215,low,湿热,20250914
20250914_FJ_FQ_F79,1.8779918942718035,2.227700208141966,high,湿热,20250914
20250914_FJ_FQ_F81,3.4607585463790422,4.194057677700681,high,湿热,20250914
20250914_FJ_FQ_F83,0.20431482234282547,2.0141415342833233,low,湿热,20250914
20250914_FJ_FQ_F84,1.2713210377959734,1.5385069593931866,low,湿热,20250914
20250914_FJ_FQ_F85,1.321104863670302,0.9787006124998759,high,湿热,20250914
20250914_FJ_FQ_F88,0.7843451295165544,-0.25752771942360886,high,湿热,20250914
20250914_FJ_FQ_F89,3.1679221186904436,3.6953980669523907,high,湿热,20250914
20250914_FJ_FQ_F93,0.3691535685328966,1.8642346605803204,low,湿热,20250914
20250914_FJ_FQ_F94,0.9121734891204363,0.06183401198641769,control,湿热,20250914
20250914_FJ_FQ_F102,0.44021292963309344,1.5283703550841046,high,湿热,20250914
20250914_FJ_FQ_F105,0.9343279395370012,1.423556183293028,high,湿热,20250914
20250914_FJ_FQ_F106,0.917857268836928,1.681497071697874,high,湿热,20250914
20250914_FJ_FQ_F107,0.34702581354661044,2.005075190975828,low,湿热,20250914
20250914_FJ_FQ_F110,0.7216497454909807,1.5720596060301495,high,湿热,20250914
20250914_FJ_FQ_F111,0.7609523926047808,-0.14417656807644852,low,湿热,20250914
20250914_FJ_FQ_F118,1.2269292865066057,1.7080692991759014,low,湿热,20250914
20250914_FJ_FQ_F121,1.2094149980811602,1.756182645275755,high,湿热,20250914
20250914_FJ_FQ_F122,0.8596071992187029,-0.01739063410504349,high,湿热,20250914
20250914_FJ_FQ_F123,0.47847033479495105,1.0404157385374737,high,湿热,20250914
20250914_FJ_FQ_F124,1.4079879317550188,1.3087318882490826,high,湿热,20250914
20250914_FJ_FQ_F125,0.8521106038360124,0.09748349042193405,high,湿热,20250914
20250914_FJ_FQ_F126,3.4167533908156877,4.079235766842527,high,湿热,20250914
20250914_FJ_FQ_F128,0.9537219796447283,1.0755924925352764,low,湿热,20250914
20250914_FJ_FQ_F129,3.537669042137099,4.127528880551023,high,湿热,20250914
20250914_FJ_FQ_F131,1.1021842751769548,0.6322269186522197,control,湿热,20250914
20250914_FJ_FQ_F135,2.933294633415175,3.575459693386717,high,湿热,20250914
20250914_FJ_FQ_F137,0.662397542980147,1.1678868279005719,control,湿热,20250914
20250914_FJ_PT_P2,0.2198930364219671,2.493694518520994,control,湿热,20250914
20250914_FJ_PT_P3,0.4652721379069811,2.6687066301848126,control,湿热,20250914
20250914_FJ_PT_P4,0.3190168608097559,2.640689824536009,low,湿热,20250914
20250914_FJ_PT_P6,0.48476014473719653,2.822225068524046,high,湿热,20250914
20250914_FJ_PT_P7,1.1978339348105913,2.28197262139575,control,湿热,20250914
20250914_FJ_PT_P8,0.40464269557280597,2.65436670632617,low,湿热,20250914
20250914_FJ_PT_P9,0.34435864725394305,2.659556840374632,low,湿热,20250914
20250914_FJ_PT_P10,1.5646167788772112,3.2112951025511456,low,湿热,20250914
20250914_FJ_PT_P11,0.7652738485602861,2.8635608896757794,high,湿热,20250914
20250914_FJ_PT_P13,1.8541096244124895,3.1801624044920636,low,湿热,20250914
20250914_FJ_PT_P15,0.27336962708516177,2.521810267880125,low,湿热,20250914
20250914_FJ_PT_P17,0.644855091360045,2.8678753122832013,high,湿热,20250914
20250914_FJ_PT_P18,1.8603945765761858,3.1954581484343243,high,湿热,20250914
20250914_FJ_PT_P19,1.6156812701491838,3.1310589060332013,high,湿热,20250914
20250914_FJ_PT_P20,1.4514347110061174,3.1997070059324932,low,湿热,20250914
20250914_FJ_PT_P21,1.0741129312781816,3.0252973780180645,high,湿热,20250914
20250914_FJ_PT_P22,1.9351670537261492,3.174174998715086,low,湿热,20250914
20250914_FJ_PT_P23,1.7950440440444475,3.174196217968626,low,湿热,20250914
20250914_FJ_PT_P24,0.38446065225882586,2.534806226208372,high,湿热,20250914
20250914_FJ_PT_P25,-0.02857770583348221,0.05268785805956833,low,湿热,20250914
20250914_FJ_PT_P26,1.196781018760634,3.059752915814085,high,湿热,20250914
20250914_FJ_PT_P27,0.6565788183478838,2.2103817209746075,high,湿热,20250914
20250914_FJ_PT_P29,1.1880347523955828,3.040164922192259,high,湿热,20250914
20250914_FJ_PT_P30,0.2626625560341602,2.277507279827757,high,湿热,20250914
20250914_FJ_PT_P33,0.5566577110557085,2.808311437084837,high,湿热,20250914
20251001_FJ_FQ_F83,3.1161728892592913,2.6330623373533917,low,湿热,20251001
20251001_FJ_FQ_F95,3.551366666343642,4.183516715481443,high,湿热,20251001
20251001_FJ_FQ_F97,3.1889604125289446,2.6949121698881817,high,湿热,20251001
20251001_FJ_FQ_F105,3.5503238234786516,4.153440211727781,high,湿热,20251001
20251001_FJ_FQ_F120,0.9752983842162615,-0.3879997759912778,high,湿热,20251001
20251001_FJ_FQ_F136,0.8455614838866716,-0.34412212221367844,control,湿热,20251001
20251001_FJ_FQ_F141,5.288839915779066,1.0027029261137677,control,湿热,20251001
20251001_FJ_FQ_F147,3.197172740486098,2.7769012197996807,high,湿热,20251001
20251001_FJ_FQ_F150,4.084051946189833,2.31588432641284,control,湿热,20251001
20251001_FJ_FQ_F154,1.3435461316375261,1.3021056398894024,high,湿热,20251001
20251001_FJ_FQ_F158,3.50079284050746,4.245561335995359,high,湿热,20251001
20251001_FJ_FQ_F163,3.560414413001967,4.21304533334033,control,湿热,20251001
20251001_FJ_FQ_F165,3.292061904457045,2.741557572796507,control,湿热,20251001
20251001_FJ_FQ_F168,0.4085307512549883,0.06458762736575119,high,湿热,20251001
20251001_FJ_FQ_F170,0.9068069253234392,1.8711585745360089,control,湿热,20251001
20251001_FJ_FQ_F173,1.4092416558532244,1.5070407137419415,low,湿热,20251001
20251001_FJ_FQ_F174,1.3915581498412615,1.6517884478117657,low,湿热,20251001
20251001_FJ_FQ_F175,3.192174771812392,2.708744500591917,low,湿热,20251001
20251001_FJ_FQ_F176,1.3705459628371721,1.8335971579100323,low,湿热,20251001
20251001_FJ_FQ_F177,0.7840205226211077,1.4510675415541363,low,湿热,20251001
20251001_FJ_FQ_F180,1.4788676295547014,1.5394685015227032,low,湿热,20251001
20251001_FJ_FQ_F183,1.34278617241664,2.0232546076323223,low,湿热,20251001
20251001_FJ_FQ_F185,1.2197837624816423,2.0167286142851544,low,湿热,20251001
20251001_XZ_YA_1,4.953270057228041,1.8903176531340313,low,高海拔,20251001
20251001_XZ_YA_2,4.135116914298964,3.081566070034666,low,高海拔,20251001
20251001_XZ_YA_3,6.1553941760329725,1.297528122379942,low,高海拔,20251001
20251001_XZ_YA_4,4.05627117493434,3.718113635494871,low,高海拔,20251001
20251001_XZ_YA_5,4.157254556205702,3.103648637249632,low,高海拔,20251001
20251001_XZ_YA_6,5.152131656196547,1.3514902338530255,low,高海拔,20251001
20251001_XZ_YA_7,3.9269836936263567,3.458674167111082,low,高海拔,20251001
20251001_XZ_YA_8,4.148808816459608,3.2567851290251446,low,高海拔,20251001
20251001_XZ_YA_9,4.2681990657119275,2.956185315563841,low,高海拔,20251001
20251001_XZ_YA_10,5.0417977366714,1.7442078337217999,low,高海拔,20251001
20251001_XZ_YA_11,4.327200988319349,3.653986667111082,low,高海拔,20251001
20251001_XZ_YA_12,5.034586051490736,1.5687920794035626,low,高海拔,20251001
20251001_XZ_YA_13,5.17661915161891,1.14920792432086,low,高海拔,20251001
20251001_XZ_YA_14,4.809867480781508,2.3206748709227276,low,高海拔,20251001
20251001_XZ_YA_15,4.983881572273207,1.4481940016295147,low,高海拔,20251001
20251001_XZ_YA_16,5.037141898658705,1.3637047752882672,low,高海拔,20251001
20251001_XZ_YA_17,4.113433936622572,3.2358867868925763,low,高海拔,20251001
20251001_XZ_YA_18,5.148739913490248,1.380467747166319,low,高海拔,20251001
20251001_XZ_YA_19,4.917570212867689,1.989116166546507,low,高海拔,20251001
20251001_XZ_YA_20,4.618612864997816,3.393300269558592,control,高海拔,20251001
20251001_XZ_YA_21,5.515899756935072,2.800006125881834,control,高海拔,20251001
20251001_XZ_YA_22,3.65288720467372,4.315016005947752,high,高海拔,20251001
20251001_XZ_YB_2,5.611328223731947,0.9466956600691508,control,高海拔,20251001
20251001_XZ_YB_4,4.946675399330092,1.8005687937285138,control,高海拔,20251001
20251001_XZ_YB_6,5.447373488929701,1.0763689026381207,control,高海拔,20251001
20251001_XZ_YB_9,5.376788238075209,1.0484952673460675,control,高海拔,20251001
20251001_XZ_YB_10,5.385831454780531,1.0420838341261578,control,高海拔,20251001
20251001_XZ_YB_11,4.906603911903334,1.4903269753004742,control,高海拔,20251001
20251001_XZ_YB_12,6.164628127601576,1.0220327124144268,control,高海拔,20251001
20251001_XZ_YB_14,5.440597156074476,1.4659118399168682,control,高海拔,20251001
20251001_XZ_YB_15,6.146316150215101,1.1366066679503155,control,高海拔,20251001
20251001_XZ_YB_19,5.340233424690199,1.0745285496260357,control,高海拔,20251001
20251001_XZ_YC_1,5.091369727638197,2.7394883379484845,control,高海拔,20251001
20251001_XZ_YC_2,4.762502769020033,2.0655081018950177,control,高海拔,20251001
20251001_XZ_YC_3,5.065776446845961,1.7591457113768292,high,高海拔,20251001
20251001_XZ_YC_4,4.694187739875746,2.2644428953673077,control,高海拔,20251001
20251001_XZ_YC_5,6.0242196116714,1.2007670149351788,high,高海拔,20251001
20251001_XZ_YC_6,4.1392105613021375,3.2276434645201397,low,高海拔,20251001
20251001_XZ_YC_7,4.630778888252211,2.4807209715391827,low,高海拔,20251001
20251001_XZ_YC_8,6.0061775241164685,1.161086653187437,control,高海拔,20251001
20251001_XZ_YC_9,3.7804335150985247,4.210764621212644,low,高海拔,20251001
20251001_XZ_YC_10,5.420156100776625,1.1879354462172222,high,高海拔,20251001
20251001_XZ_YC_11,4.243793586280775,3.5880653605009747,high,高海拔,20251001
20251001_XZ_YC_12,5.173839667823744,1.4812513336683941,high,高海拔,20251001
20251001_XZ_YC_13,4.3689375911025525,2.9073843702818585,high,高海拔,20251001
20251001_XZ_YC_14,4.394505599525404,3.03776571603076,high,高海拔,20251001
20251001_XZ_YC_15,5.122062781837416,2.519016955807371,high,高海拔,20251001
20251001_XZ_YC_16,5.133601764228773,2.517446015789671,high,高海拔,20251001
20251001_XZ_YC_17,5.351190665748549,1.7494418367888165,high,高海拔,20251001
20251001_XZ_YC_18,4.078098872688246,3.1035370573546124,low,高海拔,20251001
20251001_XZ_YC_19,5.8451744113235,1.3039221510435772,high,高海拔,20251001
20251001_XZ_YC_20,4.863428691413832,2.5202402815367413,low,高海拔,20251001
20251001_XZ_YC_21,4.697816470649672,3.103857491924925,high,高海拔,20251001
20251001_XZ_YC_22,5.971831897285414,1.1972307905699444,high,高海拔,20251001
20251001_XZ_YC_23,6.091083625343275,1.2976288542296124,low,高海拔,20251001
20251001_XZ_YC_24,4.65199814179225,3.189734433605833,high,高海拔,20251001
20251001_XZ_YC_25,4.1144419703750135,3.444577430203123,high,高海拔,20251001
20251001_XZ_YC_26,5.9856368098525525,1.353261445477171,high,高海拔,20251001
20251001_XZ_YC_27,3.7178858313827043,4.265933726742429,high,高海拔,20251001
20251001_XZ_YC_28,6.150749305274916,1.146063779308958,high,高海拔,20251001
20251001_XZ_YC_29,4.9181223902968885,3.097041104748411,high,高海拔,20251001
20251001_XZ_YC_30,5.568032840278578,1.1537041410948468,low,高海拔,20251001
20251001_XZ_YC_31,5.172674754646254,1.3139919981505108,control,高海拔,20251001
20251001_XZ_YC_32,5.913219073799086,1.0795097097899151,high,高海拔,20251001
20251001_XZ_YC_33,6.134253123786879,1.1057263359572125,high,高海拔,20251001
20251001_XZ_YC_34,5.504580596473646,1.2027472004439068,control,高海拔,20251001
20251001_XZ_YD_1,5.254964450386,1.6776499495054913,low,高海拔,20251001
20251001_XZ_YD_3,4.40594683029933,3.457084153607054,control,高海拔,20251001
20251001_XZ_YD_4,4.347312549140883,3.4481389269377423,control,高海拔,20251001
20251001_XZ_YD_5,5.343576053169203,3.0622889742399884,low,高海拔,20251001
20251001_XZ_YD_6,4.531105140235853,3.5528003916289044,control,高海拔,20251001
20251001_XZ_YD_7,5.535422900703383,2.7301621183897686,high,高海拔,20251001
20251001_XZ_YD_8,5.437463382270765,2.9216785177733136,high,高海拔,20251001
20251001_XZ_YD_9,4.248142818000746,3.644349788143797,high,高海拔,20251001
20251001_XZ_YD_10,5.546870330360365,2.749933932736082,high,高海拔,20251001
20251001_XZ_YD_11,5.562114337470961,2.650557015850706,high,高海拔,20251001
20251001_XZ_YD_12,5.583225825813246,2.732905124142332,control,高海拔,20251001
20251001_XZ_YD_13,5.418682673957777,2.385047172024412,control,高海拔,20251001
20251001_XZ_YD_14,4.4734273944167615,2.9897677645231915,control,高海拔,20251001
20251001_XZ_YD_15,4.705426314857435,2.865337584927244,low,高海拔,20251001
20251001_XZ_YD_16,5.29452047684474,1.2379151329542828,high,高海拔,20251001
20251001_XZ_YD_17,4.846937278297377,2.1840290770079327,low,高海拔,20251001
20251001_XZ_YD_18,5.205728152778578,1.8008963808561993,high,高海拔,20251001
20251001_XZ_YD_19,4.732422450569105,3.3279542669798565,control,高海拔,20251001
20251001_XZ_YD_20,4.418673614051771,2.9592926249052716,control,高海拔,20251001
20251001_XZ_YD_21,4.407372096565199,3.116271708920164,control,高海拔,20251001
20251001_XZ_YD_22,4.6226278338698865,2.926585887386961,control,高海拔,20251001
20251001_XZ_YD_23,5.247708419349623,1.690537188961668,low,高海拔,20251001
20251001_XZ_YD_24,4.063344100501967,3.7926780924345684,low,高海拔,20251001
20251001_XZ_YD_25,4.146761754539442,3.5635196909453106,low,高海拔,20251001
20251001_XZ_YD_26,4.058868268516493,3.581065867855711,low,高海拔,20251001
20251001_XZ_YD_27,5.775173762824965,1.2956094488646221,low,高海拔,20251001
20251001_XZ_YD_28,4.480448344734144,2.9140605673338604,low,高海拔,20251001
20251026_FJ_PT_P31,0.521095851448012,1.9373957857634259,control,湿热,20251026
20251026_FJ_QZ_Q73,0.5120727811126238,-0.2603282585595418,control,湿热,20251026
20251026_FJ_QZ_Q74,0.5383762214450365,-0.4105486154411603,low,湿热,20251026
20251026_FJ_QZ_Q75,0.3811144773034578,-0.39794227032406815,low,湿热,20251026
20251026_FJ_QZ_Q76,0.5768954847125536,-0.42529089300377854,high,湿热,20251026
20251026_FJ_QZ_Q77,4.112152913597059,-8.978968884036378,high,湿热,20251026
20251026_FJ_QZ_Q78,0.43790760078711566,-0.3216757729504872,high,湿热,20251026
20251026_FJ_QZ_Q79,0.5547262523440843,-0.32470565585835465,control,湿热,20251026
20251026_FJ_QZ_Q80,0.6222440693645006,-0.3079038813565541,low,湿热,20251026
20251026_FJ_QZ_Q81,0.4376906845836168,-0.14263116864903458,low,湿热,20251026
20251026_FJ_QZ_Q82,0.4300450924901491,1.8730175241972638,control,湿热,20251026
20251026_FJ_QZ_Q83,0.5175848398475176,-0.026278521106081087,control,湿热,20251026
20251104_FJ_FQ_F178,1.2212892565993791,2.1021918997313214,low,湿热,20251104
20251104_FJ_FQ_F179,1.0036828909186846,1.9402167543913555,high,湿热,20251104
20251107_XZ_YD_2,5.606713393714857,2.6845657572294903,low,高海拔,20251107
20260527_XZ_GG_1,5.358047107246351,-7.694651867434817,low,高海拔,20260527
20260527_XZ_GG_2,4.209584573295546,-9.45086314825757,low,高海拔,20260527
20260527_XZ_GG_3,4.575764754798842,-10.767178799197511,low,高海拔,20260527
20260527_XZ_GG_4,5.385975936439467,-7.737716461703616,low,高海拔,20260527
20260527_XZ_GG_5,4.7587338481215955,-10.799343372866945,low,高海拔,20260527
20260527_XZ_GG_6,4.632164577033949,-10.707918430850343,low,高海拔,20260527
20260527_XZ_GG_7,5.345984080818129,-7.572040344760256,low,高海拔,20260527
20260527_XZ_GG_8,4.047437766578627,-8.982154156253175,low,高海拔,20260527
20260527_XZ_GG_9,4.080811122444105,-9.549969936892824,low,高海拔,20260527
20260527_XZ_GG_10,4.738842586067152,-10.408082272097902,low,高海拔,20260527
20260527_XZ_GG_11,4.560664752510023,-10.760459209964113,low,高海拔,20260527
20260527_XZ_GG_12,4.6889706645278455,-10.52211787848218,low,高海拔,20260527
20260527_XZ_GG_13,5.072638610389662,-7.845351959750491,low,高海拔,20260527
20260527_XZ_GG_14,4.152894834068251,-9.811075474307374,low,高海拔,20260527
20260527_XZ_GG_15,5.4374376330642225,-7.625854279086428,low,高海拔,20260527
20260527_XZ_GG_16,5.055221179511976,-7.833540703341799,low,高海拔,20260527
20260527_XZ_GG_17,3.999214509513808,-9.577077175662355,low,高海拔,20260527
20260527_XZ_GG_18,4.625767806556654,-10.673527027652101,low,高海拔,20260527
20260527_XZ_GG_19,4.659222701576185,-10.698616291568117,low,高海拔,20260527
20260527_XZ_GG_20,4.489242652442885,-10.489937092349367,low,高海拔,20260527
20260527_XZ_GG_21,4.0290304217605115,-9.655451084658937,low,高海拔,20260527
20260527_XZ_GG_22,4.155119279411268,-8.632780338809328,low,高海拔,20260527
20260527_XZ_GG_23,-11.995990654441881,6.368937228634519,low,高海拔,20260527
20260527_XZ_GG_24,4.265649417427015,-9.409955288455324,low,高海拔,20260527
20260527_XZ_GG_25,5.3605686221389295,-7.695719028994875,low,高海拔,20260527
20260527_XZ_GG_26,4.065621474769545,-8.768874432132082,low,高海拔,20260527
20260527_XZ_GG_27,4.202128747489882,-8.702288891360597,low,高海拔,20260527
20260527_XZ_GG_28,5.124584296729994,-7.845179344699221,low,高海拔,20260527
20260527_XZ_GG_29,4.523197272804213,-8.779006268069582,low,高海拔,20260527
20260527_XZ_GG_30,4.402461150672865,-10.88045528082593,low,高海拔,20260527
20260527_XZ_GG_31,5.20754537918849,-9.878333355471925,high,高海拔,20260527
20260527_XZ_GG_32,4.14225635865016,-8.803366924807863,high,高海拔,20260527
20260527_XZ_GG_33,4.281070807960463,-8.674222256228761,high,高海拔,20260527
20260527_XZ_GG_34,4.452318767097426,-8.642873074099855,high,高海拔,20260527
20260527_XZ_GG_35,5.3174191508559705,-9.848695065066652,high,高海拔,20260527
20260527_XZ_GG_36,5.196579078224135,-9.67089488653882,high,高海拔,20260527
20260527_XZ_GG_37,5.193312743690443,-9.676707531497316,high,高海拔,20260527
20260527_XZ_GG_38,4.993826964881849,-7.937423016116457,high,高海拔,20260527
20260527_XZ_GG_39,4.173631289985609,-9.020849491641359,high,高海拔,20260527
20260527_XZ_GG_40,5.310527900245619,-9.764724995181398,high,高海拔,20260527
20260527_XZ_GG_41,4.625694373634291,-8.58807017950757,high,高海拔,20260527
20260527_XZ_GG_42,4.47760210373683,-8.87401988653882,high,高海拔,20260527
20260527_XZ_GG_43,4.127366879966688,-9.763775135562257,high,高海拔,20260527
20260527_XZ_GG_44,5.1757331881789685,-9.6768868222688,high,高海拔,20260527
20260527_XZ_GG_46,5.047189334419203,-9.788300777957277,high,高海拔,20260527
20260527_XZ_GG_47,5.191068271186781,-9.75273254065259,high,高海拔,20260527
20260527_XZ_GG_50,4.525179484870863,-9.882276798770265,high,高海拔,20260527
20260527_XZ_GG_51,5.135465243843031,-8.041151310489015,high,高海拔,20260527
20260527_XZ_GG_52,5.039884189155531,-9.245345379397707,high,高海拔,20260527
20260527_XZ_GG_53,5.467177012947035,-9.994220997378664,high,高海拔,20260527
20260527_XZ_GG_55,5.095064261939955,-7.935502316043215,high,高海拔,20260527
20260527_XZ_GG_56,4.166121343162489,-8.7382881894563,high,高海拔,20260527
20260527_XZ_GG_59,4.477087596443129,-8.778064037844972,high,高海拔,20260527
20260527_XZ_GG_60,4.12153897621913,-8.969267155215578,control,高海拔,20260527
20260527_XZ_GG_62,4.932048896339369,-8.409205700442628,control,高海拔,20260527
20260527_XZ_GG_64,4.4426985774306775,-9.45210769324048,control,高海拔,20260527
20260527_XZ_GG_65,5.140653708961439,-9.072408939883546,control,高海拔,20260527
20260527_XZ_GG_66,4.457311252143812,-8.858789707705812,control,高海拔,20260527
20260527_XZ_GG_68,4.813463786628676,-8.341030861422853,control,高海拔,20260527
20260527_XZ_GG_69,4.629092315223646,-8.30023648886426,control,高海拔,20260527
20260527_XZ_GG_71,4.806657413032484,-9.202509190127687,control,高海拔,20260527
20260527_XZ_GG_72,4.844573596504164,-8.739741589114503,control,高海拔,20260527
20260527_XZ_GG_73,4.337284663703871,-9.03868224768384,control,高海拔,20260527
20260527_XZ_GG_74,4.817854980018568,-9.246166492984132,control,高海拔,20260527
20260527_XZ_GG_75,4.760423759010267,-9.787401463076906,control,高海拔,20260527
20260527_XZ_GG_76,4.47880421021266,-8.911698605105714,control,高海拔,20260527
20260527_XZ_GG_77,5.242965320136976,-8.14021804480298,control,高海拔,20260527
20260527_XZ_GG_78,5.110350707557631,-7.835249210879641,control,高海拔,20260527
20260527_XZ_GG_79,4.905931571510267,-9.360932613894777,control,高海拔,20260527
20260527_XZ_GG_80,5.155441382911635,-9.569778706118898,control,高海拔,20260527
20260527_XZ_GG_81,4.947597125556898,-9.693944241092042,low,高海拔,20260527
20260527_XZ_GG_82,4.633623221900892,-8.316719795749025,low,高海拔,20260527
20260527_XZ_GG_83,4.901017287757826,-8.378607060000734,low,高海拔,20260527
20260527_XZ_GG_84,4.5785532985000135,-9.257260586306886,low,高海拔,20260527
20260527_XZ_GG_85,5.051688293006849,-8.552501942202882,low,高海拔,20260527
20260527_XZ_GG_86,4.6942955050735,-10.536055828616457,low,高海拔,20260527
20260527_XZ_GG_87,4.543664077308607,-8.992653156802492,low,高海拔,20260527
20260527_XZ_GG_88,4.7092343364028455,-10.719148899600343,low,高海拔,20260527
20260527_XZ_GG_89,4.74386129715724,-10.589702869937257,low,高海拔,20260527
20260527_XZ_GG_92,4.37306747772975,-9.69540717749341,low,高海拔,20260527
20260527_XZ_GG_93,4.810114005592299,-9.214058186099367,low,高海拔,20260527
20260527_XZ_GG_94,4.833468535926771,-10.733828808352785,low,高海拔,20260527
20260527_XZ_GG_95,5.076024631050062,-9.151086117312746,low,高海拔,20260527
20260527_XZ_GG_96,4.751769641426039,-10.666531826541261,low,高海拔,20260527
20260527_XZ_GG_97,5.23557386734767,-10.04970290808423,low,高海拔,20260527
20260527_XZ_GG_98,4.980122664955092,-8.050519730136232,low,高海拔,20260527
20260527_XZ_GG_99,5.049199203041029,-8.463164116427736,low,高海拔,20260527
20260527_XZ_GG_100,4.768782714393568,-9.720548893496828,low,高海拔,20260527
20260527_XZ_GG_101,5.058191398170424,-9.05308654455884,low,高海拔,20260527
20260527_XZ_GG_102,4.891902545478773,-8.482215191409425,low,高海拔,20260527
20260527_XZ_GG_103,5.493740657356215,-9.356965328738527,low,高海拔,20260527
20260527_XZ_GG_104,4.9360338244704725,-10.684708859011964,low,高海拔,20260527
20260527_XZ_GG_105,4.666968444374037,-9.671850468203859,low,高海拔,20260527
20260527_XZ_GG_106,4.410670856025648,-9.433301235720949,low,高海拔,20260527
20260527_XZ_GG_121,4.761629203346205,-9.456425930545167,control,高海拔,20260527
20260527_XZ_GG_122,4.680924991157484,-9.951916958377199,control,高海拔,20260527
20260527_XZ_GG_123,5.156570056465101,-8.277117992923097,high,高海拔,20260527
20260527_XZ_GG_124,4.9766341243056775,-9.560475613162355,high,高海拔,20260527
20260527_XZ_GG_125,5.022735217597914,-9.471862103030519,control,高海拔,20260527
20260527_XZ_GG_126,5.088702300575209,-9.4307348981355,control,高海拔,20260527
20260527_XZ_GG_128,4.67629013397975,-9.231997753665285,control,高海拔,20260527
20260527_XZ_GG_129,5.242448905494642,-9.319163586184816,control,高海拔,20260527
20260527_XZ_GG_130,5.876218417671156,-10.111359859988527,control,高海拔,20260527
20260527_XZ_GG_131,5.359120944526625,-9.638612057254152,control,高海拔,20260527
20260527_XZ_GG_132,4.708938220527601,-9.915893818423585,control,高海拔,20260527
20260527_XZ_GG_135,5.536111930396986,-10.04335811285718,control,高海拔,20260527
20260527_XZ_GG_136,6.087934592750502,-9.884603764102296,control,高海拔,20260527
20260527_XZ_GG_137,5.380423644569349,-9.193757320926027,control,高海拔,20260527
20260527_XZ_GG_138,5.687335589912367,-10.185075069949464,low,高海拔,20260527
20260527_XZ_GG_139,5.436722854164076,-9.004473949954347,low,高海拔,20260527
20260527_XZ_GG_140,5.5575619731215955,-8.83715465216382,high,高海拔,20260527
20260527_XZ_GG_141,5.801650146034193,-10.186449314639406,high,高海拔,20260527
20260527_XZ_GG_142,5.788353065040541,-9.606418873355226,high,高海拔,20260527
20260527_XZ_GG_143,5.768509963539076,-10.070584560916261,low,高海拔,20260527
20260527_XZ_GG_144,5.648984054115248,-9.222468639895753,high,高海拔,20260527
20260527_XZ_GG_145,5.8605075869826795,-9.494057919070558,high,高海拔,20260527
20260527_XZ_GG_146,5.723322013404799,-8.65975215582593,low,高海拔,20260527
20260527_XZ_GG_147,6.124195674446058,-9.929390217349367,high,高海拔,20260527
20260527_XZ_GG_148,5.9050727877883435,-8.774125362918214,high,高海拔,20260527
20260527_XZ_GG_149,5.9936510119704725,-10.038624073550539,high,高海拔,20260527
20260527_XZ_GG_150,5.869093040016127,-10.043621326968507,high,高海拔,20260527
20260527_XZ_GG_151,4.985121348884535,-10.27981879858716,low,高海拔,20260527
20260527_XZ_GG_152,5.765667060401869,-9.595536495730714,control,高海拔,20260527
20260527_XZ_GG_153,5.830585578468275,-10.149213100955324,high,高海拔,20260527
20260527_XZ_GG_154,5.738658526924086,-9.427416111514406,low,高海拔,20260527
20260527_XZ_GG_155,5.976887324836683,-10.032150532290773,high,高海拔,20260527
20260527_XZ_GG_156,6.147726157691908,-9.265028263614015,high,高海拔,20260527
20260527_XZ_GG_157,6.174926379707289,-9.308544422671632,high,高海拔,20260527
20260527_XZ_GG_158,6.1427999530105115,-9.537189747378664,low,高海拔,20260527
20260527_XZ_GG_159,5.845219710853529,-8.339864994571046,high,高海拔,20260527
20260527_XZ_GG_160,5.843223670509291,-9.592550541446046,high,高海拔,20260527
20260527_XZ_GG_161,6.058530906227064,-8.803488995120363,low,高海拔,20260527
20260527_XZ_GG_162,6.111227611091566,-9.852665211245851,high,高海拔,20260527
20260527_XZ_GG_163,5.9268528018264295,-8.614980007693605,low,高海拔,20260527
20260527_XZ_GG_164,6.031141856697035,-8.833800579593019,low,高海拔,20260527
20260527_XZ_GG_165,6.138804057624769,-9.399847294375734,high,高海拔,20260527
20260527_XZ_GG_166,5.681455234077406,-8.875306393191652,low,高海拔,20260527
20260527_XZ_GG_167,5.8115292582778455,-8.315842415377931,high,高海拔,20260527
20260527_XZ_GG_168,6.1812754664687635,-9.150266911074953,high,高海拔,20260527
20260527_XZ_GG_169,6.032070735481215,-8.919720913455324,high,高海拔,20260527
20260527_XZ_GG_170,5.690445521858168,-8.288605953738527,low,高海拔,20260527
20260527_XZ_GG_171,5.228211024787855,-8.549549366519289,high,高海拔,20260527
20260717_GZ_TH_1,-11.862291237327623,5.878277038052244,control,湿热,20260717
20260717_GZ_TH_2,-10.727732559654283,7.601863597347898,control,湿热,20260717
20260717_GZ_TH_3,-12.010334869834947,6.707146380856199,control,湿热,20260717
20260717_GZ_TH_4,-12.08786763808446,6.843429778530759,control,湿热,20260717
20260717_GZ_TH_6,-11.957487961265612,6.280766223385496,high,湿热,20260717
20260717_GZ_TH_7,-11.765146156761217,6.338430617764158,high,湿热,20260717
20260717_GZ_TH_8,-10.722818275901842,7.562961314633054,high,湿热,20260717
20260717_GZ_TH_9,-11.808185478660631,5.880856727078123,high,湿热,20260717
20260717_GZ_TH_10,-11.63140668532567,5.855244849636716,high,湿热,20260717
20260717_GZ_TH_11,-11.60611714980321,6.518779490902586,high,湿热,20260717
20260717_GZ_TH_12,-11.142492195579576,5.6677167162443824,low,湿热,20260717
20260717_GZ_TH_13,-10.226918121788072,8.250355456783934,low,湿热,20260717
20260717_GZ_TH_14,-10.418538948509264,7.419898246243162,high,湿热,20260717
20260717_GZ_TH_15,-11.16140927931981,6.13796398492114,low,湿热,20260717
20260717_GZ_TH_16,-11.131530662986803,5.808911059811277,low,湿热,20260717
20260717_GZ_TH_17,-9.994251152488756,8.51712772698657,low,湿热,20260717
20260717_GZ_TH_18,-11.029580971214342,7.0026309237028785,low,湿热,20260717
20260717_GZ_TH_19,-10.901868721458483,5.672799800350828,low,湿热,20260717
20260717_GZ_TH_20,-11.836659332725572,6.593139384701414,low,湿热,20260717
20260717_GZ_TH_21,-10.143962761375475,8.361869548275633,high,湿热,20260717
20260717_GZ_TH_22,-11.08085622451024,6.5155961260344215,low,湿热,20260717
20260717_GZ_TH_23,-10.992963692161608,5.7732608065153785,control,湿热,20260717
20260717_GZ_TH_24,-12.166096588584947,7.015844558193845,control,湿热,20260717
20260717_GZ_TH_25,-11.178666969749498,5.776536677792234,high,湿热,20260717
20260717_GZ_TH_26,-12.13199033400731,7.058456633999509,high,湿热,20260717
20260717_GZ_TH_27,-11.238212486717272,6.072478984310789,high,湿热,20260717
20260717_GZ_TH_28,-12.135340591880846,6.9222604975249,high,湿热,20260717
20260717_GZ_TH_29,-12.169910332176256,6.953702186062498,high,湿热,20260717
20260717_GZ_TH_30,-10.955225845787096,6.288291190579099,high,湿热,20260717
20260717_GZ_TH_31,-10.772006889793444,7.449783538296384,high,湿热,20260717
20260717_GZ_TH_32,-10.649855514976549,7.678316806271238,high,湿热,20260717
20260717_GZ_TH_33,-11.546819588157701,6.423135970547361,high,湿热,20260717
20260717_GZ_TH_35,-11.266410728904772,6.984848712399168,high,湿热,20260717
20260717_GZ_TH_36,-10.109025856468248,8.383725856259032,control,湿热,20260717
20260717_GZ_TH_37,-11.00838365218358,7.073441718533201,control,湿热,20260717
20260717_GZ_TH_38,-10.065154930564928,8.495761607601805,high,湿热,20260717
20260717_GZ_TH_39,-11.383543869468737,7.095603202297849,high,湿热,20260717
20260717_GZ_TH_40,-11.282640358421373,6.7519900545622535,high,湿热,20260717
20260717_GZ_TH_41,-10.490409752342272,6.813467715695066,high,湿热,20260717
20260717_GZ_TH_42,-11.598674675437975,6.217668746426267,control,湿热,20260717
20260717_GZ_TH_43,-10.49269761702733,7.7946698412443824,control,湿热,20260717
20260717_GZ_TH_44,-11.316584488365221,5.967093680813474,control,湿热,20260717
20260717_GZ_TH_45,-10.099687477561998,8.408737872555418,control,湿热,20260717
20260717_GZ_TH_46,-11.255289932701158,6.676640723660154,low,湿热,20260717
20260717_GZ_TH_47,-11.160835167381334,7.027121280148191,low,湿热,20260717
20260717_GZ_TH_48,-11.532052895042467,6.310551856472654,high,湿热,20260717
20260717_GZ_TH_49,-11.203816315147447,7.190561984493894,control,湿热,20260717
20260717_GZ_TH_50,-10.137775322410631,8.328160975887938,control,湿热,20260717
20260717_GZ_TH_51,-11.7218741383286,6.820322726681394,control,湿热,20260717
20260717_GZ_TH_53,-10.951160332176256,5.8607098803068824,control,湿热,20260717
20260717_GZ_TH_54,-12.097585579368639,6.920601581051511,control,湿热,20260717
20260717_GZ_TH_55,-11.43021096846776,5.9414922937895485,control,湿热,20260717
20260717_GZ_TH_57,-11.400411507103014,5.955447886898679,control,湿热,20260717
20260717_GZ_TH_58,-10.95550622603612,6.384504054501218,control,湿热,20260717
20260717_GZ_TH_59,-10.332587143394518,7.797004435970945,control,湿热,20260717
20260717_GZ_TH_61,-11.049973389122057,6.22023937554614,control,湿热,20260717
20260717_GZ_TH_62,-11.288584610435533,5.660571311428709,low,湿热,20260717
20260717_GZ_TH_63,-11.105757614585924,6.158317779019041,control,湿热,20260717
20260717_GZ_TH_64,-11.354337593528795,5.630530570461912,control,湿热,20260717
20260717_GZ_TH_65,-11.397430321189928,5.648084853604002,control,湿热,20260717
20260717_GZ_TH_66,-10.851039787742662,6.162687037899656,control,湿热,20260717
20260717_GZ_TH_67,-11.409660240623522,5.835055087521238,control,湿热,20260717
20260717_GZ_TH_68,-11.019668480369615,6.574605678036375,control,湿热,20260717
20260717_GZ_TH_69,-11.385252853843737,5.474224780514402,control,湿热,20260717
20260717_GZ_TH_70,-11.463568588707018,5.683348391964597,control,湿热,20260717
20260717_GZ_TH_71,-11.390669723960924,5.6156375154997535,control,湿热,20260717
20260717_GZ_TH_72,-11.50699319503026,6.152666305020017,control,湿热,20260717
20260717_GZ_TH_73,-11.53793801924901,5.594157432034177,control,湿热,20260717
20260717_GZ_TH_74,-10.426419159385729,7.867120479061765,control,湿热,20260717
20260717_GZ_TH_75,-11.847570320579576,5.9301750406767555,control,湿热,20260717
20260717_GZ_TH_76,-11.384808441612291,6.035604213192625,control,湿热,20260717
20260717_GZ_TH_77,-11.31382741591649,5.66374466271655,control,湿热,20260717
20260717_GZ_TH_78,-11.126073738548326,6.277835582211179,control,湿热,20260717
20260717_GZ_TH_79,-11.219153305503893,6.141131614163084,control,湿热,20260717
20260717_GZ_TH_80,-11.844458481285143,6.389151309445066,control,湿热,20260717
20260717_GZ_TH_87,-10.592473885032701,6.556180213406248,low,湿热,20260717
20260717_GZ_TH_88,-10.217535873863268,7.038112853481931,control,湿热,20260717
20260717_GZ_TH_89,-10.297331711265612,6.309596751644773,low,湿热,20260717
20260717_GZ_TH_90,-10.464416405174303,5.893436168148679,high,湿热,20260717
20260717_GZ_TH_93,-10.139984032127428,6.751003001644773,low,湿热,20260717
20260717_GZ_TH_94,-10.097927948448229,6.343195651486082,low,湿热,20260717
20260717_GZ_TH_95,-10.267373939964342,6.155174945309324,low,湿热,20260717
20260717_GZ_TH_96,-10.335072418663072,7.13363048882739,low,湿热,20260717
20260717_GZ_TH_98,-10.121002098533678,8.427054141476317,low,湿热,20260717
20260717_GZ_TH_99,-10.228695770713854,7.201545451595945,low,湿热,20260717
20260717_GZ_TH_100,-10.251895805809069,6.0378482088591285,low,湿热,20260717
20260717_GZ_TH_101,-10.268684288475084,6.154698584988279,low,湿热,20260717
20260717_GZ_TH_102,-10.168863197776842,6.368839953854246,low,湿热,20260717
20260717_GZ_TH_103,-10.247938057395983,6.359140609219236,low,湿热,20260717
20260717_GZ_TH_104,-10.218479057762194,8.00716850610034,low,湿热,20260717
20260717_GZ_TH_106,-10.426104446861315,6.776966784908933,low,湿热,20260717
20260717_GZ_TH_107,-10.604228874656725,5.812337134792966,high,湿热,20260717
20260717_GZ_TH_108,-10.560390373680162,5.893162463619871,high,湿热,20260717
20260717_GZ_TH_109,-10.299801727745104,8.126147960140868,high,湿热,20260717
20260717_GZ_TH_110,-10.450104614707994,5.947835658505125,control,湿热,20260717
20260717_GZ_TH_111,-10.228243729087877,8.208883975460692,high,湿热,20260717
20260717_GZ_TH_112,-10.130964180442858,7.058901523068113,high,湿热,20260717
20260717_GZ_TH_114,-10.887481590721178,5.598553393795652,high,湿热,20260717
20260717_GZ_TH_115,-11.859381576988268,6.505837176754636,high,湿热,20260717
20260717_GZ_TH_117,-10.168354889366197,6.193907473995847,control,湿热,20260717
20260717_GZ_TH_118,-10.266945740196276,7.886911128475828,control,湿热,20260717
20260717_GZ_TH_119,-11.868865868064928,6.815444205715818,high,湿热,20260717
20260717_GZ_TH_120,-10.760798355552721,5.707151149227781,high,湿热,20260717
20260717_GZ_TH_121,-10.47763528487401,6.72526810021655,control,湿热,20260717
20260717_GZ_TH_122,-10.201622864219713,6.206054423763914,high,湿热,20260717
20260717_GZ_TH_123,-10.21286477706151,7.402741645291013,high,湿热,20260717
20260717_GZ_TH_124,-10.121374985191393,6.649701808407468,high,湿热,20260717
20260717_GZ_TH_125,-10.958991905662584,6.231941436245603,high,湿热,20260717
20260717_GZ_TH_126,-10.231335541221666,6.934062217190427,high,湿热,20260717
20260717_GZ_TH_128,-10.422373672935533,7.562022899105711,high,湿热,20260717
20260717_GZ_TH_129,-10.258206268760729,6.172054503872556,high,湿热,20260717
20260717_GZ_TH_131,-10.279917618248033,8.102707599117918,high,湿热,20260717
20260717_GZ_TH_132,-10.177800079795885,8.381739352657958,high,湿热,20260717
20260717_GZ_TH_133,-10.177035232994127,8.246571277096434,high,湿热,20260717
20260717_GZ_TH_134,-10.117987534019518,8.434128497555418,high,湿热,20260717
20260717_GZ_TH_137,-10.124674698326158,8.421449397518797,high,湿热,20260717
20260717_GZ_TH_138,-10.369155785057115,7.409957145168943,high,湿热,20260717
20260717_GZ_TH_143,-10.118402382347155,6.8926455721403785,low,湿热,20260717
20260717_GZ_TH_144,-10.037938972923326,6.584502910092039,control,湿热,20260717
20260717_GZ_TH_147,-10.304927727195787,7.721543048336668,low,湿热,20260717
20260717_GZ_TH_148,-10.79953469893651,7.246308539822263,low,湿热,20260717
20260717_GZ_TH_149,-10.177136322471666,7.0732156977202125,low,湿热,20260717
20260717_GZ_TH_150,-10.104157349082994,6.362322066738767,low,湿热,20260717
