UniqueSampleID,TREAT1_clean,condition,group,MS_batch_proxy,observed_proteins,missing_pct,log2_median,log2_q25,log2_q75,log2_iqr,median_norm_median,median_shift_applied
20250913_FJ_QZ_Q3,low,湿热,FJ_QZ,20250913,1391,2.9986052998605297,9.611899678235265,8.173748026634996,11.598161862501732,3.424413835866737,9.242360582721323,-0.36953909551394126
20250913_FJ_QZ_Q4,control,湿热,FJ_QZ,20250913,1421,0.906555090655509,9.48270432979232,8.138797534838126,11.33937866795712,3.200581133118993,9.242360582721323,-0.24034374707099637
20250913_FJ_QZ_Q12,control,湿热,FJ_QZ,20250913,1370,4.463040446304045,9.427997289387209,7.924943015886829,11.368862134434575,3.4439191185477487,9.242360582721323,-0.1856367066658855
20250913_FJ_QZ_Q13,control,湿热,FJ_QZ,20250913,1331,7.182705718270571,9.187267640523109,7.602748803893283,11.265354005028732,3.66260520113545,9.242360582721323,0.0550929421982147
20250913_FJ_QZ_Q14,control,湿热,FJ_QZ,20250913,1418,1.1157601115760112,9.73089905055955,8.352975472395622,11.747863587805554,3.394888115409932,9.242360582721322,-0.48853846783822696
20250913_FJ_QZ_Q15,control,湿热,FJ_QZ,20250913,1396,2.6499302649930265,9.428895460514736,8.028247313291482,11.303074802649189,3.2748274893577047,9.242360582721323,-0.18653487779341127
20250913_FJ_QZ_Q16,control,湿热,FJ_QZ,20250913,1366,4.741980474198047,8.8853029098941,7.436278351016657,10.96513125837134,3.5288529073546826,9.242360582721322,0.35705767282722256
20250913_FJ_QZ_Q18,control,湿热,FJ_QZ,20250913,1402,2.2315202231520224,9.56727125012651,8.26430807602269,11.531429024122954,3.267120948100263,9.242360582721323,-0.32491066740518626
20250913_FJ_QZ_Q20,control,湿热,FJ_QZ,20250913,1398,2.510460251046025,9.734343211351856,8.240927802571239,11.593802271845227,3.3528744692739885,9.242360582721323,-0.49198262863053266
20250913_FJ_QZ_Q21,control,湿热,FJ_QZ,20250913,1397,2.580195258019526,9.273387272959646,7.807627808145714,11.416499384817218,3.608871576671504,9.242360582721323,-0.03102669023832227
20250913_FJ_QZ_Q22,control,湿热,FJ_QZ,20250913,1408,1.813110181311018,9.31593716178085,7.9623172092952,11.263275453596211,3.300958244301013,9.242360582721323,-0.07357657905952664
20250913_FJ_QZ_Q23,control,湿热,FJ_QZ,20250913,1374,4.184100418410042,8.969839624542182,7.662159709649954,10.95583175019123,3.293672040541276,9.242360582721322,0.27252095817914146
20250913_FJ_QZ_Q25,control,湿热,FJ_QZ,20250913,1407,1.882845188284519,9.679908284503334,8.26482767875935,11.581859261809072,3.3170315830497223,9.242360582721323,-0.43754770178201063
20250913_FJ_QZ_Q26,control,湿热,FJ_QZ,20250913,1412,1.5341701534170151,9.633915369513954,8.228311713733948,11.474552512590092,3.246240798856144,9.242360582721323,-0.39155478679263034
20250913_FJ_QZ_Q27,control,湿热,FJ_QZ,20250913,1418,1.1157601115760112,9.749860998473768,8.25801374113465,11.688561697147296,3.4305479560126457,9.242360582721322,-0.5075004157524443
20250913_FJ_QZ_Q28,control,湿热,FJ_QZ,20250913,1390,3.0683403068340307,9.319126888500762,7.96367222649677,11.256480541066908,3.292808314570137,9.242360582721323,-0.07676630577943833
20250913_FJ_QZ_Q29,control,湿热,FJ_QZ,20250913,1400,2.3709902370990235,9.566551575221595,8.0706427060247,11.447054628652817,3.376411922628117,9.242360582721322,-0.32419099250027195
20250913_FJ_QZ_Q31,high,湿热,FJ_QZ,20250913,1370,4.463040446304045,9.17273626344254,7.807547751565366,11.37979102109188,3.5722432695265134,9.242360582721323,0.06962431927878399
20250913_FJ_QZ_Q32,high,湿热,FJ_QZ,20250913,1402,2.2315202231520224,9.368555104547797,7.874288446648628,11.268276541785148,3.3939880951365184,9.242360582721323,-0.1261945218264735
20250913_FJ_QZ_Q33,high,湿热,FJ_QZ,20250913,1378,3.905160390516039,9.222761807152356,7.662458208913006,11.267192641783096,3.604734432870091,9.242360582721322,0.01959877556896749
20250913_FJ_QZ_Q34,high,湿热,FJ_QZ,20250913,1389,3.1380753138075312,9.32475395856944,7.939039125538685,11.307569940116144,3.3685308145774586,9.242360582721323,-0.08239337584811679
20250913_FJ_QZ_Q36,low,湿热,FJ_QZ,20250913,1407,1.882845188284519,9.606006622100908,8.122186789467957,11.441731088669378,3.3195442992014215,9.242360582721323,-0.3636460393795833
20250913_FJ_QZ_Q37,high,湿热,FJ_QZ,20250913,1370,4.463040446304045,9.610225192191416,8.014623850808954,11.642810828116133,3.628186977307178,9.242360582721323,-0.36786460947009303
20250913_FJ_QZ_Q38,low,湿热,FJ_QZ,20250913,1370,4.463040446304045,9.182358484145013,7.798720429276971,11.26334139671837,3.4646209674414,9.242360582721322,0.06000209857631056
20250913_FJ_QZ_Q39,high,湿热,FJ_QZ,20250913,1402,2.2315202231520224,9.600541673491431,8.169472573570278,11.549741425392751,3.380268851822475,9.242360582721322,-0.35818109077010796
20250913_FJ_QZ_Q41,high,湿热,FJ_QZ,20250913,1421,0.906555090655509,9.67547770958175,8.417422345282615,11.41832309530661,3.0009007500239946,9.242360582721323,-0.4331171268604273
20250913_FJ_QZ_Q42,high,湿热,FJ_QZ,20250913,1394,2.789400278940028,9.318600861870024,7.788061770763087,11.392418065346114,3.6043562945830265,9.242360582721323,-0.0762402791487009
20250913_FJ_QZ_Q44,low,湿热,FJ_QZ,20250913,1362,5.02092050209205,9.361603452667309,7.79937890771612,11.339256613609995,3.5398777058938773,9.242360582721323,-0.11924286994598532
20250913_FJ_QZ_Q45,low,湿热,FJ_QZ,20250913,1367,4.672245467224546,9.090704771646967,7.662494950174574,11.12440106776632,3.461906117591747,9.242360582721323,0.15165581107435422
20250913_FJ_QZ_Q48,low,湿热,FJ_QZ,20250913,1285,10.390516039051604,9.017338900668232,7.466195481855401,11.051148853042458,3.5849533711870567,9.242360582721323,0.22502168205309123
20250913_FJ_QZ_Q49,low,湿热,FJ_QZ,20250913,1417,1.1854951185495115,9.624485807679358,8.275775267098654,11.491449820913592,3.2156745538149387,9.242360582721323,-0.3821252249580347
20250913_FJ_QZ_Q50,control,湿热,FJ_QZ,20250913,1400,2.3709902370990235,9.051719914286895,7.755225336996756,10.944443779495831,3.189218442499075,9.242360582721323,0.19064066843442615
20250913_FJ_QZ_Q52,low,湿热,FJ_QZ,20250913,1355,5.509065550906555,9.202794919802177,7.617497861305821,11.238384087991694,3.620886226685872,9.242360582721323,0.03956566291914853
20250913_FJ_QZ_Q54,control,湿热,FJ_QZ,20250913,1370,4.463040446304045,8.907098551132705,7.444190110090636,10.819213624457484,3.3750235143668483,9.242360582721323,0.3352620315886181
20250913_FJ_QZ_Q55,control,湿热,FJ_QZ,20250913,1399,2.4407252440725244,9.357622876508229,7.911041677751223,11.400917080659111,3.48987540290789,9.242360582721323,-0.11526229378690368
20250913_FJ_QZ_Q57,control,湿热,FJ_QZ,20250913,1374,4.184100418410042,9.276422654793691,7.857643481626913,11.013785785604185,3.156142303977272,9.242360582721323,-0.03406207207236989
20250913_FJ_QZ_Q58,low,湿热,FJ_QZ,20250913,1347,6.066945606694561,9.331332892230265,7.927357537748659,11.427424911244142,3.500067373495483,9.242360582721323,-0.0889723095089412
20250913_FJ_QZ_Q59,low,湿热,FJ_QZ,20250913,1405,2.0223152022315203,9.848870848720798,8.433364745285836,11.66205886843405,3.2286941231482142,9.242360582721323,-0.606510265999475
20250913_FJ_QZ_Q60,low,湿热,FJ_QZ,20250913,1374,4.184100418410042,8.952480078385499,7.544638489084276,11.075899266799777,3.5312607777155005,9.242360582721322,0.2898805043358248
20250913_FJ_QZ_Q61,control,湿热,FJ_QZ,20250913,1360,5.160390516039052,8.999432559196373,7.634705442215406,11.003201985678402,3.368496543462996,9.242360582721323,0.24292802352495
20250913_FJ_QZ_Q62,control,湿热,FJ_QZ,20250913,1415,1.3249651324965133,9.962541712042292,8.715572212720284,11.851600564115785,3.1360283513955007,9.242360582721323,-0.7201811293209683
20250913_FJ_QZ_Q63,control,湿热,FJ_QZ,20250913,1395,2.7196652719665275,9.664499259460351,8.18941531644584,11.430287063559296,3.240871747113454,9.242360582721323,-0.4221386767390296
20250913_FJ_QZ_Q65,control,湿热,FJ_QZ,20250913,1377,3.974895397489539,9.490379744718812,8.03449438899457,11.459585581798478,3.425091192803908,9.242360582721323,-0.24801916199748852
20250913_FJ_QZ_Q66,low,湿热,FJ_QZ,20250913,1421,0.906555090655509,9.925502737690636,8.42242541333558,11.668436850427952,3.2460114370923723,9.242360582721323,-0.6831421549693122
20250913_FJ_QZ_Q67,low,湿热,FJ_QZ,20250913,1377,3.974895397489539,9.80569851567435,8.366552606738583,11.785404174232111,3.4188515674935296,9.242360582721323,-0.5633379329530275
20250913_FJ_QZ_Q68,control,湿热,FJ_QZ,20250913,1366,4.741980474198047,9.216493693247644,7.8844050447246925,11.12895147803159,3.2445464333068976,9.242360582721323,0.02586688947367932
20250913_FJ_QZ_Q69,control,湿热,FJ_QZ,20250913,1299,9.414225941422592,8.707104739906983,7.25069511712071,10.660603471205526,3.4099083540848163,9.242360582721323,0.5352558428143404
20250913_FJ_QZ_Q70,control,湿热,FJ_QZ,20250913,1417,1.1854951185495115,9.648407177310451,8.347435515022317,11.573472915659936,3.226037400637619,9.242360582721323,-0.40604659458912984
20250913_FJ_QZ_Q71,control,湿热,FJ_QZ,20250913,1400,2.3709902370990235,9.64912886701378,8.191503249664718,11.59553032714144,3.404027077476723,9.242360582721323,-0.4067682842924558
20250913_FJ_QZ_Q72,low,湿热,FJ_QZ,20250913,1329,7.322175732217573,9.572193314620405,8.108873285149297,11.443708082265728,3.3348347971164305,9.242360582721323,-0.32983273189908147
20250914_FJ_FQ_F47,low,湿热,FJ_FQ,20250914,1401,2.301255230125523,9.41366730797465,7.8692231263987775,11.254030506864678,3.384807380465901,9.242360582721323,-0.17130672525332713
20250914_FJ_FQ_F51,low,湿热,FJ_FQ,20250914,1407,1.882845188284519,9.771326245977022,8.238206416768186,11.764785476790516,3.52657906002233,9.242360582721323,-0.5289656632556987
20250914_FJ_FQ_F53,control,湿热,FJ_FQ,20250914,1403,2.161785216178522,9.495555096081487,8.002993580598432,11.404536287643364,3.401542707044932,9.242360582721323,-0.25319451336016563
20250914_FJ_FQ_F54,low,湿热,FJ_FQ,20250914,1410,1.6736401673640169,9.45358186157996,8.051859223967636,11.43910902555219,3.387249801584554,9.242360582721323,-0.21122127885863584
20250914_FJ_FQ_F55,high,湿热,FJ_FQ,20250914,1417,1.1854951185495115,9.903707839066591,8.26680054939554,11.97199174100427,3.70519119160873,9.242360582721323,-0.6613472563452678
20250914_FJ_FQ_F56,control,湿热,FJ_FQ,20250914,1405,2.0223152022315203,9.824604049364105,8.270970661646686,11.772501345413428,3.5015306837667417,9.242360582721323,-0.5822434666427796
20250914_FJ_FQ_F57,low,湿热,FJ_FQ,20250914,1428,0.41841004184100417,10.061486743946016,8.705317282597338,11.875557914959868,3.1702406323625283,9.242360582721323,-0.819126161224693
20250914_FJ_FQ_F58,high,湿热,FJ_FQ,20250914,1387,3.2775453277545328,9.17133945751876,7.524203951674604,11.132348844973382,3.6081448932987783,9.242360582721323,0.07102112520256476
20250914_FJ_FQ_F62,high,湿热,FJ_FQ,20250914,1373,4.253835425383542,9.520862864483748,8.030642723053768,11.495624016160162,3.464981293106394,9.242360582721323,-0.27850228176242453
20250914_FJ_FQ_F66,control,湿热,FJ_FQ,20250914,1400,2.3709902370990235,9.5135497008536,7.956683026725692,11.579864161070295,3.6231811343446054,9.242360582721322,-0.2711891181322752
20250914_FJ_FQ_F69,high,湿热,FJ_FQ,20250914,1363,4.951185495118549,9.224263901475217,7.768697188846632,11.286557250425926,3.5178600615792934,9.242360582721323,0.01809668124610652
20250914_FJ_FQ_F70,control,湿热,FJ_FQ,20250914,1414,1.394700139470014,9.795813936266477,8.166884080627788,11.705955820261735,3.539071739633947,9.242360582721323,-0.5534533535451533
20250914_FJ_FQ_F71,high,湿热,FJ_FQ,20250914,1352,5.718270571827057,9.212908844596262,7.65407603234816,11.230789865384676,3.576713833036515,9.242360582721323,0.02945173812506141
20250914_FJ_FQ_F72,low,湿热,FJ_FQ,20250914,1392,2.928870292887029,9.695909685738592,8.170052796089383,11.755302523289927,3.5852497272005444,9.242360582721323,-0.45354910301727003
20250914_FJ_FQ_F74,low,湿热,FJ_FQ,20250914,1359,5.230125523012552,9.605780840818849,8.018815606728335,11.670915342235071,3.652099735506736,9.242360582721323,-0.36342025809752343
20250914_FJ_FQ_F75,high,湿热,FJ_FQ,20250914,1420,0.9762900976290098,9.904195634970565,8.355599523368273,11.77114158911445,3.415542065746177,9.242360582721323,-0.6618350522492396
20250914_FJ_FQ_F77,low,湿热,FJ_FQ,20250914,976,31.93863319386332,9.291828163340096,7.77415068148559,11.917578540308032,4.143427858822442,9.242360582721323,-0.04946758061877254
20250914_FJ_FQ_F79,high,湿热,FJ_FQ,20250914,1383,3.556485355648536,9.347166356646564,7.83377150393686,11.4172454796028,3.5834739756659415,9.242360582721323,-0.10480577392523928
20250914_FJ_FQ_F81,high,湿热,FJ_FQ,20250914,1255,12.482566248256626,8.996932095500112,7.393401794171589,11.489026910997714,4.095625116826125,9.242360582721323,0.24542848722121136
20250914_FJ_FQ_F83,low,湿热,FJ_FQ,20250914,1393,2.8591352859135286,9.625904000130362,8.16352975639107,11.573114598411696,3.409584842020628,9.242360582721323,-0.3835434174090384
20250914_FJ_FQ_F84,low,湿热,FJ_FQ,20250914,1399,2.4407252440725244,9.591427040735969,7.963330581994695,11.49727956523795,3.5339489832432545,9.242360582721323,-0.34906645801464364
20250914_FJ_FQ_F85,high,湿热,FJ_FQ,20250914,1309,8.716875871687588,9.541110798654394,7.95161608434957,11.710991673801418,3.759375589451849,9.242360582721323,-0.2987502159330706
20250914_FJ_FQ_F88,high,湿热,FJ_FQ,20250914,1326,7.531380753138076,8.755819588059694,7.168303814036189,10.854514997188115,3.6862111831519258,9.242360582721323,0.48654099466162926
20250914_FJ_FQ_F89,high,湿热,FJ_FQ,20250914,1293,9.832635983263598,9.256528473877005,7.681004580215772,11.499274631968769,3.818270051752995,9.242360582721323,-0.01416789115567951
20250914_FJ_FQ_F93,low,湿热,FJ_FQ,20250914,1380,3.765690376569038,9.719662818745384,8.25792333025865,11.551874751869995,3.293951421611345,9.242360582721323,-0.47730223602406063
20250914_FJ_FQ_F94,control,湿热,FJ_FQ,20250914,1234,13.94700139470014,9.029742418203291,7.505074632704313,11.205784026218389,3.7007093935140754,9.242360582721323,0.21261816451803028
20250914_FJ_FQ_F102,high,湿热,FJ_FQ,20250914,1390,3.0683403068340307,9.53236580172542,8.198967426081632,11.533910402618682,3.33494297653705,9.242360582721323,-0.2900052190040956
20250914_FJ_FQ_F105,high,湿热,FJ_FQ,20250914,1393,2.8591352859135286,9.80825877622889,8.314208987415245,11.796193127581256,3.481984140166011,9.242360582721323,-0.5658981935075662
20250914_FJ_FQ_F106,high,湿热,FJ_FQ,20250914,1385,3.417015341701534,9.668521034905773,8.034811553816494,11.6623448005056,3.627533246689106,9.242360582721323,-0.4261604521844493
20250914_FJ_FQ_F107,low,湿热,FJ_FQ,20250914,1418,1.1157601115760112,10.157520459311606,8.748045811910854,11.872636136050652,3.124590324139797,9.242360582721323,-0.9151598765902822
20250914_FJ_FQ_F110,high,湿热,FJ_FQ,20250914,1386,3.3472803347280333,9.693758178022986,8.153411188364576,11.76615378438345,3.612742596018874,9.242360582721323,-0.45139759530166224
20250914_FJ_FQ_F111,low,湿热,FJ_FQ,20250914,1354,5.578800557880056,8.793732581186475,7.385778646714627,10.86584369009504,3.480065043380412,9.242360582721322,0.44862800153484805
20250914_FJ_FQ_F118,low,湿热,FJ_FQ,20250914,1375,4.114365411436541,9.696154750168866,8.186762877432221,11.683596054524916,3.496833177092695,9.242360582721323,-0.4537941674475423
20250914_FJ_FQ_F121,high,湿热,FJ_FQ,20250914,1368,4.602510460251046,9.74973096781574,8.258108685402409,11.672296015629446,3.414187330227037,9.242360582721323,-0.5073703850944167
20250914_FJ_FQ_F122,high,湿热,FJ_FQ,20250914,1309,8.716875871687588,8.941741041670001,7.384801795681409,10.920295786573634,3.535493990892225,9.242360582721323,0.30061954105132216
20250914_FJ_FQ_F123,high,湿热,FJ_FQ,20250914,1375,4.114365411436541,9.591404212056467,8.214249338852657,11.592039685322565,3.377790346469908,9.242360582721323,-0.34904362933514577
20250914_FJ_FQ_F124,high,湿热,FJ_FQ,20250914,1356,5.439330543933055,9.410010298663895,7.953803602801257,11.610052446397669,3.6562488435964102,9.242360582721322,-0.16764971594257183
20250914_FJ_FQ_F125,high,湿热,FJ_FQ,20250914,1363,4.951185495118549,9.09923414499035,7.574588489765647,11.024776325525629,3.450187835759982,9.242360582721323,0.14312643773097378
20250914_FJ_FQ_F126,high,湿热,FJ_FQ,20250914,1053,26.569037656903767,9.379466419501384,7.69638327363911,11.798904743835314,4.102521470196204,9.242360582721323,-0.13710583678006041
20250914_FJ_FQ_F128,low,湿热,FJ_FQ,20250914,1370,4.463040446304045,9.45634788284274,7.864291708632552,11.547319125222437,3.683027416589882,9.242360582721322,-0.2139873001214152
20250914_FJ_FQ_F129,high,湿热,FJ_FQ,20250914,1238,13.668061366806135,8.921727622954144,7.362026474852918,11.258232023452615,3.896205548599698,9.242360582721323,0.3206329597671793
20250914_FJ_FQ_F131,control,湿热,FJ_FQ,20250914,1319,8.01952580195258,9.211064825902746,7.573494958009636,11.33832038629085,3.764825428281213,9.242360582721323,0.03129575681857766
20250914_FJ_FQ_F135,high,湿热,FJ_FQ,20250914,1325,7.601115760111576,9.410310689375196,7.951143908852878,11.593400469712416,3.642256560859537,9.242360582721323,-0.16795010665387267
20250914_FJ_FQ_F137,control,湿热,FJ_FQ,20250914,1400,2.3709902370990235,9.568378359569689,8.198782505587163,11.492617091710766,3.2938345861236034,9.242360582721323,-0.3260177768483654
20250914_FJ_PT_P2,control,湿热,FJ_PT,20250914,1418,1.1157601115760112,9.699524989626022,8.403088526678246,11.52739147965108,3.1243029529728332,9.242360582721323,-0.45716440690469895
20250914_FJ_PT_P3,control,湿热,FJ_PT,20250914,1422,0.8368200836820083,9.965426922284523,8.611403666028425,11.733508860160397,3.1221051941319704,9.242360582721322,-0.7230663395632018
20250914_FJ_PT_P4,low,湿热,FJ_PT,20250914,1428,0.41841004184100417,9.97578539153796,8.668436439262415,11.574284198998033,2.9058477597356163,9.242360582721323,-0.733424808816638
20250914_FJ_PT_P6,high,湿热,FJ_PT,20250914,1425,0.6276150627615062,9.639891017174197,8.234372775601756,11.347148104511763,3.1127753289100077,9.242360582721323,-0.3975304344528734
20250914_FJ_PT_P7,control,湿热,FJ_PT,20250914,1432,0.1394700139470014,10.382997762200056,9.050885997557607,12.268511093701964,3.217625096144358,9.242360582721323,-1.1406371794787322
20250914_FJ_PT_P8,low,湿热,FJ_PT,20250914,1430,0.2789400278940028,9.777457106163189,8.462961883417115,11.457893334714113,2.9949314512969956,9.242360582721323,-0.5350965234418634
20250914_FJ_PT_P9,low,湿热,FJ_PT,20250914,1425,0.6276150627615062,9.805905412272187,8.500558179278508,11.580628685097736,3.0800705058192275,9.242360582721323,-0.5635448295508638
20250914_FJ_PT_P10,low,湿热,FJ_PT,20250914,1423,0.7670850767085077,9.65229280004664,8.329433757343857,11.488530618879697,3.15909686153584,9.242360582721323,-0.40993221732531815
20250914_FJ_PT_P11,high,湿热,FJ_PT,20250914,1429,0.3486750348675035,10.40259314818213,9.113394036131435,12.105967636930025,2.992573600798588,9.242360582721323,-1.160232565460806
20250914_FJ_PT_P13,low,湿热,FJ_PT,20250914,1419,1.0460251046025104,9.544884273293649,8.256631796590186,11.570981288457482,3.3143494918672953,9.242360582721323,-0.30252369057232364
20250914_FJ_PT_P15,low,湿热,FJ_PT,20250914,1424,0.697350069735007,9.942803783115354,8.580026605831566,11.719313705283172,3.1392870994516056,9.242360582721323,-0.7004432003940302
20250914_FJ_PT_P17,high,湿热,FJ_PT,20250914,1425,0.6276150627615062,10.135097701757791,8.898233990730118,11.96300929023864,3.064775299508522,9.242360582721323,-0.8927371190364681
20250914_FJ_PT_P18,high,湿热,FJ_PT,20250914,1408,1.813110181311018,9.650877305649216,8.14025752324146,11.701639875404314,3.5613823521628554,9.242360582721322,-0.4085167229278941
20250914_FJ_PT_P19,high,湿热,FJ_PT,20250914,1418,1.1157601115760112,9.72245554250565,8.143731529426443,11.622570799207466,3.478839269781023,9.242360582721322,-0.4800949597843261
20250914_FJ_PT_P20,low,湿热,FJ_PT,20250914,1415,1.3249651324965133,9.647160852915407,8.193435955216376,11.516456903744004,3.3230209485276276,9.242360582721323,-0.4048002701940856
20250914_FJ_PT_P21,high,湿热,FJ_PT,20250914,1422,0.8368200836820083,9.998992955772744,8.675604587652018,11.775155454760664,3.099550867108647,9.242360582721323,-0.7566323730514206
20250914_FJ_PT_P22,low,湿热,FJ_PT,20250914,1384,3.486750348675035,9.254268871925152,7.728011052616203,11.3763243776607,3.648313325044499,9.242360582721323,-0.01190828920382891
20250914_FJ_PT_P23,low,湿热,FJ_PT,20250914,1418,1.1157601115760112,9.542771846595762,8.112862024477996,11.561936702246047,3.449074677768051,9.242360582721322,-0.30041126387443917
20250914_FJ_PT_P24,high,湿热,FJ_PT,20250914,1423,0.7670850767085077,9.836563854285847,8.337096304345259,11.670915579025852,3.333819274680593,9.242360582721323,-0.594203271564524
20250914_FJ_PT_P25,low,湿热,FJ_PT,20250914,1390,3.0683403068340307,8.962976027133413,7.583767320793308,10.759671434303682,3.1759041135103736,9.242360582721323,0.2793845555879102
20250914_FJ_PT_P26,high,湿热,FJ_PT,20250914,1419,1.0460251046025104,9.764047078305444,8.434863641744055,11.474010202710929,3.0391465609668735,9.242360582721323,-0.5216864955841221
20250914_FJ_PT_P27,high,湿热,FJ_PT,20250914,1421,0.906555090655509,9.936274890598346,8.604727066665964,11.78655002054589,3.1818229538799265,9.242360582721323,-0.6939143078770229
20250914_FJ_PT_P29,high,湿热,FJ_PT,20250914,1402,2.2315202231520224,10.050306495620893,8.563007480523996,11.956533819608524,3.393526339084527,9.242360582721322,-0.8079459128995676
20250914_FJ_PT_P30,high,湿热,FJ_PT,20250914,1420,0.9762900976290098,9.739184537585842,8.372802327427708,11.517744052302366,3.1449417248746574,9.242360582721323,-0.496823954864519
20250914_FJ_PT_P33,high,湿热,FJ_PT,20250914,1422,0.8368200836820083,10.00165679715839,8.762153618599488,11.67306294922644,2.9109093306269536,9.242360582721322,-0.7592962144370663
20251001_FJ_FQ_F83,low,湿热,FJ_FQ,20251001,1348,5.997210599721059,9.008618196978423,7.604963908594379,11.155454018647236,3.5504901100528583,9.242360582721323,0.2337423857428984
20251001_FJ_FQ_F95,high,湿热,FJ_FQ,20251001,1184,17.433751743375176,8.885192713957139,7.340170578568675,11.279453864368897,3.939283285800222,9.242360582721323,0.3571678687641846
20251001_FJ_FQ_F97,high,湿热,FJ_FQ,20251001,1354,5.578800557880056,9.20152929123062,7.692079827574567,11.24696929754436,3.554889469969792,9.242360582721323,0.04083129149070252
20251001_FJ_FQ_F105,high,湿热,FJ_FQ,20251001,1158,19.246861924686193,9.209322386065317,7.687168414498133,11.502298710528144,3.8151302960300097,9.242360582721323,0.03303819665600649
20251001_FJ_FQ_F120,high,湿热,FJ_FQ,20251001,1346,6.136680613668061,8.64604390063592,7.248377654579885,10.643228385286712,3.3948507307068283,9.242360582721323,0.5963166820854031
20251001_FJ_FQ_F136,control,湿热,FJ_FQ,20251001,1366,4.741980474198047,8.569910090947902,7.157500482409716,10.510281066961694,3.3527805845519776,9.242360582721323,0.6724504917734215
20251001_FJ_FQ_F141,control,湿热,FJ_FQ,20251001,1398,2.510460251046025,9.872139045079262,8.364722410564436,11.781859955866944,3.4171375453025092,9.242360582721322,-0.6297784623579386
20251001_FJ_FQ_F147,high,湿热,FJ_FQ,20251001,1289,10.1115760111576,9.240645779171476,7.611913069741472,11.564234983504273,3.9523219137628,9.242360582721323,0.00171480354984865
20251001_FJ_FQ_F150,control,湿热,FJ_FQ,20251001,1388,3.207810320781032,9.746636134428323,8.271223256589067,11.674906096948275,3.4036828403592096,9.242360582721323,-0.5042755517070017
20251001_FJ_FQ_F154,high,湿热,FJ_FQ,20251001,1405,2.0223152022315203,9.511475434450576,7.99275253568179,11.411720830981244,3.418968295299454,9.242360582721323,-0.26911485172925254
20251001_FJ_FQ_F158,high,湿热,FJ_FQ,20251001,1147,20.0139470013947,9.07053110014677,7.63975992564721,11.530888603823616,3.891128678176406,9.242360582721323,0.17182948257455344
20251001_FJ_FQ_F163,control,湿热,FJ_FQ,20251001,1237,13.737796373779638,8.817596071799105,7.376723430541698,11.11651768114439,3.739794250602692,9.242360582721323,0.424764510922218
20251001_FJ_FQ_F165,control,湿热,FJ_FQ,20251001,1311,8.577405857740587,9.594018372001662,8.047427985190833,11.765037184355904,3.7176091991650697,9.242360582721323,-0.3516577892803383
20251001_FJ_FQ_F168,high,湿热,FJ_FQ,20251001,1360,5.160390516039052,9.021998777657938,7.579509434320799,10.92530679161023,3.345797357289432,9.242360582721322,0.22036180506338532
20251001_FJ_FQ_F170,control,湿热,FJ_FQ,20251001,1389,3.1380753138075312,9.629629431730434,8.203285563903414,11.5632949743782,3.3600094104747846,9.242360582721323,-0.38726884900911074
20251001_FJ_FQ_F173,low,湿热,FJ_FQ,20251001,1405,2.0223152022315203,9.706869268666974,8.276228647404995,11.66374245444719,3.387513807042195,9.242360582721323,-0.46450868594565087
20251001_FJ_FQ_F174,low,湿热,FJ_FQ,20251001,1347,6.066945606694561,9.937288322022242,8.347543579124924,11.92004083913579,3.5724972600108664,9.242360582721323,-0.694927739300919
20251001_FJ_FQ_F175,low,湿热,FJ_FQ,20251001,1338,6.694560669456067,9.14953627905656,7.648953544714087,11.429264216446592,3.7803106717325057,9.242360582721323,0.09282430366476292
20251001_FJ_FQ_F176,low,湿热,FJ_FQ,20251001,1382,3.626220362622036,10.01718910639318,8.554262800696298,12.024810833101991,3.470548032405693,9.242360582721322,-0.7748285236718555
20251001_FJ_FQ_F177,low,湿热,FJ_FQ,20251001,1407,1.882845188284519,9.612577537444222,8.295851628162566,11.421454920996489,3.1256032928339224,9.242360582721323,-0.37021695472289906
20251001_FJ_FQ_F180,low,湿热,FJ_FQ,20251001,1339,6.624825662482567,9.812708476858088,8.31419996485535,11.916300320062188,3.6021003552068382,9.242360582721323,-0.5703478941367646
20251001_FJ_FQ_F183,low,湿热,FJ_FQ,20251001,1423,0.7670850767085077,10.19320814673625,8.88233734179276,12.05585248955486,3.1735151477621013,9.242360582721323,-0.9508475640149268
20251001_FJ_FQ_F185,low,湿热,FJ_FQ,20251001,1408,1.813110181311018,10.212074800988727,8.740025713883757,12.04013644939791,3.300110735514153,9.242360582721323,-0.969714218267404
20251001_XZ_YA_1,low,高海拔,XZ_YA,20251001,1406,1.9525801952580195,10.21617807202091,8.749191597049341,12.450060199736289,3.7008686026869473,9.242360582721323,-0.973817489299586
20251001_XZ_YA_2,low,高海拔,XZ_YA,20251001,1379,3.8354253835425385,9.590240955220745,8.1010451584569,11.920702850824682,3.819657692367782,9.242360582721323,-0.3478803724994215
20251001_XZ_YA_3,low,高海拔,XZ_YA,20251001,1388,3.207810320781032,9.085000515974947,7.517720910269635,11.194295299760933,3.6765743894912974,9.242360582721323,0.15736006674637437
20251001_XZ_YA_4,low,高海拔,XZ_YA,20251001,1249,12.90097629009763,9.13675617503708,7.657970400828528,11.521033900480218,3.8630634996516897,9.242360582721323,0.10560440768424328
20251001_XZ_YA_5,low,高海拔,XZ_YA,20251001,1375,4.114365411436541,9.414342522003473,7.892213149346569,11.75320538400086,3.86099223465429,9.242360582721323,-0.17198193928214955
20251001_XZ_YA_6,low,高海拔,XZ_YA,20251001,1425,0.6276150627615062,9.741308869424634,8.23157980323447,11.608007050494576,3.376427247260107,9.242360582721323,-0.4989482867033104
20251001_XZ_YA_7,low,高海拔,XZ_YA,20251001,1292,9.9023709902371,9.375103763564688,7.795933435962382,11.774278714091851,3.978345278129469,9.242360582721323,-0.13274318084336478
20251001_XZ_YA_8,low,高海拔,XZ_YA,20251001,1371,4.393305439330543,9.427358245841214,8.015323206121309,11.61709877821805,3.6017755720967415,9.242360582721323,-0.18499766311989063
20251001_XZ_YA_9,low,高海拔,XZ_YA,20251001,1391,2.9986052998605297,9.519085743357929,8.031162272373601,11.729425244552433,3.6982629721788314,9.242360582721323,-0.27672516063660346
20251001_XZ_YA_10,low,高海拔,XZ_YA,20251001,1426,0.5578800557880056,10.452730347366336,8.817319553344177,12.26908587147176,3.451766318127582,9.242360582721323,-1.2103697646450122
20251001_XZ_YA_11,low,高海拔,XZ_YA,20251001,1400,2.3709902370990235,9.07846896361011,7.6534138883200304,11.179434572881233,3.5260206845612023,9.242360582721323,0.16389161911121342
20251001_XZ_YA_12,low,高海拔,XZ_YA,20251001,1431,0.20920502092050208,10.51529860241775,9.143415656088338,12.23106918624002,3.087653530151682,9.242360582721323,-1.2729380196964275
20251001_XZ_YA_13,low,高海拔,XZ_YA,20251001,1424,0.697350069735007,10.247761624845506,8.716823870129637,11.856185431586916,3.139361561457278,9.242360582721322,-1.0054010421241824
20251001_XZ_YA_14,low,高海拔,XZ_YA,20251001,1423,0.7670850767085077,9.851761334772906,8.403171230724816,11.753121149882606,3.3499499191577904,9.242360582721323,-0.6094007520515827
20251001_XZ_YA_15,low,高海拔,XZ_YA,20251001,1423,0.7670850767085077,10.37817590051892,8.8387978166489,12.043161805154964,3.2043639885060653,9.242360582721323,-1.1358153177975971
20251001_XZ_YA_16,low,高海拔,XZ_YA,20251001,1424,0.697350069735007,10.032411652919423,8.662934771270653,11.864847935719396,3.2019131644487437,9.242360582721323,-0.7900510701980998
20251001_XZ_YA_17,low,高海拔,XZ_YA,20251001,1351,5.788005578800558,9.304844262532466,7.753695811132758,11.564559677493992,3.810863866361234,9.242360582721323,-0.06248367981114278
20251001_XZ_YA_18,low,高海拔,XZ_YA,20251001,1427,0.4881450488145049,9.804350255857008,8.401059518432533,11.633726148403664,3.2326666299711313,9.242360582721323,-0.5619896731356846
20251001_XZ_YA_19,low,高海拔,XZ_YA,20251001,1427,0.4881450488145049,10.013577401589854,8.476075286142228,11.856083992058288,3.38000870591606,9.242360582721323,-0.7712168188685311
20251001_XZ_YA_20,control,高海拔,XZ_YA,20251001,1386,3.3472803347280333,9.227951366888252,7.606606007961291,11.356041081707716,3.749435073746427,9.242360582721323,0.01440921583307108
20251001_XZ_YA_21,control,高海拔,XZ_YA,20251001,1423,0.7670850767085077,10.14160716050847,8.878272848815055,12.143146207193125,3.264873358378068,9.242360582721323,-0.8992465777871459
20251001_XZ_YA_22,high,高海拔,XZ_YA,20251001,1200,16.317991631799163,8.703642550030018,7.309671564151438,11.05640222012791,3.7467306559764726,9.242360582721323,0.538718032691305
20251001_XZ_YB_2,control,高海拔,XZ_YB,20251001,1415,1.3249651324965133,9.71922931015036,8.188840344809945,11.524537249174088,3.335696904364143,9.242360582721323,-0.47686872742903574
20251001_XZ_YB_4,control,高海拔,XZ_YB,20251001,1429,0.3486750348675035,10.409292129733023,8.87107303188186,12.239183175602989,3.368110143721127,9.242360582721323,-1.1669315470117017
20251001_XZ_YB_6,control,高海拔,XZ_YB,20251001,1417,1.1854951185495115,9.801140748073127,8.347698135990882,11.717600497060063,3.369902361069183,9.242360582721323,-0.5587801653518056
20251001_XZ_YB_9,control,高海拔,XZ_YB,20251001,1418,1.1157601115760112,9.78523970931835,8.336760453522244,11.50475662254497,3.167996169022727,9.242360582721323,-0.5428791265970272
20251001_XZ_YB_10,control,高海拔,XZ_YB,20251001,1417,1.1854951185495115,9.924873108169695,8.411431335369471,11.62521754562079,3.2137862102513193,9.242360582721323,-0.6825125254483719
20251001_XZ_YB_11,control,高海拔,XZ_YB,20251001,1425,0.6276150627615062,9.849730844241138,8.440304617530034,11.762593010847503,3.3222883933174714,9.242360582721323,-0.6073702615198151
20251001_XZ_YB_12,control,高海拔,XZ_YB,20251001,1399,2.4407252440725244,9.294784230499218,7.738595223965032,11.100340998866994,3.3617457749019612,9.242360582721323,-0.05242364777789454
20251001_XZ_YB_14,control,高海拔,XZ_YB,20251001,1404,2.092050209205021,9.632568126788634,7.977752276634791,11.460198049771972,3.4824457731371803,9.242360582721323,-0.3902075440673105
20251001_XZ_YB_15,control,高海拔,XZ_YB,20251001,1407,1.882845188284519,9.139067592661046,7.666715705217648,11.03451678235242,3.3678010771347715,9.242360582721323,0.10329299006027703
20251001_XZ_YB_19,control,高海拔,XZ_YB,20251001,1426,0.5578800557880056,9.871111012205244,8.302838089053495,11.529985829093947,3.2271477400404542,9.242360582721323,-0.6287504294839206
20251001_XZ_YC_1,control,高海拔,XZ_YC,20251001,1425,0.6276150627615062,9.625306408493708,8.248856427538382,11.647221800095938,3.3983653725575564,9.242360582721323,-0.3829458257723832
20251001_XZ_YC_2,control,高海拔,XZ_YC,20251001,1407,1.882845188284519,9.890308628653427,8.30109826626608,11.922995093221996,3.621896826955915,9.242360582721323,-0.6479480459321039
20251001_XZ_YC_3,high,高海拔,XZ_YC,20251001,1430,0.2789400278940028,10.056921447051076,8.588444176511665,11.902206323879025,3.3137621473673597,9.242360582721323,-0.8145608643297528
20251001_XZ_YC_4,control,高海拔,XZ_YC,20251001,1413,1.4644351464435146,9.788283616391674,8.279601230036278,11.84321768453143,3.5636164544951523,9.242360582721323,-0.5459230336703502
20251001_XZ_YC_5,high,高海拔,XZ_YC,20251001,1416,1.2552301255230125,9.177743175654705,7.612871695131207,11.122325128365308,3.5094534332341007,9.242360582721323,0.06461740706661878
20251001_XZ_YC_6,low,高海拔,XZ_YC,20251001,1386,3.3472803347280333,9.39530384437702,7.865899462716236,11.538735800312525,3.672836337596287,9.242360582721323,-0.15294326165569672
20251001_XZ_YC_7,low,高海拔,XZ_YC,20251001,1388,3.207810320781032,9.726880428988837,8.04731927384611,11.863918890432728,3.8165996165866183,9.242360582721323,-0.48451984626751177
20251001_XZ_YC_8,control,高海拔,XZ_YC,20251001,1400,2.3709902370990235,9.368936512646366,7.77548377830049,11.292933546185436,3.517449767884946,9.242360582721323,-0.12657592992504263
20251001_XZ_YC_9,low,高海拔,XZ_YC,20251001,1220,14.923291492329149,8.795568299476301,7.290903417063023,11.065741188352671,3.774837771289648,9.242360582721323,0.4467922832450224
20251001_XZ_YC_10,high,高海拔,XZ_YC,20251001,1419,1.0460251046025104,9.815509753447284,8.204214924823187,11.593805564338354,3.3895906395151663,9.242360582721323,-0.5731491707259604
20251001_XZ_YC_11,high,高海拔,XZ_YC,20251001,1355,5.509065550906555,8.885363754730726,7.277827005418409,11.052554847003012,3.7747278415846033,9.242360582721323,0.3569968279905975
20251001_XZ_YC_12,high,高海拔,XZ_YC,20251001,1429,0.3486750348675035,10.017326325936695,8.503993712152472,11.795863685968918,3.2918699738164463,9.242360582721323,-0.7749657432153718
20251001_XZ_YC_13,high,高海拔,XZ_YC,20251001,1408,1.813110181311018,9.422734035058262,7.986075415063357,11.326533074364212,3.3404576593008546,9.242360582721323,-0.1803734523369389
20251001_XZ_YC_14,high,高海拔,XZ_YC,20251001,1363,4.951185495118549,9.612816765387908,7.980677548795809,11.620035885300958,3.6393583365051487,9.242360582721323,-0.37045618266658487
20251001_XZ_YC_15,high,高海拔,XZ_YC,20251001,1427,0.4881450488145049,9.889286060440671,8.536502108175974,11.880492888985229,3.3439907808092553,9.242360582721323,-0.6469254777193498
20251001_XZ_YC_16,high,高海拔,XZ_YC,20251001,1429,0.3486750348675035,10.060205773883414,8.677773183319493,12.009992248829803,3.332219065510312,9.242360582721323,-0.8178451911620908
20251001_XZ_YC_17,high,高海拔,XZ_YC,20251001,1406,1.9525801952580195,9.66243460739937,8.049574625969209,11.758407803468332,3.7088331774991232,9.242360582721323,-0.4200740246780459
20251001_XZ_YC_18,low,高海拔,XZ_YC,20251001,1296,9.623430962343097,9.677010799572807,8.026927595374419,11.787572310022831,3.7606447146484143,9.242360582721323,-0.4346502168514856
20251001_XZ_YC_19,high,高海拔,XZ_YC,20251001,1401,2.301255230125523,9.570408859130572,7.864251050775269,11.428201434718304,3.5639503839430366,9.242360582721323,-0.32804827640925005
20251001_XZ_YC_20,low,高海拔,XZ_YC,20251001,1405,2.0223152022315203,9.70309226693632,8.154942307766051,11.769597159739853,3.6146548519738015,9.242360582721323,-0.46073168421499666
20251001_XZ_YC_21,high,高海拔,XZ_YC,20251001,1419,1.0460251046025104,9.385385060314174,8.060179471517959,11.348143428893271,3.2879639573753145,9.242360582721323,-0.14302447759285108
20251001_XZ_YC_22,high,高海拔,XZ_YC,20251001,1398,2.510460251046025,9.416174536828892,7.869864617983232,11.329375331597891,3.4595107136146597,9.242360582721323,-0.17381395410756895
20251001_XZ_YC_23,low,高海拔,XZ_YC,20251001,1361,5.090655509065551,9.270317429206653,7.692048964623578,11.388748877270263,3.696699912646687,9.242360582721323,-0.0279568464853277
20251001_XZ_YC_24,high,高海拔,XZ_YC,20251001,1378,3.905160390516039,9.117750081592575,7.621455055920197,11.026472955188268,3.40501789926807,9.242360582721323,0.12461050112874794
20251001_XZ_YC_25,high,高海拔,XZ_YC,20251001,1354,5.578800557880056,9.14251246997182,7.731240517087384,11.251520126931853,3.5202796098444686,9.242360582721323,0.09984811274950368
20251001_XZ_YC_26,high,高海拔,XZ_YC,20251001,1410,1.6736401673640169,9.235731578874368,7.694195583693411,11.32257398587463,3.628378402181219,9.242360582721323,0.00662900384695497
20251001_XZ_YC_27,high,高海拔,XZ_YC,20251001,1132,21.05997210599721,8.868536868656568,7.210781562483888,11.2749834953794,4.064201932895513,9.242360582721323,0.3738237140647555
20251001_XZ_YC_28,high,高海拔,XZ_YC,20251001,1393,2.8591352859135286,9.099296758401872,7.621940628824395,11.107415046314834,3.4854744174904395,9.242360582721323,0.14306382431945153
20251001_XZ_YC_29,high,高海拔,XZ_YC,20251001,1423,0.7670850767085077,9.259910601802256,7.844993654920755,11.33196718475419,3.486973529833435,9.242360582721323,-0.01755001908093234
20251001_XZ_YC_30,low,高海拔,XZ_YC,20251001,1425,0.6276150627615062,9.68142963208162,8.164017664156377,11.508188415385447,3.34417075122907,9.242360582721323,-0.43906904936029534
20251001_XZ_YC_31,control,高海拔,XZ_YC,20251001,1424,0.697350069735007,9.806899881552912,8.393279521417067,11.66230684071103,3.269027319293963,9.242360582721323,-0.5645392988315887
20251001_XZ_YC_32,high,高海拔,XZ_YC,20251001,1405,2.0223152022315203,9.386901050729264,7.8258129232062,11.344312028685676,3.5184991054794743,9.242360582721323,-0.14454046800793918
20251001_XZ_YC_33,high,高海拔,XZ_YC,20251001,1354,5.578800557880056,9.43083772480242,7.845098613327937,11.26793465148221,3.4228360381542737,9.242360582721322,-0.188477142081096
20251001_XZ_YC_34,control,高海拔,XZ_YC,20251001,1414,1.394700139470014,9.88093016415218,8.212156770737508,11.684484459956256,3.4723276892187496,9.242360582721323,-0.6385695814308576
20251001_XZ_YD_1,low,高海拔,XZ_YD,20251001,1418,1.1157601115760112,9.748964189158023,8.237446590740179,11.64850607812832,3.411059487388142,9.242360582721322,-0.5066036064367001
20251001_XZ_YD_3,control,高海拔,XZ_YD,20251001,1367,4.672245467224546,9.226895753369062,7.746892114799815,11.446597676658213,3.699705561858396,9.242360582721323,0.01546482935226123
20251001_XZ_YD_4,control,高海拔,XZ_YD,20251001,1340,6.5550906555090656,9.249266928542356,7.742038235698243,11.390463499509206,3.648425263810963,9.242360582721323,-0.00690634582103122
20251001_XZ_YD_5,low,高海拔,XZ_YD,20251001,1398,2.510460251046025,9.705970063208548,8.428497369927664,11.725266943742312,3.2967695738146485,9.242360582721322,-0.4636094804872233
20251001_XZ_YD_6,control,高海拔,XZ_YD,20251001,1374,4.184100418410042,9.14883850938514,7.667368501915934,11.31588284591759,3.648514344001656,9.242360582721322,0.09352207333618344
20251001_XZ_YD_7,high,高海拔,XZ_YD,20251001,1422,0.8368200836820083,10.306335826212878,8.96451499099801,12.304045060653245,3.3395300696552344,9.242360582721323,-1.063975243491555
20251001_XZ_YD_8,high,高海拔,XZ_YD,20251001,1381,3.695955369595537,10.131160042457603,8.6297501460941,12.168354901230664,3.5386047551365643,9.242360582721323,-0.8887994597362798
20251001_XZ_YD_9,high,高海拔,XZ_YD,20251001,1257,12.343096234309623,9.08731990647046,7.687632083134197,11.369914922070553,3.682282838936354,9.242360582721323,0.15504067625086293
20251001_XZ_YD_10,high,高海拔,XZ_YD,20251001,1427,0.4881450488145049,10.348446134206691,9.05403850718853,12.371314097992189,3.317275590803657,9.242360582721323,-1.1060855514853678
20251001_XZ_YD_11,high,高海拔,XZ_YD,20251001,1431,0.20920502092050208,10.951113486522594,9.58091820212534,12.76920596735304,3.1882877652277006,9.242360582721323,-1.7087529038012708
20251001_XZ_YD_12,control,高海拔,XZ_YD,20251001,1432,0.1394700139470014,10.953008449624416,9.485286160394816,12.948296094304146,3.46300993390933,9.242360582721323,-1.7106478669030911
20251001_XZ_YD_13,control,高海拔,XZ_YD,20251001,1430,0.2789400278940028,11.174438332649244,9.812622551632703,12.902945813738835,3.090323262106132,9.242360582721323,-1.9320777499279205
20251001_XZ_YD_14,control,高海拔,XZ_YD,20251001,1392,2.928870292887029,9.413015660248698,7.857029908779252,11.453050510410026,3.5960206016307747,9.242360582721323,-0.17065507752737474
20251001_XZ_YD_15,low,高海拔,XZ_YD,20251001,1413,1.4644351464435146,9.354371268219104,7.877004165051298,11.311991745042397,3.4349875799910983,9.242360582721323,-0.11201068549778093
20251001_XZ_YD_16,high,高海拔,XZ_YD,20251001,1428,0.41841004184100417,9.954750408612272,8.48132070551803,11.751740374361626,3.270419668843596,9.242360582721323,-0.7123898258909485
20251001_XZ_YD_17,low,高海拔,XZ_YD,20251001,1379,3.8354253835425385,9.81515224257646,8.265527747096154,11.854396598198832,3.588868851102678,9.242360582721323,-0.5727916598551381
20251001_XZ_YD_18,high,高海拔,XZ_YD,20251001,1425,0.6276150627615062,9.816396795214995,8.205616084447946,11.798041893601368,3.592425809153422,9.242360582721323,-0.574036212493672
20251001_XZ_YD_19,control,高海拔,XZ_YD,20251001,1378,3.905160390516039,9.27172959840043,7.919792228197,11.417317142234708,3.497524914037708,9.242360582721323,-0.02936901567910688
20251001_XZ_YD_20,control,高海拔,XZ_YD,20251001,1386,3.3472803347280333,9.472373211306811,7.827429042395277,11.666755581275837,3.839326538880559,9.242360582721323,-0.23001262858548976
20251001_XZ_YD_21,control,高海拔,XZ_YD,20251001,1311,8.577405857740587,9.328508393575772,7.786948221742266,11.536927279383672,3.749979057641406,9.242360582721323,-0.08614781085444889
20251001_XZ_YD_22,control,高海拔,XZ_YD,20251001,1408,1.813110181311018,9.32214198983718,7.723321831064189,11.32977029635752,3.6064484652933304,9.242360582721323,-0.07978140711585624
20251001_XZ_YD_23,low,高海拔,XZ_YD,20251001,1417,1.1854951185495115,10.008820115002887,8.398279729939672,12.00408584802795,3.605806118088278,9.242360582721323,-0.7664595322815639
20251001_XZ_YD_24,low,高海拔,XZ_YD,20251001,1289,10.1115760111576,8.910721406143386,7.217787492291221,11.076929575005702,3.859142082714481,9.242360582721323,0.3316391765779372
20251001_XZ_YD_25,low,高海拔,XZ_YD,20251001,1276,11.01813110181311,9.20069755672844,7.602599762805077,11.399030780339537,3.7964310175344593,9.242360582721323,0.04166302599288407
20251001_XZ_YD_26,low,高海拔,XZ_YD,20251001,1346,6.136680613668061,8.911177403712657,7.432803042463709,11.24823384832925,3.8154308058655406,9.242360582721323,0.3311831790086668
20251001_XZ_YD_27,low,高海拔,XZ_YD,20251001,1412,1.5341701534170151,9.526572550597804,8.010653843672422,11.486704574422928,3.476050730750506,9.242360582721323,-0.2842119678764803
20251001_XZ_YD_28,low,高海拔,XZ_YD,20251001,1376,4.044630404463041,9.489545154506049,7.947124720017211,11.619658524003691,3.672533803986481,9.242360582721322,-0.24718457178472344
20251026_FJ_PT_P31,control,湿热,FJ_PT,20251026,1425,0.6276150627615062,9.523199161646692,8.177342734849583,11.525287808627384,3.347945073777801,9.242360582721323,-0.2808385789253691
20251026_FJ_QZ_Q73,control,湿热,FJ_QZ,20251026,1372,4.323570432357044,9.020972665344312,7.6919069285880894,11.031262569101813,3.3393556405137215,9.242360582721323,0.2213879173770099
20251026_FJ_QZ_Q74,low,湿热,FJ_QZ,20251026,1308,8.786610878661087,9.0891867818395,7.561092360085325,10.948824580229656,3.387732220144331,9.242360582721322,0.15317380088182198
20251026_FJ_QZ_Q75,low,湿热,FJ_QZ,20251026,1389,3.1380753138075312,9.19290199714498,7.815372838619652,11.068667917909911,3.2532950792902593,9.242360582721323,0.0494585855763443
20251026_FJ_QZ_Q76,high,湿热,FJ_QZ,20251026,1339,6.624825662482567,9.031694136441796,7.49956136381364,10.92475962421428,3.4251982604006397,9.242360582721323,0.21066644627952869
20251026_FJ_QZ_Q77,high,湿热,FJ_QZ,20251026,1370,4.463040446304045,9.186401225294484,7.730394686340138,10.986829871534244,3.256435185194106,9.242360582721322,0.055959357426838
20251026_FJ_QZ_Q78,high,湿热,FJ_QZ,20251026,1385,3.417015341701534,9.267169872595597,8.055503052976393,11.077162394688484,3.021659341712091,9.242360582721323,-0.02480928987427155
20251026_FJ_QZ_Q79,control,湿热,FJ_QZ,20251026,1309,8.716875871687588,9.096988220131596,7.572199329677111,10.946555528007826,3.374356198330715,9.242360582721323,0.1453723625897272
20251026_FJ_QZ_Q80,low,湿热,FJ_QZ,20251026,1374,4.184100418410042,9.05184366876054,7.553612749038165,10.983624123961429,3.4300113749232635,9.242360582721323,0.1905169139607832
20251026_FJ_QZ_Q81,low,湿热,FJ_QZ,20251026,1397,2.580195258019526,9.35282513263958,7.7920062219693245,11.200027217221026,3.408020995251701,9.242360582721323,-0.11046454991825704
20251026_FJ_QZ_Q82,control,湿热,FJ_QZ,20251026,1405,2.0223152022315203,9.677246496278324,8.312297186781953,11.467928507067109,3.155631320285156,9.242360582721323,-0.43488591355700024
20251026_FJ_QZ_Q83,control,湿热,FJ_QZ,20251026,1392,2.928870292887029,9.264281936274312,7.74223767716088,11.207169508875918,3.464931831715038,9.242360582721322,-0.02192135355298852
20251104_FJ_FQ_F178,low,湿热,FJ_FQ,20251104,1427,0.4881450488145049,10.489866942989202,9.212001825770592,12.193141399779616,2.981139574009024,9.242360582721323,-1.247506360267879
20251104_FJ_FQ_F179,high,湿热,FJ_FQ,20251104,1416,1.2552301255230125,9.937811994820189,8.707404254164548,11.721861475816008,3.01445722165146,9.242360582721323,-0.6954514120988637
20251107_XZ_YD_2,low,高海拔,XZ_YD,20251107,1429,0.3486750348675035,10.625925955041408,9.145399675502397,12.46643648066274,3.321036805160343,9.242360582721323,-1.383565372320085
20260527_XZ_GG_1,low,高海拔,XZ_GG,20260527,1406,1.9525801952580195,9.552723780187534,8.305183169439768,11.336520819435584,3.031337649995816,9.242360582721323,-0.3103631974662111
20260527_XZ_GG_2,low,高海拔,XZ_GG,20260527,1378,3.905160390516039,9.161800313854526,7.814278236732271,10.84920567405078,3.034927437318508,9.242360582721323,0.08056026886679746
20260527_XZ_GG_3,low,高海拔,XZ_GG,20260527,1390,3.0683403068340307,9.22417378935771,7.761779348301344,10.996985233585036,3.235205885283692,9.242360582721323,0.01818679336361306
20260527_XZ_GG_4,low,高海拔,XZ_GG,20260527,1407,1.882845188284519,9.859630326338776,8.56513121001251,11.658058012021357,3.092926802008847,9.242360582721323,-0.6172697436174523
20260527_XZ_GG_5,low,高海拔,XZ_GG,20260527,1305,8.99581589958159,9.12775901599682,7.64560885245831,11.014756062456607,3.369147209998298,9.242360582721323,0.1146015667245024
20260527_XZ_GG_6,low,高海拔,XZ_GG,20260527,1369,4.532775453277545,9.215739755230215,7.7708253770646065,11.131500615148983,3.3606752380843785,9.242360582721323,0.02662082749110617
20260527_XZ_GG_7,low,高海拔,XZ_GG,20260527,1417,1.1854951185495115,10.227640912956158,8.967752470317608,11.983106075511952,3.0153536051943455,9.242360582721323,-0.9852803302348344
20260527_XZ_GG_8,low,高海拔,XZ_GG,20260527,1392,2.928870292887029,9.358533943140646,8.004405574581941,11.057330777907056,3.0529252033251133,9.242360582721323,-0.11617336041932268
20260527_XZ_GG_9,low,高海拔,XZ_GG,20260527,1365,4.811715481171548,9.17642853961562,7.721360930707832,10.970671772977662,3.24931084226983,9.242360582721323,0.06593204310570222
20260527_XZ_GG_10,low,高海拔,XZ_GG,20260527,1395,2.7196652719665275,9.16899339555585,7.819120658633795,10.960554006779049,3.141433348145254,9.242360582721323,0.07336718716547352
20260527_XZ_GG_11,low,高海拔,XZ_GG,20260527,1361,5.090655509065551,9.17054828478547,7.689566372830036,10.952783985717303,3.263217612887269,9.242360582721323,0.07181229793585331
20260527_XZ_GG_12,low,高海拔,XZ_GG,20260527,1388,3.207810320781032,9.417728434644978,7.916922242487141,11.179806490626987,3.262884248139846,9.242360582721322,-0.17536785192365478
20260527_XZ_GG_13,low,高海拔,XZ_GG,20260527,1416,1.2552301255230125,9.878430819231664,8.692622307745129,11.60963000265526,2.917007694910131,9.242360582721322,-0.6360702365103403
20260527_XZ_GG_14,low,高海拔,XZ_GG,20260527,1293,9.832635983263598,9.431642336401426,7.931267465483431,11.203933125952068,3.272665660468636,9.242360582721323,-0.18928175368010255
20260527_XZ_GG_15,low,高海拔,XZ_GG,20260527,1414,1.394700139470014,9.972486883620238,8.661657314618235,11.744980582768374,3.0833232681501386,9.242360582721323,-0.730126300898915
20260527_XZ_GG_16,low,高海拔,XZ_GG,20260527,1409,1.7433751743375174,9.628818071426288,8.42301855240625,11.373321466701563,2.9503029142953157,9.242360582721323,-0.38645748870496455
20260527_XZ_GG_17,low,高海拔,XZ_GG,20260527,1383,3.556485355648536,9.312639537114796,7.864895048487432,11.219090406230894,3.3541953577434622,9.242360582721323,-0.07027895439347276
20260527_XZ_GG_18,low,高海拔,XZ_GG,20260527,1335,6.903765690376569,9.098862904027548,7.621317740549092,10.98628668722678,3.3649689466776884,9.242360582721323,0.14349767869377672
20260527_XZ_GG_19,low,高海拔,XZ_GG,20260527,1330,7.252440725244072,9.242360582721323,7.655034750113264,11.071921568827284,3.41688681871402,9.242360582721323,0
20260527_XZ_GG_20,low,高海拔,XZ_GG,20260527,1363,4.951185495118549,9.184392169242146,7.688345455956506,11.013530324292752,3.3251848683362457,9.242360582721323,0.05796841347917692
20260527_XZ_GG_21,low,高海拔,XZ_GG,20260527,1368,4.602510460251046,9.334426316424125,7.9718963692082045,11.266112659310515,3.2942162901023107,9.242360582721323,-0.09206573370280148
20260527_XZ_GG_22,low,高海拔,XZ_GG,20260527,1401,2.301255230125523,9.497503349927149,8.110914639736572,11.24512876085429,3.134214121117717,9.242360582721323,-0.2551427672058235
20260527_XZ_GG_23,low,高海拔,XZ_GG,20260527,1281,10.669456066945608,8.60593249560609,7.416668949810741,10.368907382955191,2.9522384331444504,9.242360582721323,0.6364280871152328
20260527_XZ_GG_24,low,高海拔,XZ_GG,20260527,1345,6.206415620641562,9.219592777364705,7.774062735035305,11.03634015290527,3.2622774178699645,9.242360582721323,0.02276780535662048
20260527_XZ_GG_25,low,高海拔,XZ_GG,20260527,1421,0.906555090655509,10.194810798442886,8.931902334278316,11.883988899821428,2.9520865655431123,9.242360582721323,-0.9524502157215622
20260527_XZ_GG_26,low,高海拔,XZ_GG,20260527,1387,3.2775453277545328,9.37889477617508,8.032873256596925,11.051297429344311,3.0184241727473857,9.242360582721323,-0.1365341934537554
20260527_XZ_GG_27,low,高海拔,XZ_GG,20260527,1385,3.417015341701534,9.208684165750384,7.997369536509087,10.969431141100712,2.972061604591625,9.242360582721323,0.03367641697093937
20260527_XZ_GG_28,low,高海拔,XZ_GG,20260527,1406,1.9525801952580195,9.508308877790906,8.327948631659336,11.30344220542363,2.975493573764295,9.242360582721323,-0.26594829506958284
20260527_XZ_GG_29,low,高海拔,XZ_GG,20260527,1373,4.253835425383542,9.069760487807946,7.758389960739421,10.778763254699252,3.020373293959831,9.242360582721323,0.1726000949133777
20260527_XZ_GG_30,low,高海拔,XZ_GG,20260527,1307,8.856345885634589,9.267722251645605,7.705531775637482,11.208304402608904,3.5027726269714208,9.242360582721323,-0.02536166892427971
20260527_XZ_GG_31,high,高海拔,XZ_GG,20260527,1344,6.2761506276150625,8.884218987637695,7.541143368941248,10.897945430544665,3.356802061603415,9.242360582721322,0.3581415950836284
20260527_XZ_GG_32,high,高海拔,XZ_GG,20260527,1388,3.207810320781032,9.211243433091449,7.949706349474099,10.901550311223705,2.9518439617496046,9.242360582721323,0.03111714962987655
20260527_XZ_GG_33,high,高海拔,XZ_GG,20260527,1362,5.02092050209205,9.293857633128344,7.926638413502751,11.062555881474117,3.135917467971364,9.242360582721323,-0.05149705040702024
20260527_XZ_GG_34,high,高海拔,XZ_GG,20260527,1371,4.393305439330543,9.09276907508052,7.75764513994669,10.777395930354649,3.019750790407957,9.242360582721323,0.1495915076408032
20260527_XZ_GG_35,high,高海拔,XZ_GG,20260527,1267,11.645746164574616,8.659133913882924,7.383167543435464,10.690414459237672,3.3072469158022084,9.242360582721323,0.5832266688383996
20260527_XZ_GG_36,high,高海拔,XZ_GG,20260527,1351,5.788005578800558,9.005025341612484,7.70444450108428,10.677563613941617,2.9731191128573347,9.242360582721323,0.2373352411088394
20260527_XZ_GG_37,high,高海拔,XZ_GG,20260527,1375,4.114365411436541,9.026807082127384,7.689356589778353,10.792709464373864,3.103352874595511,9.242360582721323,0.21555350059393952
20260527_XZ_GG_38,high,高海拔,XZ_GG,20260527,1416,1.2552301255230125,9.77824391005284,8.431165392968849,11.40069532751198,2.9695299345431305,9.242360582721323,-0.5358833273315167
20260527_XZ_GG_39,high,高海拔,XZ_GG,20260527,1326,7.531380753138076,9.2024949072767,7.737979094754008,11.072318955121892,3.3343398603678844,9.242360582721323,0.0398656754446236
20260527_XZ_GG_40,high,高海拔,XZ_GG,20260527,1294,9.762900976290098,8.908232628216544,7.4848725136733885,10.75681160866407,3.271939094990681,9.242360582721323,0.3341279545047797
20260527_XZ_GG_41,high,高海拔,XZ_GG,20260527,1357,5.369595536959554,9.071147588460452,7.694987792819776,10.891289119451043,3.1963013266312688,9.242360582721323,0.17121299426087155
20260527_XZ_GG_42,high,高海拔,XZ_GG,20260527,1375,4.114365411436541,9.14861606715387,7.807353135498888,10.889461415672193,3.082108280173305,9.242360582721323,0.09374451556745278
20260527_XZ_GG_43,high,高海拔,XZ_GG,20260527,1321,7.880055788005579,9.257233162422018,7.662846756225823,11.008814816026176,3.3459680598003523,9.242360582721323,-0.01487257970069499
20260527_XZ_GG_44,high,高海拔,XZ_GG,20260527,1303,9.135285913528593,9.159119747633431,7.874953017059603,10.982262383023484,3.107309365963882,9.242360582721323,0.08324083508789037
20260527_XZ_GG_46,high,高海拔,XZ_GG,20260527,1308,8.786610878661087,9.08731253393361,7.728345386683575,10.97741682598084,3.249071439297266,9.242360582721323,0.15504804878771417
20260527_XZ_GG_47,high,高海拔,XZ_GG,20260527,1318,8.089260808926081,8.962117817228197,7.609019711497988,10.788603254072743,3.1795835425747576,9.242360582721323,0.2802427654931261
20260527_XZ_GG_50,high,高海拔,XZ_GG,20260527,1361,5.090655509065551,9.088576049901718,7.715302001802484,11.052575678910904,3.3372736771084215,9.242360582721323,0.15378453281960525
20260527_XZ_GG_51,high,高海拔,XZ_GG,20260527,1386,3.3472803347280333,9.188735142239858,7.910846720227065,10.880849436876796,2.9700027166497307,9.242360582721323,0.05362544048146489
20260527_XZ_GG_52,high,高海拔,XZ_GG,20260527,1368,4.602510460251046,8.996532217213193,7.632513680006166,10.700753233099036,3.0682395530928694,9.242360582721323,0.24582836550812992
20260527_XZ_GG_53,high,高海拔,XZ_GG,20260527,1273,11.227336122733613,8.87793955286275,7.46023977324121,10.741030965394334,3.280791192153123,9.242360582721323,0.3644210298585726
20260527_XZ_GG_55,high,高海拔,XZ_GG,20260527,1390,3.0683403068340307,9.56521645089466,8.328165068747243,11.37049782517487,3.0423327564276264,9.242360582721323,-0.32285586817333645
20260527_XZ_GG_56,high,高海拔,XZ_GG,20260527,1378,3.905160390516039,9.379297613754302,7.954022112591526,11.042623173945591,3.0886010613540673,9.242360582721323,-0.1369370310329785
20260527_XZ_GG_59,high,高海拔,XZ_GG,20260527,1305,8.99581589958159,8.946757367085343,7.434881681952117,10.689728663929117,3.254846981976998,9.242360582721323,0.29560321563598
20260527_XZ_GG_60,control,高海拔,XZ_GG,20260527,1304,9.06555090655509,9.065681605904686,7.614464594024041,10.917040310334308,3.3025757163102663,9.242360582721322,0.17667897681663725
20260527_XZ_GG_62,control,高海拔,XZ_GG,20260527,1394,2.789400278940028,9.266394044840832,7.950174687765839,11.0639668431598,3.113792155393962,9.242360582721323,-0.02403346211950996
20260527_XZ_GG_64,control,高海拔,XZ_GG,20260527,1329,7.322175732217573,9.134586126707106,7.756788301112084,10.989397445118644,3.2326091440065587,9.242360582721323,0.10777445601421752
20260527_XZ_GG_65,control,高海拔,XZ_GG,20260527,1368,4.602510460251046,9.292167198348787,7.790920050114276,11.066936634329425,3.2760165842151485,9.242360582721323,-0.04980661562746391
20260527_XZ_GG_66,control,高海拔,XZ_GG,20260527,1324,7.670850767085077,9.345012947180116,8.034191360501952,10.95880636807346,2.924615007571507,9.242360582721322,-0.10265236445879287
20260527_XZ_GG_68,control,高海拔,XZ_GG,20260527,1391,2.9986052998605297,9.48798841991304,8.158684291143981,11.316561975018509,3.1578776838745277,9.242360582721323,-0.24562783719171577
20260527_XZ_GG_69,control,高海拔,XZ_GG,20260527,1368,4.602510460251046,9.379501216792637,8.092746053445198,11.10980371264126,3.0170576591960607,9.242360582721323,-0.1371406340713115
20260527_XZ_GG_71,control,高海拔,XZ_GG,20260527,1244,13.249651324965134,9.22570906235298,7.934884177453397,10.956106901289472,3.0212227238360763,9.242360582721323,0.01665152036834349
20260527_XZ_GG_72,control,高海拔,XZ_GG,20260527,1391,2.9986052998605297,9.319408758367052,7.968485897036434,11.140588127185058,3.1721022301486244,9.242360582721323,-0.07704817564572863
20260527_XZ_GG_73,control,高海拔,XZ_GG,20260527,1288,10.181311018131105,9.238709753928248,7.935086173234093,11.002242416188562,3.0671562429544688,9.242360582721322,0.00365082879307543
20260527_XZ_GG_74,control,高海拔,XZ_GG,20260527,1352,5.718270571827057,8.986692264764644,7.638636047744573,10.80824493614484,3.1696088884002673,9.242360582721323,0.25566831795667966
20260527_XZ_GG_75,control,高海拔,XZ_GG,20260527,1251,12.761506276150628,9.258060616818916,7.899607626303197,11.136587434512286,3.236979808209089,9.242360582721323,-0.01570003409759124
20260527_XZ_GG_76,control,高海拔,XZ_GG,20260527,1350,5.857740585774058,9.35547595313152,8.000684724069245,11.109197869593489,3.108513145524242,9.242360582721323,-0.11311537041019726
20260527_XZ_GG_77,control,高海拔,XZ_GG,20260527,1374,4.184100418410042,9.568595239713218,8.3688995081385,11.352472776007726,2.983573267869227,9.242360582721323,-0.326234656991895
20260527_XZ_GG_78,control,高海拔,XZ_GG,20260527,1411,1.603905160390516,10.123396174051743,8.899003509425661,11.75517400998456,2.8561705005589,9.242360582721323,-0.8810355913304218
20260527_XZ_GG_79,control,高海拔,XZ_GG,20260527,1382,3.626220362622036,9.355818462704388,7.8958998692025855,11.1346626452614,3.238762776058815,9.242360582721323,-0.11345787998306456
20260527_XZ_GG_80,control,高海拔,XZ_GG,20260527,1305,8.99581589958159,8.921515096346992,7.5596424568905665,10.823667723566947,3.2640252666763807,9.242360582721323,0.3208454863743313
20260527_XZ_GG_81,low,高海拔,XZ_GG,20260527,1275,11.08786610878661,9.115280879249912,7.735536828652956,11.125524105520896,3.38998727686794,9.242360582721323,0.1270797034714111
20260527_XZ_GG_82,low,高海拔,XZ_GG,20260527,1375,4.114365411436541,9.42278879287669,7.997517174905379,11.146792668482052,3.149275493576672,9.242360582721323,-0.18042821015536603
20260527_XZ_GG_83,low,高海拔,XZ_GG,20260527,1380,3.765690376569038,9.36847611937416,8.102385669379963,11.1932747573306,3.090889087950636,9.242360582721323,-0.12611553665283637
20260527_XZ_GG_84,low,高海拔,XZ_GG,20260527,1334,6.97350069735007,9.085085269967283,7.745216174367565,10.93727255629707,3.192056381929506,9.242360582721323,0.15727531275403983
20260527_XZ_GG_85,low,高海拔,XZ_GG,20260527,1327,7.461645746164574,9.234277453557818,7.900649293732681,11.061690004669762,3.1610407109370806,9.242360582721323,0.00808312916350573
20260527_XZ_GG_86,low,高海拔,XZ_GG,20260527,1348,5.997210599721059,9.367596525052758,7.89955527073227,11.180130813705375,3.2805755429731054,9.242360582721323,-0.1252359423314342
20260527_XZ_GG_87,low,高海拔,XZ_GG,20260527,1350,5.857740585774058,9.178436069251834,7.794947913166782,11.017746637925352,3.2227987247585705,9.242360582721322,0.06392451346948924
20260527_XZ_GG_88,low,高海拔,XZ_GG,20260527,1299,9.414225941422592,9.34624602618331,7.847092072057356,11.3701503937022,3.523058321644845,9.242360582721323,-0.10388544346198714
20260527_XZ_GG_89,low,高海拔,XZ_GG,20260527,1316,8.228730822873082,9.459255811520528,7.940331559632654,11.337360624848015,3.3970290652153636,9.242360582721323,-0.21689522879920453
20260527_XZ_GG_92,low,高海拔,XZ_GG,20260527,1343,6.345885634588563,9.308810200845318,7.948688991480163,11.203925288331156,3.2552362968509936,9.242360582721323,-0.06644961812399508
20260527_XZ_GG_93,low,高海拔,XZ_GG,20260527,1302,9.205020920502092,9.188228994124197,7.754465363128473,10.977147306956892,3.2226819438284195,9.242360582721323,0.0541315885971283
20260527_XZ_GG_94,low,高海拔,XZ_GG,20260527,1298,9.483960948396094,9.272754370138454,7.776989081844235,11.218949186414024,3.441960104569789,9.242360582721323,-0.03039378741713072
20260527_XZ_GG_95,low,高海拔,XZ_GG,20260527,1320,7.949790794979079,9.275754934104684,7.891978846542429,11.099192300449497,3.207213453907066,9.242360582721323,-0.033394351383361
20260527_XZ_GG_96,low,高海拔,XZ_GG,20260527,1190,17.01534170153417,9.499016159837714,8.07435070592238,11.489771833043276,3.4154211271208954,9.242360582721323,-0.25665557711639053
20260527_XZ_GG_97,low,高海拔,XZ_GG,20260527,1359,5.230125523012552,9.090835582901684,7.759964759200235,10.989058400617816,3.229093641417581,9.242360582721323,0.15152499981964063
20260527_XZ_GG_98,low,高海拔,XZ_GG,20260527,1382,3.626220362622036,9.651385596334826,8.391550567836529,11.41847487949122,3.0269243116546924,9.242360582721322,-0.40902501361350296
20260527_XZ_GG_99,low,高海拔,XZ_GG,20260527,1355,5.509065550906555,9.433487895958743,8.111415873479594,11.142358372718078,3.030942499238485,9.242360582721323,-0.1911273132374216
20260527_XZ_GG_100,low,高海拔,XZ_GG,20260527,1254,12.552301255230123,9.051319585130326,7.631561113935598,10.857370368614577,3.2258092546789765,9.242360582721322,0.19104099759099744
20260527_XZ_GG_101,low,高海拔,XZ_GG,20260527,1311,8.577405857740587,9.067741084931749,7.5855810229664495,10.824070979531973,3.2384899565655214,9.242360582721323,0.17461949778957475
20260527_XZ_GG_102,low,高海拔,XZ_GG,20260527,1365,4.811715481171548,9.367123293365651,8.059302867179778,11.063056317347865,3.0037534501680874,9.242360582721323,-0.12476271064432964
20260527_XZ_GG_103,low,高海拔,XZ_GG,20260527,1271,11.366806136680614,9.15842771157009,7.745753551567735,10.97333581837427,3.227582266806535,9.242360582721323,0.08393287115123371
20260527_XZ_GG_104,low,高海拔,XZ_GG,20260527,1190,17.01534170153417,9.219985536403785,7.690817198665073,11.056463481178348,3.365646282513275,9.242360582721323,0.02237504631754028
20260527_XZ_GG_105,low,高海拔,XZ_GG,20260527,1256,12.412831241283124,9.082331031993522,7.640425611889403,10.948785194723904,3.308359582834501,9.242360582721322,0.1600295507278009
20260527_XZ_GG_106,low,高海拔,XZ_GG,20260527,1299,9.414225941422592,9.119850636028366,7.796124326061116,11.122497711255011,3.3263733851938957,9.242360582721323,0.12250994669295778
20260527_XZ_GG_121,control,高海拔,XZ_GG,20260527,1243,13.319386331938633,9.048473902641966,7.660102114953706,10.84414569806891,3.184043583115204,9.242360582721323,0.19388668007935728
20260527_XZ_GG_122,control,高海拔,XZ_GG,20260527,1279,10.808926080892608,9.394166835717126,7.895320717954643,11.297136217094824,3.4018154991401808,9.242360582721323,-0.15180625299580264
20260527_XZ_GG_123,high,高海拔,XZ_GG,20260527,1368,4.602510460251046,9.6778620378625,8.502319193488642,11.40080639553839,2.8984872020497487,9.242360582721322,-0.43550145514117666
20260527_XZ_GG_124,high,高海拔,XZ_GG,20260527,1244,13.249651324965134,9.294457833301184,7.935316159914242,11.130975280085408,3.1956591201711664,9.242360582721322,-0.0520972505798607
20260527_XZ_GG_125,control,高海拔,XZ_GG,20260527,1229,14.295676429567644,9.212297774394395,7.738363410903971,10.979880271249217,3.2415168603452442,9.242360582721323,0.03006280832692809
20260527_XZ_GG_126,control,高海拔,XZ_GG,20260527,1332,7.112970711297072,9.094500519159,7.706867431604803,10.903636529646038,3.1967690980412344,9.242360582721323,0.14786006356232306
20260527_XZ_GG_128,control,高海拔,XZ_GG,20260527,1317,8.158995815899582,9.20501567947431,7.835390657936333,11.030972013815102,3.195581355878769,9.242360582721323,0.03734490324701411
20260527_XZ_GG_129,control,高海拔,XZ_GG,20260527,1349,5.92747559274756,9.221246070183684,7.705825568408867,11.120763422397255,3.414937853988389,9.242360582721323,0.02111451253763974
20260527_XZ_GG_130,control,高海拔,XZ_GG,20260527,1142,20.36262203626221,9.142719631515638,7.587999648736688,10.972158870448864,3.384159221712175,9.242360582721323,0.09964095120568572
20260527_XZ_GG_131,control,高海拔,XZ_GG,20260527,1359,5.230125523012552,9.381134697890351,8.026510082126425,11.371804423318018,3.345294341191593,9.242360582721323,-0.1387741151690296
20260527_XZ_GG_132,control,高海拔,XZ_GG,20260527,1293,9.832635983263598,9.272383893064816,7.76525837412276,10.992121326687352,3.226862952564592,9.242360582721323,-0.03002331034349126
20260527_XZ_GG_135,control,高海拔,XZ_GG,20260527,1274,11.157601115760112,9.024517010273712,7.567730319424053,10.873343041538464,3.305612722114412,9.242360582721323,0.21784357244761132
20260527_XZ_GG_136,control,高海拔,XZ_GG,20260527,1111,22.524407252440724,9.104428231670704,7.561645774167957,11.0243409235171,3.4626951493491447,9.242360582721323,0.13793235105061896
20260527_XZ_GG_137,control,高海拔,XZ_GG,20260527,1291,9.9721059972106,9.33404586555471,8.002326098088862,11.106592423495144,3.1042663254062823,9.242360582721323,-0.09168528283338696
20260527_XZ_GG_138,low,高海拔,XZ_GG,20260527,1266,11.715481171548117,9.260314972805311,7.850664410582482,11.166346543764616,3.3156821331821327,9.242360582721323,-0.0179543900839878
20260527_XZ_GG_139,low,高海拔,XZ_GG,20260527,1355,5.509065550906555,9.302950812949932,7.975856385382178,11.091717960547692,3.115861575165514,9.242360582721323,-0.06059023022860899
20260527_XZ_GG_140,high,高海拔,XZ_GG,20260527,1353,5.648535564853557,9.27387170300295,7.992634993716649,11.061340370979291,3.068705377262642,9.242360582721323,-0.031511120281626497
20260527_XZ_GG_141,high,高海拔,XZ_GG,20260527,1201,16.248256624825665,9.114901516325588,7.582229861780195,10.995959031002368,3.413729169222173,9.242360582721323,0.12745906639573512
20260527_XZ_GG_142,high,高海拔,XZ_GG,20260527,1244,13.249651324965134,9.0619877184031,7.687470940416361,10.989992095347734,3.302521154931373,9.242360582721323,0.18037286431822253
20260527_XZ_GG_143,low,高海拔,XZ_GG,20260527,1280,10.739191073919107,9.083260975175978,7.547875312090711,10.934775666160116,3.3869003540694047,9.242360582721322,0.15909960754534502
20260527_XZ_GG_144,high,高海拔,XZ_GG,20260527,1315,8.298465829846583,9.319933093260351,7.861778458211999,11.102697257229798,3.2409187990177983,9.242360582721323,-0.07757251053902792
20260527_XZ_GG_145,high,高海拔,XZ_GG,20260527,1328,7.391910739191074,8.966816213965533,7.652023632376226,10.805344987659057,3.1533213552828308,9.242360582721323,0.27554436875579036
20260527_XZ_GG_146,low,高海拔,XZ_GG,20260527,1356,5.439330543933055,9.38272251192917,8.032585442107056,11.200599550357447,3.168014108250391,9.242360582721323,-0.14036192920784707
20260527_XZ_GG_147,high,高海拔,XZ_GG,20260527,1120,21.896792189679218,9.302457191879087,7.827524884086587,11.155322387899004,3.327797503812419,9.242360582721323,-0.06009660915776571
20260527_XZ_GG_148,high,高海拔,XZ_GG,20260527,1319,8.01952580195258,9.403491109531894,7.988964168620198,11.136700481729608,3.1477363131094105,9.242360582721323,-0.16113052681057027
20260527_XZ_GG_149,high,高海拔,XZ_GG,20260527,1086,24.267782426778243,9.124924072468543,7.614795097241835,10.864463264071803,3.2496681668299683,9.242360582721323,0.11743651025277836
20260527_XZ_GG_150,high,高海拔,XZ_GG,20260527,1179,17.782426778242677,9.25231461285692,7.737063780546576,11.14672372828486,3.4096599477382856,9.242360582721323,-0.00995403013559581
20260527_XZ_GG_151,low,高海拔,XZ_GG,20260527,1232,14.086471408647142,9.625290241285358,8.006296939578315,11.454139482489476,3.4478425429111628,9.242360582721323,-0.3829296585640342
20260527_XZ_GG_152,control,高海拔,XZ_GG,20260527,1272,11.297071129707112,9.019823564630794,7.644406957113098,10.831913544058995,3.187506586945897,9.242360582721322,0.22253701809052903
20260527_XZ_GG_153,high,高海拔,XZ_GG,20260527,1235,13.87726638772664,9.020397759332324,7.536435870934687,10.821721030693142,3.2852851597584554,9.242360582721323,0.2219628233889992
20260527_XZ_GG_154,low,高海拔,XZ_GG,20260527,1292,9.9023709902371,9.163101984732132,7.809410996731918,10.99139223064426,3.181981233912341,9.242360582721322,0.07925859798919
20260527_XZ_GG_155,high,高海拔,XZ_GG,20260527,1166,18.688981868898185,9.05010988840414,7.573585131418632,10.874618534974651,3.301033403556019,9.242360582721323,0.1922506943171829
20260527_XZ_GG_156,high,高海拔,XZ_GG,20260527,1172,18.270571827057186,9.072960239965337,7.588385615774034,10.788398138434422,3.200012522660388,9.242360582721323,0.16940034275598848
20260527_XZ_GG_157,high,高海拔,XZ_GG,20260527,1176,17.99163179916318,9.119468136614849,7.625540274542003,10.904780728777956,3.279240454235953,9.242360582721322,0.12289244610647464
20260527_XZ_GG_158,low,高海拔,XZ_GG,20260527,1135,20.850767085076708,9.21728563127013,7.806555834638622,10.96022451325699,3.153668678618369,9.242360582721323,0.02507495145119342
20260527_XZ_GG_159,high,高海拔,XZ_GG,20260527,1376,4.044630404463041,9.679583767965498,8.238903750116643,11.443049322540906,3.204145572424263,9.242360582721323,-0.43722318524417503
20260527_XZ_GG_160,high,高海拔,XZ_GG,20260527,1262,11.99442119944212,9.13642149501687,7.740016790506796,10.908853062523455,3.1688362720166614,9.242360582721323,0.10593908770445282
20260527_XZ_GG_161,low,高海拔,XZ_GG,20260527,1298,9.483960948396094,9.273784347036196,7.975085929948331,11.052021738328278,3.0769358083799476,9.242360582721323,-0.03142376431487292
20260527_XZ_GG_162,high,高海拔,XZ_GG,20260527,1228,14.365411436541144,8.991666015210994,7.432735285768835,10.893441959715362,3.460706673946528,9.242360582721323,0.2506945675103296
20260527_XZ_GG_163,low,高海拔,XZ_GG,20260527,1348,5.997210599721059,9.506554797867045,8.24314126992914,11.391399166086584,3.1482578961574426,9.242360582721323,-0.2641942151457197
20260527_XZ_GG_164,low,高海拔,XZ_GG,20260527,1333,7.043235704323571,9.025183504662042,7.677919713937347,10.859672786510703,3.1817530725733585,9.242360582721323,0.2171770780592812
20260527_XZ_GG_165,high,高海拔,XZ_GG,20260527,1202,16.178521617852162,9.226222972087106,7.692789912857568,10.980989841312535,3.288199928454967,9.242360582721323,0.01613761063421748
20260527_XZ_GG_166,low,高海拔,XZ_GG,20260527,1206,15.899581589958158,9.277472056354648,8.017306169215047,10.950211505995773,2.932905336780724,9.242360582721323,-0.03511147363332334
20260527_XZ_GG_167,high,高海拔,XZ_GG,20260527,1352,5.718270571827057,9.685649125949576,8.351067613154516,11.33140825443206,2.980340641277543,9.242360582721323,-0.4432885432282525
20260527_XZ_GG_168,high,高海拔,XZ_GG,20260527,1177,17.921896792189678,9.005043336885942,7.547645558129141,10.85041244335522,3.3027668852260783,9.242360582721323,0.2373172458353814
20260527_XZ_GG_169,high,高海拔,XZ_GG,20260527,1277,10.948396094839609,9.066146523713902,7.72284014766676,10.82493097425964,3.10209082659288,9.242360582721323,0.17621405900742104
20260527_XZ_GG_170,low,高海拔,XZ_GG,20260527,1358,5.299860529986053,10.042104781743063,8.676635573996784,11.71851074364062,3.0418751696438378,9.242360582721322,-0.79974419902174
20260527_XZ_GG_171,high,高海拔,XZ_GG,20260527,1306,8.92608089260809,9.637375651242166,8.28340418714834,11.298314191752006,3.0149100046036654,9.242360582721323,-0.3950150685208431
20260717_GZ_TH_1,control,湿热,GZ_TH,20260717,1316,8.228730822873082,8.009877403815917,6.588552761163795,9.79075753601764,3.202204774853845,9.242360582721322,1.2324831789054065
20260717_GZ_TH_2,control,湿热,GZ_TH,20260717,1316,8.228730822873082,8.172834050961225,6.790335387677633,10.270023006683823,3.4796876190061923,9.242360582721323,1.0695265317600988
20260717_GZ_TH_3,control,湿热,GZ_TH,20260717,1391,2.9986052998605297,8.598433302484908,7.243505086847275,10.409699571892723,3.166194485045448,9.242360582721323,0.6439272802364151
20260717_GZ_TH_4,control,湿热,GZ_TH,20260717,1385,3.417015341701534,9.25927791862566,7.874556294851393,11.009969532836497,3.1354132379851016,9.242360582721323,-0.01691733590433664
20260717_GZ_TH_6,high,湿热,GZ_TH,20260717,1355,5.509065550906555,8.394019603354655,7.003126474976339,10.239154478147784,3.2360280031714463,9.242360582721323,0.8483409793666681
20260717_GZ_TH_7,high,湿热,GZ_TH,20260717,1351,5.788005578800558,8.402093460714045,7.056468690224204,10.331999640951988,3.2755309507277843,9.242360582721323,0.8402671220072779
20260717_GZ_TH_8,high,湿热,GZ_TH,20260717,1356,5.439330543933055,8.069029045185932,6.623608802692359,10.051024670843102,3.427415868150743,9.242360582721323,1.1733315375353914
20260717_GZ_TH_9,high,湿热,GZ_TH,20260717,1342,6.4156206415620645,7.919898677598301,6.743553089741327,9.82306605013307,3.0795129603917433,9.242360582721323,1.3224619051230224
20260717_GZ_TH_10,high,湿热,GZ_TH,20260717,1353,5.648535564853557,8.313490213939827,7.062246780704571,10.097539661562472,3.0352928808579005,9.242360582721323,0.928870368781496
20260717_GZ_TH_11,high,湿热,GZ_TH,20260717,1359,5.230125523012552,8.41208097086763,7.116066702213734,10.281435448010216,3.165368745796483,9.242360582721323,0.8302796118536939
20260717_GZ_TH_12,low,湿热,GZ_TH,20260717,1088,24.12831241283124,8.387780708650627,6.859916272024093,10.160256531241265,3.3003402592171716,9.242360582721323,0.854579874070696
20260717_GZ_TH_13,low,湿热,GZ_TH,20260717,1248,12.97071129707113,8.16328399768752,6.735580386803013,10.182289748805164,3.446709362002151,9.242360582721323,1.079076585033803
20260717_GZ_TH_14,high,湿热,GZ_TH,20260717,1234,13.94700139470014,8.383102409843097,6.880171406653907,10.369669074202829,3.48949766754892,9.242360582721323,0.859258172878226
20260717_GZ_TH_15,low,湿热,GZ_TH,20260717,1367,4.672245467224546,8.2646509107082,6.8139736975881995,10.07402506877298,3.2600513711847796,9.242360582721323,0.9777096720131232
20260717_GZ_TH_16,low,湿热,GZ_TH,20260717,1320,7.949790794979079,8.274343528893489,6.726745851660054,10.09412825709212,3.3673824054320676,9.242360582721323,0.9680170538278344
20260717_GZ_TH_17,low,湿热,GZ_TH,20260717,1194,16.736401673640167,8.159962401466661,6.645680622722323,10.299727130919903,3.654046508197582,9.242360582721323,1.0823981812546624
20260717_GZ_TH_18,low,湿热,GZ_TH,20260717,1370,4.463040446304045,8.58453252596665,7.064329556263362,10.506146982231224,3.441817425967863,9.242360582721323,0.6578280567546742
20260717_GZ_TH_19,low,湿热,GZ_TH,20260717,1303,9.135285913528593,8.030701482384787,6.501038859962959,9.911450460096626,3.410411600133667,9.242360582721323,1.2116591003365365
20260717_GZ_TH_20,low,湿热,GZ_TH,20260717,1393,2.8591352859135286,8.79509099591177,7.517701822805575,10.659005721766713,3.1413038989611373,9.242360582721323,0.4472695868095542
20260717_GZ_TH_21,high,湿热,GZ_TH,20260717,1233,14.01673640167364,8.439287236152873,6.7944388715576745,10.604494637586477,3.8100557660288024,9.242360582721323,0.8030733465684499
20260717_GZ_TH_22,low,湿热,GZ_TH,20260717,1385,3.417015341701534,8.523595813809417,7.071453687955798,10.314033996632997,3.2425803086771987,9.242360582721323,0.7187647689119068
20260717_GZ_TH_23,control,湿热,GZ_TH,20260717,1225,14.574616457461644,8.091329813172766,6.682767250736587,10.020081140841716,3.3373138901051274,9.242360582721323,1.1510307695485569
20260717_GZ_TH_24,control,湿热,GZ_TH,20260717,1395,2.7196652719665275,9.980513981259426,8.400814625720798,11.682055140882683,3.281240515161885,9.242360582721323,-0.7381533985381026
20260717_GZ_TH_25,high,湿热,GZ_TH,20260717,1349,5.92747559274756,8.112452711011517,6.649177989472601,9.914414605225234,3.2652366157526336,9.242360582721323,1.1299078717098061
20260717_GZ_TH_26,high,湿热,GZ_TH,20260717,1407,1.882845188284519,9.74395733051121,8.177281280937413,11.590128673827742,3.4128473928903293,9.242360582721323,-0.5015967477898862
20260717_GZ_TH_27,high,湿热,GZ_TH,20260717,1350,5.857740585774058,8.33540408327468,6.850168899222221,10.211033933380651,3.3608650341584303,9.242360582721323,0.9069564994466432
20260717_GZ_TH_28,high,湿热,GZ_TH,20260717,1403,2.161785216178522,9.364693209153168,8.095863098848467,10.969582255804564,2.873719156956098,9.242360582721323,-0.12233262643184516
20260717_GZ_TH_29,high,湿热,GZ_TH,20260717,1404,2.092050209205021,9.916882049793603,8.407943101588861,11.692522464149665,3.2845793625608017,9.242360582721322,-0.6745214670722799
20260717_GZ_TH_30,high,湿热,GZ_TH,20260717,1361,5.090655509065551,8.468681460920315,7.042092344504901,10.32080605661888,3.278713712113978,9.242360582721323,0.773679121801008
20260717_GZ_TH_31,high,湿热,GZ_TH,20260717,1379,3.8354253835425385,8.093579077044684,6.566412332994396,9.971747187936645,3.405334854942246,9.242360582721323,1.1487815056766395
20260717_GZ_TH_32,high,湿热,GZ_TH,20260717,1350,5.857740585774058,8.683308847746375,7.060571699151447,10.703554541320514,3.642982842169067,9.242360582721322,0.5590517349749486
20260717_GZ_TH_33,high,湿热,GZ_TH,20260717,1398,2.510460251046025,8.698286274884373,7.203989641864397,10.468628472892156,3.264638831027759,9.242360582721323,0.5440743078369508
20260717_GZ_TH_35,high,湿热,GZ_TH,20260717,1382,3.626220362622036,8.616193013389157,7.209530657952028,10.491789199827432,3.282258541875404,9.242360582721322,0.626167569332166
20260717_GZ_TH_36,control,湿热,GZ_TH,20260717,1078,24.825662482566248,8.370162628578324,6.798903090339061,10.682828503118394,3.883925412779333,9.242360582721322,0.8721979541429992
20260717_GZ_TH_37,control,湿热,GZ_TH,20260717,1343,6.345885634588563,8.389044404567477,6.774826136133315,10.226665026818925,3.4518388906856092,9.242360582721323,0.8533161781538467
20260717_GZ_TH_38,high,湿热,GZ_TH,20260717,1144,20.2231520223152,8.32148152839595,6.707303202959122,10.538348887871372,3.83104568491225,9.242360582721322,0.9208790543253738
20260717_GZ_TH_39,high,湿热,GZ_TH,20260717,1417,1.1854951185495115,8.985898902502843,7.612707672468304,10.834369585317356,3.2216619128490525,9.242360582721323,0.2564616802184805
20260717_GZ_TH_40,high,湿热,GZ_TH,20260717,1361,5.090655509065551,8.154506638385797,6.765214357694788,10.015894809189096,3.2506804514943077,9.242360582721323,1.0878539443355262
20260717_GZ_TH_41,high,湿热,GZ_TH,20260717,1352,5.718270571827057,8.35503091178322,6.85005154324661,10.140471084024265,3.290419540777654,9.242360582721323,0.8873296709381027
20260717_GZ_TH_42,control,湿热,GZ_TH,20260717,1384,3.486750348675035,8.296224403694584,6.904565832924311,10.094500489209969,3.189934656285656,9.242360582721322,0.9461361790267392
20260717_GZ_TH_43,control,湿热,GZ_TH,20260717,1287,10.251046025104603,8.26350432921337,6.760593048470936,10.295545136654225,3.534952088183287,9.242360582721323,0.9788562535079528
20260717_GZ_TH_44,control,湿热,GZ_TH,20260717,1315,8.298465829846583,8.480369890820823,6.872515586457265,10.160879239170937,3.288363652713672,9.242360582721323,0.7619906919005004
20260717_GZ_TH_45,control,湿热,GZ_TH,20260717,1083,24.476987447698743,8.467524208740988,6.88861149909938,10.653930938489822,3.765319439390442,9.242360582721323,0.7748363739803352
20260717_GZ_TH_46,low,湿热,GZ_TH,20260717,1370,4.463040446304045,8.30164032550491,6.829868227643708,10.096424022219702,3.2665557945759947,9.242360582721323,0.9407202572164142
20260717_GZ_TH_47,low,湿热,GZ_TH,20260717,1400,2.3709902370990235,8.889965120827082,7.415044916377588,10.777727020358018,3.36268210398043,9.242360582721322,0.35239546189424154
20260717_GZ_TH_48,high,湿热,GZ_TH,20260717,1362,5.02092050209205,8.544427513097071,7.249207618621423,10.37776079729585,3.1285531786744265,9.242360582721323,0.6979330696242521
20260717_GZ_TH_49,control,湿热,GZ_TH,20260717,1383,3.556485355648536,8.63875893072825,7.19570907886995,10.507767231107628,3.312058152237679,9.242360582721323,0.603601651993074
20260717_GZ_TH_50,control,湿热,GZ_TH,20260717,1165,18.758716875871688,8.443695563766253,6.837960964413942,10.515088254900194,3.677127290486251,9.242360582721323,0.7986650189550701
20260717_GZ_TH_51,control,湿热,GZ_TH,20260717,1399,2.4407252440725244,8.543128370758863,7.259956029431919,10.371278915987713,3.1113228865557936,9.242360582721323,0.6992322119624603
20260717_GZ_TH_53,control,湿热,GZ_TH,20260717,1347,6.066945606694561,8.038921165557817,6.6146346888131315,9.796711173475796,3.182076484662664,9.242360582721323,1.2034394171635068
20260717_GZ_TH_54,control,湿热,GZ_TH,20260717,1405,2.0223152022315203,9.392785794724244,8.031249058143878,11.108258990843032,3.077009932699154,9.242360582721323,-0.15042521200292036
20260717_GZ_TH_55,control,湿热,GZ_TH,20260717,1354,5.578800557880056,8.301834281402318,6.809776370495806,10.07870600906946,3.2689296385736544,9.242360582721323,0.9405263013190056
20260717_GZ_TH_57,control,湿热,GZ_TH,20260717,1352,5.718270571827057,8.402128771591823,7.059625719373647,10.161243440500568,3.101617721126921,9.242360582721323,0.8402318111295006
20260717_GZ_TH_58,control,湿热,GZ_TH,20260717,1348,5.997210599721059,8.554664523810807,7.184710808726303,10.375228436477878,3.190517627751575,9.242360582721323,0.6876960589105163
20260717_GZ_TH_59,control,湿热,GZ_TH,20260717,1219,14.99302649930265,8.311476572522123,6.742886263046071,10.292066042695517,3.549179779649446,9.242360582721323,0.9308840101992004
20260717_GZ_TH_61,control,湿热,GZ_TH,20260717,1318,8.089260808926081,8.395208987622862,6.991189255948361,10.327320114488993,3.336130858540632,9.242360582721323,0.8471515950984614
20260717_GZ_TH_62,low,湿热,GZ_TH,20260717,1294,9.762900976290098,8.249390370523535,6.784711769538297,10.14665787081908,3.3619461012807834,9.242360582721323,0.992970212197788
20260717_GZ_TH_63,control,湿热,GZ_TH,20260717,1344,6.2761506276150625,8.35081756901059,6.89001960452783,10.264569911509785,3.374550306981953,9.242360582721322,0.8915430137107325
20260717_GZ_TH_64,control,湿热,GZ_TH,20260717,1304,9.06555090655509,8.366511334471648,6.884798458582326,10.235014061562186,3.35021560297986,9.242360582721323,0.8758492482496756
20260717_GZ_TH_65,control,湿热,GZ_TH,20260717,1289,10.1115760111576,8.209773719792599,6.693041721266105,10.014230629116796,3.3211889078506927,9.242360582721323,1.0325868629287245
20260717_GZ_TH_66,control,湿热,GZ_TH,20260717,1326,7.531380753138076,8.408489523983985,6.847677590701207,10.243182840855567,3.3955052501543603,9.242360582721323,0.8338710587373388
20260717_GZ_TH_67,control,湿热,GZ_TH,20260717,1290,10.0418410041841,8.506081571424286,7.155220347410314,10.308946043517976,3.1537256961076636,9.242360582721323,0.7362790112970377
20260717_GZ_TH_68,control,湿热,GZ_TH,20260717,1324,7.670850767085077,8.335622625321882,6.897713015418907,10.119607167734207,3.2218941523153006,9.242360582721323,0.9067379573994412
20260717_GZ_TH_69,control,湿热,GZ_TH,20260717,1244,13.249651324965134,8.188963379493021,6.673211969860033,9.967218107792895,3.294006137932862,9.242360582721323,1.053397203228302
20260717_GZ_TH_70,control,湿热,GZ_TH,20260717,1257,12.343096234309623,8.372916457885367,7.084079762613545,10.143684329507462,3.059604566893917,9.242360582721323,0.8694441248359563
20260717_GZ_TH_71,control,湿热,GZ_TH,20260717,1306,8.92608089260809,8.09446733712192,6.632826396026499,9.941464819259584,3.308638423233083,9.242360582721323,1.1478932455994038
20260717_GZ_TH_72,control,湿热,GZ_TH,20260717,1345,6.206415620641562,8.582926165548898,7.113521852490674,10.401820120908091,3.288298268417419,9.242360582721323,0.6594344171724256
20260717_GZ_TH_73,control,湿热,GZ_TH,20260717,1325,7.601115760111576,8.14887529650694,6.839227339764666,9.96005895458636,3.120831614821694,9.242360582721323,1.0934852862143831
20260717_GZ_TH_74,control,湿热,GZ_TH,20260717,1228,14.365411436541144,8.11526234404591,6.446010279378754,10.24634957204636,3.800339292667605,9.242360582721323,1.1270982386754138
20260717_GZ_TH_75,control,湿热,GZ_TH,20260717,1345,6.206415620641562,7.976089377975306,6.664180544575635,9.782272896233785,3.118092351658148,9.242360582721323,1.2662712047460172
20260717_GZ_TH_76,control,湿热,GZ_TH,20260717,1363,4.951185495118549,8.501755443146768,7.123725243890396,10.243006863880009,3.1192816199896125,9.242360582721323,0.740605139574555
20260717_GZ_TH_77,control,湿热,GZ_TH,20260717,1291,9.9721059972106,8.32453231208514,6.8534845484287095,10.140615080590967,3.2871305321622577,9.242360582721323,0.9178282706361838
20260717_GZ_TH_78,control,湿热,GZ_TH,20260717,1337,6.764295676429567,8.59530358584807,7.207522000451517,10.541807027477104,3.3342850270255884,9.242360582721323,0.6470569968732534
20260717_GZ_TH_79,control,湿热,GZ_TH,20260717,1315,8.298465829846583,8.392829545344483,7.110139098936637,10.105182399262798,2.995043300326161,9.242360582721323,0.8495310373768401
20260717_GZ_TH_80,control,湿热,GZ_TH,20260717,1397,2.580195258019526,8.552485002501319,7.227930087517824,10.29912163792443,3.0711915504066054,9.242360582721323,0.6898755802200043
20260717_GZ_TH_87,low,湿热,GZ_TH,20260717,1309,8.716875871687588,8.187202688947103,6.685406048674372,10.04140331797874,3.3559972693043676,9.242360582721323,1.0551578937742203
20260717_GZ_TH_88,control,湿热,GZ_TH,20260717,1248,12.97071129707113,8.146843414356784,6.574637377335424,10.095946516243872,3.521309138908448,9.242360582721323,1.0955171683645393
20260717_GZ_TH_89,low,湿热,GZ_TH,20260717,1351,5.788005578800558,8.4753845074751,7.042775852822863,10.435565160069114,3.392789307246251,9.242360582721323,0.7669760752462231
20260717_GZ_TH_90,high,湿热,GZ_TH,20260717,1250,12.831241283124127,8.351815161353864,6.7803378074222005,10.1787383432573,3.3984005358350986,9.242360582721323,0.8905454213674595
20260717_GZ_TH_93,low,湿热,GZ_TH,20260717,1297,9.553695955369596,8.469246819203526,6.961754543095339,10.40913555369544,3.4473810106000995,9.242360582721323,0.7731137635177969
20260717_GZ_TH_94,low,湿热,GZ_TH,20260717,1335,6.903765690376569,8.514053519664209,7.083685890128104,10.417646425510076,3.333960535381971,9.242360582721323,0.7283070630571142
20260717_GZ_TH_95,low,湿热,GZ_TH,20260717,1322,7.810320781032078,8.444034332348195,6.928112616326886,10.297761503910484,3.3696488875835984,9.242360582721323,0.7983262503731279
20260717_GZ_TH_96,low,湿热,GZ_TH,20260717,1384,3.486750348675035,8.530516001821967,6.964551254305681,10.36824424596769,3.403692991662009,9.242360582721323,0.7118445808993563
20260717_GZ_TH_98,low,湿热,GZ_TH,20260717,1098,23.430962343096233,8.355077282587416,6.648966362596192,10.817085464565231,4.168119101969041,9.242360582721323,0.8872833001339071
20260717_GZ_TH_99,low,湿热,GZ_TH,20260717,1328,7.391910739191074,8.355440109835742,6.7523297714408645,10.38783467981851,3.635504908377646,9.242360582721323,0.8869204728855813
20260717_GZ_TH_100,low,湿热,GZ_TH,20260717,1309,8.716875871687588,8.319593158563624,6.7225430289508035,10.122391996872429,3.399848967921625,9.242360582721323,0.9227674241576996
20260717_GZ_TH_101,low,湿热,GZ_TH,20260717,1360,5.160390516039052,8.49248312851219,7.073847073420607,10.3300424150712,3.256195341650594,9.242360582721323,0.749877454209134
20260717_GZ_TH_102,low,湿热,GZ_TH,20260717,1314,8.368200836820083,8.594950217205678,6.9719445330437155,10.37131378426258,3.399369251218866,9.242360582721322,0.6474103655156451
20260717_GZ_TH_103,low,湿热,GZ_TH,20260717,1348,5.997210599721059,8.905626526041758,7.36874465677016,10.622889015281084,3.254144358510924,9.242360582721323,0.3367340566795658
20260717_GZ_TH_104,low,湿热,GZ_TH,20260717,1218,15.062761506276152,8.42341251459726,6.822716781440956,10.444197584624924,3.6214808031839674,9.242360582721323,0.8189480681240635
20260717_GZ_TH_106,low,湿热,GZ_TH,20260717,1296,9.623430962343097,8.375939595738373,7.0296482151985815,10.325940829374389,3.2962926141758073,9.242360582721322,0.8664209869829502
20260717_GZ_TH_107,high,湿热,GZ_TH,20260717,1283,10.529986052998606,8.20029653254978,6.70363021179973,10.060298370088589,3.3566681582888567,9.242360582721323,1.0420640501715432
20260717_GZ_TH_108,high,湿热,GZ_TH,20260717,1267,11.645746164574616,8.374525463933592,7.046730731928748,10.350057756773705,3.3033270248449567,9.242360582721323,0.8678351187877311
20260717_GZ_TH_109,high,湿热,GZ_TH,20260717,1247,13.04044630404463,8.572586785297231,6.946276977136277,10.746644201191648,3.800367224055371,9.242360582721323,0.6697737974240923
20260717_GZ_TH_110,control,湿热,GZ_TH,20260717,1264,11.85495118549512,8.327251989510298,6.7245280239318594,10.22592627431575,3.5013982503838905,9.242360582721323,0.9151085932110252
20260717_GZ_TH_111,high,湿热,GZ_TH,20260717,1278,10.87866108786611,8.456590239696162,7.067062984455577,10.529572793682677,3.4625098092270985,9.242360582721322,0.7857703430251615
20260717_GZ_TH_112,high,湿热,GZ_TH,20260717,1338,6.694560669456067,8.349689301842794,6.878630125543323,10.239799373993629,3.361169248450304,9.242360582721323,0.8926712808785293
20260717_GZ_TH_114,high,湿热,GZ_TH,20260717,1226,14.504881450488144,8.179387844765543,6.776880141453711,10.03217908977702,3.2552989483233095,9.242360582721322,1.0629727379557803
20260717_GZ_TH_115,high,湿热,GZ_TH,20260717,1390,3.0683403068340307,8.486464476952422,7.057359255970825,10.28221136788916,3.2248521119183344,9.242360582721323,0.7558961057689011
20260717_GZ_TH_117,control,湿热,GZ_TH,20260717,1317,8.158995815899582,8.50084115032182,7.088925368543734,10.455986730309684,3.36706136176595,9.242360582721323,0.7415194323995031
20260717_GZ_TH_118,control,湿热,GZ_TH,20260717,1193,16.80613668061367,8.360964396950125,6.7105663111602745,10.48405901516867,3.773492704008395,9.242360582721323,0.881396185771198
20260717_GZ_TH_119,high,湿热,GZ_TH,20260717,1415,1.3249651324965133,8.899941379854395,7.419230869770102,10.664593169472012,3.2453622997019114,9.242360582721323,0.3424192028669282
20260717_GZ_TH_120,high,湿热,GZ_TH,20260717,1243,13.319386331938633,8.374276704274205,6.95184318575805,10.291060586596505,3.3392174008384545,9.242360582721323,0.8680838784471181
20260717_GZ_TH_121,control,湿热,GZ_TH,20260717,1360,5.160390516039052,8.283954650510417,6.786650248961978,10.027797616630306,3.2411473676683276,9.242360582721322,0.9584059322109066
20260717_GZ_TH_122,high,湿热,GZ_TH,20260717,1262,11.99442119944212,8.646482795780752,7.25906115876786,10.530806608411902,3.271745449644042,9.242360582721323,0.5958777869405711
20260717_GZ_TH_123,high,湿热,GZ_TH,20260717,1247,13.04044630404463,8.369490318402116,6.691956263682284,10.356689679033884,3.6647334153516,9.242360582721323,0.8728702643192072
20260717_GZ_TH_124,high,湿热,GZ_TH,20260717,1273,11.227336122733613,8.703096070009698,7.198115565283815,10.664176637521209,3.4660610722373937,9.242360582721323,0.5392645127116253
20260717_GZ_TH_125,high,湿热,GZ_TH,20260717,1273,11.227336122733613,8.324531762733086,6.860241139641195,10.276602238181942,3.4163610985407473,9.242360582721323,0.9178288199882374
20260717_GZ_TH_126,high,湿热,GZ_TH,20260717,1293,9.832635983263598,8.0811576745893,6.524981863693795,10.026490009892289,3.501508146198492,9.242360582721323,1.161202908132024
20260717_GZ_TH_128,high,湿热,GZ_TH,20260717,1342,6.4156206415620645,8.498085431407809,6.929484126500833,10.447170061302334,3.5176859348015004,9.242360582721323,0.7442751513135146
20260717_GZ_TH_129,high,湿热,GZ_TH,20260717,1323,7.740585774058577,8.470291837972319,6.928439238339394,10.363306096672591,3.434866858333198,9.242360582721323,0.7720687447490047
20260717_GZ_TH_131,high,湿热,GZ_TH,20260717,1253,12.622036262203626,8.690199972346283,7.137484636804285,10.77624626720004,3.638761630395754,9.242360582721323,0.55216061037504
20260717_GZ_TH_132,high,湿热,GZ_TH,20260717,1110,22.594142259414227,8.575593286856606,6.920017920532555,11.02807168639345,4.108053765860895,9.242360582721323,0.6667672958647177
20260717_GZ_TH_133,high,湿热,GZ_TH,20260717,1199,16.387726638772666,8.405202243264368,6.85372728334548,10.618877600128268,3.7651503167827887,9.242360582721323,0.8371583394569555
20260717_GZ_TH_134,high,湿热,GZ_TH,20260717,866,39.6094839609484,8.78044735755759,7.147338477091581,11.541628152752825,4.394289675661244,9.242360582721323,0.4619132251637339
20260717_GZ_TH_137,high,湿热,GZ_TH,20260717,989,31.032078103207812,8.33069330471019,6.853393990650626,10.876069669653017,4.022675679002391,9.242360582721323,0.9116672780111336
20260717_GZ_TH_138,high,湿热,GZ_TH,20260717,1235,13.87726638772664,8.562852973555014,6.926677860640902,10.398276959447362,3.4715990988064593,9.242360582721323,0.6795076091663095
20260717_GZ_TH_143,low,湿热,GZ_TH,20260717,1324,7.670850767085077,8.453523654407125,6.842710362883091,10.51030941359699,3.6675990507139,9.242360582721323,0.7888369283141987
20260717_GZ_TH_144,control,湿热,GZ_TH,20260717,1328,7.391910739191074,8.725127696740369,7.193756032693757,10.806150747479398,3.6123947147856414,9.242360582721323,0.5172328859809543
20260717_GZ_TH_147,low,湿热,GZ_TH,20260717,1255,12.482566248256626,8.040789533289102,6.576901953713455,10.22672629653986,3.649824342826403,9.242360582721323,1.2015710494322214
20260717_GZ_TH_148,low,湿热,GZ_TH,20260717,1359,5.230125523012552,8.59196569274015,6.918497635677603,10.405697722965886,3.487200087288283,9.242360582721323,0.6503948899811736
20260717_GZ_TH_149,low,湿热,GZ_TH,20260717,1369,4.532775453277545,8.637922075575622,7.003783468419705,10.610482176663632,3.6066987082439272,9.242360582721323,0.6044385071457015
20260717_GZ_TH_150,low,湿热,GZ_TH,20260717,1298,9.483960948396094,8.888451998880178,7.289843493340576,10.704072985475172,3.414229492134596,9.242360582721323,0.3539085838411449
