"UniqueSampleID","UMAP1","UMAP2","TREAT1_clean","condition","MS_batch_proxy"
"20250913_FJ_QZ_Q3",0.398271391179991,1.55532047601001,"low","high_temperature",20250913
"20250913_FJ_QZ_Q4",0.0625410471229082,1.17869410367267,"control","high_temperature",20250913
"20250913_FJ_QZ_Q12",0.961065748718215,0.924990867092771,"control","high_temperature",20250913
"20250913_FJ_QZ_Q13",1.047973135498,0.559211586430235,"control","high_temperature",20250913
"20250913_FJ_QZ_Q14",0.914374807861281,1.78701064439075,"control","high_temperature",20250913
"20250913_FJ_QZ_Q15",0.143205219891501,0.952495072796507,"control","high_temperature",20250913
"20250913_FJ_QZ_Q16",0.729440340784026,0.186741267159147,"control","high_temperature",20250913
"20250913_FJ_QZ_Q18",0.179690906789733,1.34204265923755,"control","high_temperature",20250913
"20250913_FJ_QZ_Q20",0.0750927124289995,1.22220144124286,"control","high_temperature",20250913
"20250913_FJ_QZ_Q21",0.426026502635909,1.32606277318255,"control","high_temperature",20250913
"20250913_FJ_QZ_Q22",1.71742329933925,3.41469809861438,"control","high_temperature",20250913
"20250913_FJ_QZ_Q23",0.287958486017418,0.282866154625578,"control","high_temperature",20250913
"20250913_FJ_QZ_Q25",0.441374400642348,1.64676353783862,"control","high_temperature",20250913
"20250913_FJ_QZ_Q26",0.397263551142645,1.32468900532977,"control","high_temperature",20250913
"20250913_FJ_QZ_Q27",0.630708524969054,1.70677611680285,"control","high_temperature",20250913
"20250913_FJ_QZ_Q28",0.0471241120366579,1.09077844472186,"control","high_temperature",20250913
"20250913_FJ_QZ_Q29",0.0352378133801942,2.16671893449084,"control","high_temperature",20250913
"20250913_FJ_QZ_Q31",2.22733507492824,3.49634740205066,"high","high_temperature",20250913
"20250913_FJ_QZ_Q32",-0.00950453242974228,1.73509094567554,"high","high_temperature",20250913
"20250913_FJ_QZ_Q33",0.529512712743712,0.667583797886534,"high","high_temperature",20250913
"20250913_FJ_QZ_Q34",0.243812756624651,0.985067103817625,"high","high_temperature",20250913
"20250913_FJ_QZ_Q36",0.251186808582974,1.23629221768634,"low","high_temperature",20250913
"20250913_FJ_QZ_Q37",0.527537891653014,1.34657082410113,"high","high_temperature",20250913
"20250913_FJ_QZ_Q38",0.281198257592154,0.872417186215086,"low","high_temperature",20250913
"20250913_FJ_QZ_Q39",0.331942038622332,1.48641214223163,"high","high_temperature",20250913
"20250913_FJ_QZ_Q41",0.309632675733996,2.62665054650561,"high","high_temperature",20250913
"20250913_FJ_QZ_Q42",0.616719493654204,0.806137655689878,"high","high_temperature",20250913
"20250913_FJ_QZ_Q44",0.333819592383338,0.67099997849719,"low","high_temperature",20250913
"20250913_FJ_QZ_Q45",2.14270339348598,3.42144009919421,"low","high_temperature",20250913
"20250913_FJ_QZ_Q48",0.313906738546324,0.0709126934553813,"low","high_temperature",20250913
"20250913_FJ_QZ_Q49",0.479587474849654,1.49696657510058,"low","high_temperature",20250913
"20250913_FJ_QZ_Q50",0.0361014995841508,0.0257677778746318,"control","high_temperature",20250913
"20250913_FJ_QZ_Q52",0.287017790612412,0.47127983422534,"low","high_temperature",20250913
"20250913_FJ_QZ_Q54",0.0195472184686189,0.0332163319136333,"control","high_temperature",20250913
"20250913_FJ_QZ_Q55",0.149442570295764,0.872974728062315,"control","high_temperature",20250913
"20250913_FJ_QZ_Q57",0.0418719295529848,0.595473860218687,"control","high_temperature",20250913
"20250913_FJ_QZ_Q58",2.1141238007812,3.44685146661059,"low","high_temperature",20250913
"20250913_FJ_QZ_Q59",0.35269471445365,1.53684637398974,"low","high_temperature",20250913
"20250913_FJ_QZ_Q60",0.232408144988698,0.134013806297941,"low","high_temperature",20250913
"20250913_FJ_QZ_Q61",0.206162888568473,0.119225595905943,"control","high_temperature",20250913
"20250913_FJ_QZ_Q62",0.0960709247855669,2.18423101754443,"control","high_temperature",20250913
"20250913_FJ_QZ_Q63",0.0218450818328386,1.81464741082446,"control","high_temperature",20250913
"20250913_FJ_QZ_Q65",1.54838178494258,3.27391931863086,"control","high_temperature",20250913
"20250913_FJ_QZ_Q66",0.599556842830611,2.02671215386645,"low","high_temperature",20250913
"20250913_FJ_QZ_Q67",0.515057900932265,1.50441143365161,"low","high_temperature",20250913
"20250913_FJ_QZ_Q68",0.194182084885073,0.193571363403959,"control","high_temperature",20250913
"20250913_FJ_QZ_Q69",0.0936161074904924,-0.0220328226540852,"control","high_temperature",20250913
"20250913_FJ_QZ_Q70",0.154517786589099,1.39647219033496,"control","high_temperature",20250913
"20250913_FJ_QZ_Q71",0.518473217275572,1.28323242516772,"control","high_temperature",20250913
"20250913_FJ_QZ_Q72",0.409258374956084,0.452294860794706,"low","high_temperature",20250913
"20250914_FJ_FQ_F47",-0.170786937686967,1.21583244653003,"low","high_temperature",20250914
"20250914_FJ_FQ_F51",1.00273666718288,1.88922450394885,"low","high_temperature",20250914
"20250914_FJ_FQ_F53",1.92377910950465,3.20481870026843,"control","high_temperature",20250914
"20250914_FJ_FQ_F54",0.0396548155812746,0.998735879376097,"low","high_temperature",20250914
"20250914_FJ_FQ_F55",2.06936178543849,3.07893678994433,"high","high_temperature",20250914
"20250914_FJ_FQ_F56",1.33751008847041,1.78253457398669,"control","high_temperature",20250914
"20250914_FJ_FQ_F57",0.937846282508803,2.0474738821532,"low","high_temperature",20250914
"20250914_FJ_FQ_F58",0.999162653472853,0.389350150540037,"high","high_temperature",20250914
"20250914_FJ_FQ_F62",0.576691159990264,1.10816392750995,"high","high_temperature",20250914
"20250914_FJ_FQ_F66",1.01430074312968,1.27761611790912,"control","high_temperature",20250914
"20250914_FJ_FQ_F69",1.9256039653091,3.324021314099,"high","high_temperature",20250914
"20250914_FJ_FQ_F70",1.04883984663768,2.01136276574389,"control","high_temperature",20250914
"20250914_FJ_FQ_F71",1.10091845133586,0.64994284959094,"high","high_temperature",20250914
"20250914_FJ_FQ_F72",0.708629230049086,1.91144320817248,"low","high_temperature",20250914
"20250914_FJ_FQ_F74",1.96370516159816,2.30879590363757,"low","high_temperature",20250914
"20250914_FJ_FQ_F75",1.01349190810008,1.95833585114734,"high","high_temperature",20250914
"20250914_FJ_FQ_F77",3.65750489571376,4.35714886040942,"low","high_temperature",20250914
"20250914_FJ_FQ_F79",1.8779918942718,2.22770020814197,"high","high_temperature",20250914
"20250914_FJ_FQ_F81",3.46075854637904,4.19405767770068,"high","high_temperature",20250914
"20250914_FJ_FQ_F83",0.204314822342825,2.01414153428332,"low","high_temperature",20250914
"20250914_FJ_FQ_F84",1.27132103779597,1.53850695939319,"low","high_temperature",20250914
"20250914_FJ_FQ_F85",1.3211048636703,0.978700612499876,"high","high_temperature",20250914
"20250914_FJ_FQ_F88",0.784345129516554,-0.257527719423609,"high","high_temperature",20250914
"20250914_FJ_FQ_F89",3.16792211869044,3.69539806695239,"high","high_temperature",20250914
"20250914_FJ_FQ_F93",0.369153568532897,1.86423466058032,"low","high_temperature",20250914
"20250914_FJ_FQ_F94",0.912173489120436,0.0618340119864177,"control","high_temperature",20250914
"20250914_FJ_FQ_F102",0.440212929633093,1.5283703550841,"high","high_temperature",20250914
"20250914_FJ_FQ_F105",0.934327939537001,1.42355618329303,"high","high_temperature",20250914
"20250914_FJ_FQ_F106",0.917857268836928,1.68149707169787,"high","high_temperature",20250914
"20250914_FJ_FQ_F107",0.34702581354661,2.00507519097583,"low","high_temperature",20250914
"20250914_FJ_FQ_F110",0.721649745490981,1.57205960603015,"high","high_temperature",20250914
"20250914_FJ_FQ_F111",0.760952392604781,-0.144176568076449,"low","high_temperature",20250914
"20250914_FJ_FQ_F118",1.22692928650661,1.7080692991759,"low","high_temperature",20250914
"20250914_FJ_FQ_F121",1.20941499808116,1.75618264527575,"high","high_temperature",20250914
"20250914_FJ_FQ_F122",0.859607199218703,-0.0173906341050435,"high","high_temperature",20250914
"20250914_FJ_FQ_F123",0.478470334794951,1.04041573853747,"high","high_temperature",20250914
"20250914_FJ_FQ_F124",1.40798793175502,1.30873188824908,"high","high_temperature",20250914
"20250914_FJ_FQ_F125",0.852110603836012,0.097483490421934,"high","high_temperature",20250914
"20250914_FJ_FQ_F126",3.41675339081569,4.07923576684253,"high","high_temperature",20250914
"20250914_FJ_FQ_F128",0.953721979644728,1.07559249253528,"low","high_temperature",20250914
"20250914_FJ_FQ_F129",3.5376690421371,4.12752888055102,"high","high_temperature",20250914
"20250914_FJ_FQ_F131",1.10218427517695,0.63222691865222,"control","high_temperature",20250914
"20250914_FJ_FQ_F135",2.93329463341518,3.57545969338672,"high","high_temperature",20250914
"20250914_FJ_FQ_F137",0.662397542980147,1.16788682790057,"control","high_temperature",20250914
"20250914_FJ_PT_P2",0.219893036421967,2.49369451852099,"control","high_temperature",20250914
"20250914_FJ_PT_P3",0.465272137906981,2.66870663018481,"control","high_temperature",20250914
"20250914_FJ_PT_P4",0.319016860809756,2.64068982453601,"low","high_temperature",20250914
"20250914_FJ_PT_P6",0.484760144737197,2.82222506852405,"high","high_temperature",20250914
"20250914_FJ_PT_P7",1.19783393481059,2.28197262139575,"control","high_temperature",20250914
"20250914_FJ_PT_P8",0.404642695572806,2.65436670632617,"low","high_temperature",20250914
"20250914_FJ_PT_P9",0.344358647253943,2.65955684037463,"low","high_temperature",20250914
"20250914_FJ_PT_P10",1.56461677887721,3.21129510255115,"low","high_temperature",20250914
"20250914_FJ_PT_P11",0.765273848560286,2.86356088967578,"high","high_temperature",20250914
"20250914_FJ_PT_P13",1.85410962441249,3.18016240449206,"low","high_temperature",20250914
"20250914_FJ_PT_P15",0.273369627085162,2.52181026788013,"low","high_temperature",20250914
"20250914_FJ_PT_P17",0.644855091360045,2.8678753122832,"high","high_temperature",20250914
"20250914_FJ_PT_P18",1.86039457657619,3.19545814843432,"high","high_temperature",20250914
"20250914_FJ_PT_P19",1.61568127014918,3.1310589060332,"high","high_temperature",20250914
"20250914_FJ_PT_P20",1.45143471100612,3.19970700593249,"low","high_temperature",20250914
"20250914_FJ_PT_P21",1.07411293127818,3.02529737801806,"high","high_temperature",20250914
"20250914_FJ_PT_P22",1.93516705372615,3.17417499871509,"low","high_temperature",20250914
"20250914_FJ_PT_P23",1.79504404404445,3.17419621796863,"low","high_temperature",20250914
"20250914_FJ_PT_P24",0.384460652258826,2.53480622620837,"high","high_temperature",20250914
"20250914_FJ_PT_P25",-0.0285777058334822,0.0526878580595683,"low","high_temperature",20250914
"20250914_FJ_PT_P26",1.19678101876063,3.05975291581409,"high","high_temperature",20250914
"20250914_FJ_PT_P27",0.656578818347884,2.21038172097461,"high","high_temperature",20250914
"20250914_FJ_PT_P29",1.18803475239558,3.04016492219226,"high","high_temperature",20250914
"20250914_FJ_PT_P30",0.26266255603416,2.27750727982776,"high","high_temperature",20250914
"20250914_FJ_PT_P33",0.556657711055708,2.80831143708484,"high","high_temperature",20250914
"20251001_FJ_FQ_F83",3.11617288925929,2.63306233735339,"low","high_temperature",20251001
"20251001_FJ_FQ_F95",3.55136666634364,4.18351671548144,"high","high_temperature",20251001
"20251001_FJ_FQ_F97",3.18896041252894,2.69491216988818,"high","high_temperature",20251001
"20251001_FJ_FQ_F105",3.55032382347865,4.15344021172778,"high","high_temperature",20251001
"20251001_FJ_FQ_F120",0.975298384216261,-0.387999775991278,"high","high_temperature",20251001
"20251001_FJ_FQ_F136",0.845561483886672,-0.344122122213678,"control","high_temperature",20251001
"20251001_FJ_FQ_F141",5.28883991577907,1.00270292611377,"control","high_temperature",20251001
"20251001_FJ_FQ_F147",3.1971727404861,2.77690121979968,"high","high_temperature",20251001
"20251001_FJ_FQ_F150",4.08405194618983,2.31588432641284,"control","high_temperature",20251001
"20251001_FJ_FQ_F154",1.34354613163753,1.3021056398894,"high","high_temperature",20251001
"20251001_FJ_FQ_F158",3.50079284050746,4.24556133599536,"high","high_temperature",20251001
"20251001_FJ_FQ_F163",3.56041441300197,4.21304533334033,"control","high_temperature",20251001
"20251001_FJ_FQ_F165",3.29206190445705,2.74155757279651,"control","high_temperature",20251001
"20251001_FJ_FQ_F168",0.408530751254988,0.0645876273657512,"high","high_temperature",20251001
"20251001_FJ_FQ_F170",0.906806925323439,1.87115857453601,"control","high_temperature",20251001
"20251001_FJ_FQ_F173",1.40924165585322,1.50704071374194,"low","high_temperature",20251001
"20251001_FJ_FQ_F174",1.39155814984126,1.65178844781177,"low","high_temperature",20251001
"20251001_FJ_FQ_F175",3.19217477181239,2.70874450059192,"low","high_temperature",20251001
"20251001_FJ_FQ_F176",1.37054596283717,1.83359715791003,"low","high_temperature",20251001
"20251001_FJ_FQ_F177",0.784020522621108,1.45106754155414,"low","high_temperature",20251001
"20251001_FJ_FQ_F180",1.4788676295547,1.5394685015227,"low","high_temperature",20251001
"20251001_FJ_FQ_F183",1.34278617241664,2.02325460763232,"low","high_temperature",20251001
"20251001_FJ_FQ_F185",1.21978376248164,2.01672861428515,"low","high_temperature",20251001
"20251001_XZ_YA_1",4.95327005722804,1.89031765313403,"low","high_stress",20251001
"20251001_XZ_YA_2",4.13511691429896,3.08156607003467,"low","high_stress",20251001
"20251001_XZ_YA_3",6.15539417603297,1.29752812237994,"low","high_stress",20251001
"20251001_XZ_YA_4",4.05627117493434,3.71811363549487,"low","high_stress",20251001
"20251001_XZ_YA_5",4.1572545562057,3.10364863724963,"low","high_stress",20251001
"20251001_XZ_YA_6",5.15213165619655,1.35149023385303,"low","high_stress",20251001
"20251001_XZ_YA_7",3.92698369362636,3.45867416711108,"low","high_stress",20251001
"20251001_XZ_YA_8",4.14880881645961,3.25678512902514,"low","high_stress",20251001
"20251001_XZ_YA_9",4.26819906571193,2.95618531556384,"low","high_stress",20251001
"20251001_XZ_YA_10",5.0417977366714,1.7442078337218,"low","high_stress",20251001
"20251001_XZ_YA_11",4.32720098831935,3.65398666711108,"low","high_stress",20251001
"20251001_XZ_YA_12",5.03458605149074,1.56879207940356,"low","high_stress",20251001
"20251001_XZ_YA_13",5.17661915161891,1.14920792432086,"low","high_stress",20251001
"20251001_XZ_YA_14",4.80986748078151,2.32067487092273,"low","high_stress",20251001
"20251001_XZ_YA_15",4.98388157227321,1.44819400162951,"low","high_stress",20251001
"20251001_XZ_YA_16",5.0371418986587,1.36370477528827,"low","high_stress",20251001
"20251001_XZ_YA_17",4.11343393662257,3.23588678689258,"low","high_stress",20251001
"20251001_XZ_YA_18",5.14873991349025,1.38046774716632,"low","high_stress",20251001
"20251001_XZ_YA_19",4.91757021286769,1.98911616654651,"low","high_stress",20251001
"20251001_XZ_YA_20",4.61861286499782,3.39330026955859,"control","high_stress",20251001
"20251001_XZ_YA_21",5.51589975693507,2.80000612588183,"control","high_stress",20251001
"20251001_XZ_YA_22",3.65288720467372,4.31501600594775,"high","high_stress",20251001
"20251001_XZ_YB_2",5.61132822373195,0.946695660069151,"control","high_stress",20251001
"20251001_XZ_YB_4",4.94667539933009,1.80056879372851,"control","high_stress",20251001
"20251001_XZ_YB_6",5.4473734889297,1.07636890263812,"control","high_stress",20251001
"20251001_XZ_YB_9",5.37678823807521,1.04849526734607,"control","high_stress",20251001
"20251001_XZ_YB_10",5.38583145478053,1.04208383412616,"control","high_stress",20251001
"20251001_XZ_YB_11",4.90660391190333,1.49032697530047,"control","high_stress",20251001
"20251001_XZ_YB_12",6.16462812760158,1.02203271241443,"control","high_stress",20251001
"20251001_XZ_YB_14",5.44059715607448,1.46591183991687,"control","high_stress",20251001
"20251001_XZ_YB_15",6.1463161502151,1.13660666795032,"control","high_stress",20251001
"20251001_XZ_YB_19",5.3402334246902,1.07452854962604,"control","high_stress",20251001
"20251001_XZ_YC_1",5.0913697276382,2.73948833794848,"control","high_stress",20251001
"20251001_XZ_YC_2",4.76250276902003,2.06550810189502,"control","high_stress",20251001
"20251001_XZ_YC_3",5.06577644684596,1.75914571137683,"high","high_stress",20251001
"20251001_XZ_YC_4",4.69418773987575,2.26444289536731,"control","high_stress",20251001
"20251001_XZ_YC_5",6.0242196116714,1.20076701493518,"high","high_stress",20251001
"20251001_XZ_YC_6",4.13921056130214,3.22764346452014,"low","high_stress",20251001
"20251001_XZ_YC_7",4.63077888825221,2.48072097153918,"low","high_stress",20251001
"20251001_XZ_YC_8",6.00617752411647,1.16108665318744,"control","high_stress",20251001
"20251001_XZ_YC_9",3.78043351509852,4.21076462121264,"low","high_stress",20251001
"20251001_XZ_YC_10",5.42015610077662,1.18793544621722,"high","high_stress",20251001
"20251001_XZ_YC_11",4.24379358628078,3.58806536050097,"high","high_stress",20251001
"20251001_XZ_YC_12",5.17383966782374,1.48125133366839,"high","high_stress",20251001
"20251001_XZ_YC_13",4.36893759110255,2.90738437028186,"high","high_stress",20251001
"20251001_XZ_YC_14",4.3945055995254,3.03776571603076,"high","high_stress",20251001
"20251001_XZ_YC_15",5.12206278183742,2.51901695580737,"high","high_stress",20251001
"20251001_XZ_YC_16",5.13360176422877,2.51744601578967,"high","high_stress",20251001
"20251001_XZ_YC_17",5.35119066574855,1.74944183678882,"high","high_stress",20251001
"20251001_XZ_YC_18",4.07809887268825,3.10353705735461,"low","high_stress",20251001
"20251001_XZ_YC_19",5.8451744113235,1.30392215104358,"high","high_stress",20251001
"20251001_XZ_YC_20",4.86342869141383,2.52024028153674,"low","high_stress",20251001
"20251001_XZ_YC_21",4.69781647064967,3.10385749192492,"high","high_stress",20251001
"20251001_XZ_YC_22",5.97183189728541,1.19723079056994,"high","high_stress",20251001
"20251001_XZ_YC_23",6.09108362534328,1.29762885422961,"low","high_stress",20251001
"20251001_XZ_YC_24",4.65199814179225,3.18973443360583,"high","high_stress",20251001
"20251001_XZ_YC_25",4.11444197037501,3.44457743020312,"high","high_stress",20251001
"20251001_XZ_YC_26",5.98563680985255,1.35326144547717,"high","high_stress",20251001
"20251001_XZ_YC_27",3.7178858313827,4.26593372674243,"high","high_stress",20251001
"20251001_XZ_YC_28",6.15074930527492,1.14606377930896,"high","high_stress",20251001
"20251001_XZ_YC_29",4.91812239029689,3.09704110474841,"high","high_stress",20251001
"20251001_XZ_YC_30",5.56803284027858,1.15370414109485,"low","high_stress",20251001
"20251001_XZ_YC_31",5.17267475464625,1.31399199815051,"control","high_stress",20251001
"20251001_XZ_YC_32",5.91321907379909,1.07950970978992,"high","high_stress",20251001
"20251001_XZ_YC_33",6.13425312378688,1.10572633595721,"high","high_stress",20251001
"20251001_XZ_YC_34",5.50458059647365,1.20274720044391,"control","high_stress",20251001
"20251001_XZ_YD_1",5.254964450386,1.67764994950549,"low","high_stress",20251001
"20251001_XZ_YD_3",4.40594683029933,3.45708415360705,"control","high_stress",20251001
"20251001_XZ_YD_4",4.34731254914088,3.44813892693774,"control","high_stress",20251001
"20251001_XZ_YD_5",5.3435760531692,3.06228897423999,"low","high_stress",20251001
"20251001_XZ_YD_6",4.53110514023585,3.5528003916289,"control","high_stress",20251001
"20251001_XZ_YD_7",5.53542290070338,2.73016211838977,"high","high_stress",20251001
"20251001_XZ_YD_8",5.43746338227077,2.92167851777331,"high","high_stress",20251001
"20251001_XZ_YD_9",4.24814281800075,3.6443497881438,"high","high_stress",20251001
"20251001_XZ_YD_10",5.54687033036037,2.74993393273608,"high","high_stress",20251001
"20251001_XZ_YD_11",5.56211433747096,2.65055701585071,"high","high_stress",20251001
"20251001_XZ_YD_12",5.58322582581325,2.73290512414233,"control","high_stress",20251001
"20251001_XZ_YD_13",5.41868267395778,2.38504717202441,"control","high_stress",20251001
"20251001_XZ_YD_14",4.47342739441676,2.98976776452319,"control","high_stress",20251001
"20251001_XZ_YD_15",4.70542631485744,2.86533758492724,"low","high_stress",20251001
"20251001_XZ_YD_16",5.29452047684474,1.23791513295428,"high","high_stress",20251001
"20251001_XZ_YD_17",4.84693727829738,2.18402907700793,"low","high_stress",20251001
"20251001_XZ_YD_18",5.20572815277858,1.8008963808562,"high","high_stress",20251001
"20251001_XZ_YD_19",4.73242245056911,3.32795426697986,"control","high_stress",20251001
"20251001_XZ_YD_20",4.41867361405177,2.95929262490527,"control","high_stress",20251001
"20251001_XZ_YD_21",4.4073720965652,3.11627170892016,"control","high_stress",20251001
"20251001_XZ_YD_22",4.62262783386989,2.92658588738696,"control","high_stress",20251001
"20251001_XZ_YD_23",5.24770841934962,1.69053718896167,"low","high_stress",20251001
"20251001_XZ_YD_24",4.06334410050197,3.79267809243457,"low","high_stress",20251001
"20251001_XZ_YD_25",4.14676175453944,3.56351969094531,"low","high_stress",20251001
"20251001_XZ_YD_26",4.05886826851649,3.58106586785571,"low","high_stress",20251001
"20251001_XZ_YD_27",5.77517376282496,1.29560944886462,"low","high_stress",20251001
"20251001_XZ_YD_28",4.48044834473414,2.91406056733386,"low","high_stress",20251001
"20251026_FJ_PT_P31",0.521095851448012,1.93739578576343,"control","high_temperature",20251026
"20251026_FJ_QZ_Q73",0.512072781112624,-0.260328258559542,"control","high_temperature",20251026
"20251026_FJ_QZ_Q74",0.538376221445036,-0.41054861544116,"low","high_temperature",20251026
"20251026_FJ_QZ_Q75",0.381114477303458,-0.397942270324068,"low","high_temperature",20251026
"20251026_FJ_QZ_Q76",0.576895484712554,-0.425290893003779,"high","high_temperature",20251026
"20251026_FJ_QZ_Q77",4.11215291359706,-8.97896888403638,"high","high_temperature",20251026
"20251026_FJ_QZ_Q78",0.437907600787116,-0.321675772950487,"high","high_temperature",20251026
"20251026_FJ_QZ_Q79",0.554726252344084,-0.324705655858355,"control","high_temperature",20251026
"20251026_FJ_QZ_Q80",0.622244069364501,-0.307903881356554,"low","high_temperature",20251026
"20251026_FJ_QZ_Q81",0.437690684583617,-0.142631168649035,"low","high_temperature",20251026
"20251026_FJ_QZ_Q82",0.430045092490149,1.87301752419726,"control","high_temperature",20251026
"20251026_FJ_QZ_Q83",0.517584839847518,-0.0262785211060811,"control","high_temperature",20251026
"20251104_FJ_FQ_F178",1.22128925659938,2.10219189973132,"low","high_temperature",20251104
"20251104_FJ_FQ_F179",1.00368289091868,1.94021675439136,"high","high_temperature",20251104
"20251107_XZ_YD_2",5.60671339371486,2.68456575722949,"low","high_stress",20251107
"20260527_XZ_GG_1",5.35804710724635,-7.69465186743482,"low","high_stress",20260527
"20260527_XZ_GG_2",4.20958457329555,-9.45086314825757,"low","high_stress",20260527
"20260527_XZ_GG_3",4.57576475479884,-10.7671787991975,"low","high_stress",20260527
"20260527_XZ_GG_4",5.38597593643947,-7.73771646170362,"low","high_stress",20260527
"20260527_XZ_GG_5",4.7587338481216,-10.7993433728669,"low","high_stress",20260527
"20260527_XZ_GG_6",4.63216457703395,-10.7079184308503,"low","high_stress",20260527
"20260527_XZ_GG_7",5.34598408081813,-7.57204034476026,"low","high_stress",20260527
"20260527_XZ_GG_8",4.04743776657863,-8.98215415625318,"low","high_stress",20260527
"20260527_XZ_GG_9",4.08081112244411,-9.54996993689282,"low","high_stress",20260527
"20260527_XZ_GG_10",4.73884258606715,-10.4080822720979,"low","high_stress",20260527
"20260527_XZ_GG_11",4.56066475251002,-10.7604592099641,"low","high_stress",20260527
"20260527_XZ_GG_12",4.68897066452785,-10.5221178784822,"low","high_stress",20260527
"20260527_XZ_GG_13",5.07263861038966,-7.84535195975049,"low","high_stress",20260527
"20260527_XZ_GG_14",4.15289483406825,-9.81107547430737,"low","high_stress",20260527
"20260527_XZ_GG_15",5.43743763306422,-7.62585427908643,"low","high_stress",20260527
"20260527_XZ_GG_16",5.05522117951198,-7.8335407033418,"low","high_stress",20260527
"20260527_XZ_GG_17",3.99921450951381,-9.57707717566235,"low","high_stress",20260527
"20260527_XZ_GG_18",4.62576780655665,-10.6735270276521,"low","high_stress",20260527
"20260527_XZ_GG_19",4.65922270157619,-10.6986162915681,"low","high_stress",20260527
"20260527_XZ_GG_20",4.48924265244288,-10.4899370923494,"low","high_stress",20260527
"20260527_XZ_GG_21",4.02903042176051,-9.65545108465894,"low","high_stress",20260527
"20260527_XZ_GG_22",4.15511927941127,-8.63278033880933,"low","high_stress",20260527
"20260527_XZ_GG_23",-11.9959906544419,6.36893722863452,"low","high_stress",20260527
"20260527_XZ_GG_24",4.26564941742702,-9.40995528845532,"low","high_stress",20260527
"20260527_XZ_GG_25",5.36056862213893,-7.69571902899488,"low","high_stress",20260527
"20260527_XZ_GG_26",4.06562147476954,-8.76887443213208,"low","high_stress",20260527
"20260527_XZ_GG_27",4.20212874748988,-8.7022888913606,"low","high_stress",20260527
"20260527_XZ_GG_28",5.12458429672999,-7.84517934469922,"low","high_stress",20260527
"20260527_XZ_GG_29",4.52319727280421,-8.77900626806958,"low","high_stress",20260527
"20260527_XZ_GG_30",4.40246115067287,-10.8804552808259,"low","high_stress",20260527
"20260527_XZ_GG_31",5.20754537918849,-9.87833335547193,"high","high_stress",20260527
"20260527_XZ_GG_32",4.14225635865016,-8.80336692480786,"high","high_stress",20260527
"20260527_XZ_GG_33",4.28107080796046,-8.67422225622876,"high","high_stress",20260527
"20260527_XZ_GG_34",4.45231876709743,-8.64287307409985,"high","high_stress",20260527
"20260527_XZ_GG_35",5.31741915085597,-9.84869506506665,"high","high_stress",20260527
"20260527_XZ_GG_36",5.19657907822413,-9.67089488653882,"high","high_stress",20260527
"20260527_XZ_GG_37",5.19331274369044,-9.67670753149732,"high","high_stress",20260527
"20260527_XZ_GG_38",4.99382696488185,-7.93742301611646,"high","high_stress",20260527
"20260527_XZ_GG_39",4.17363128998561,-9.02084949164136,"high","high_stress",20260527
"20260527_XZ_GG_40",5.31052790024562,-9.7647249951814,"high","high_stress",20260527
"20260527_XZ_GG_41",4.62569437363429,-8.58807017950757,"high","high_stress",20260527
"20260527_XZ_GG_42",4.47760210373683,-8.87401988653882,"high","high_stress",20260527
"20260527_XZ_GG_43",4.12736687996669,-9.76377513556226,"high","high_stress",20260527
"20260527_XZ_GG_44",5.17573318817897,-9.6768868222688,"high","high_stress",20260527
"20260527_XZ_GG_46",5.0471893344192,-9.78830077795728,"high","high_stress",20260527
"20260527_XZ_GG_47",5.19106827118678,-9.75273254065259,"high","high_stress",20260527
"20260527_XZ_GG_50",4.52517948487086,-9.88227679877027,"high","high_stress",20260527
"20260527_XZ_GG_51",5.13546524384303,-8.04115131048902,"high","high_stress",20260527
"20260527_XZ_GG_52",5.03988418915553,-9.24534537939771,"high","high_stress",20260527
"20260527_XZ_GG_53",5.46717701294703,-9.99422099737866,"high","high_stress",20260527
"20260527_XZ_GG_55",5.09506426193995,-7.93550231604322,"high","high_stress",20260527
"20260527_XZ_GG_56",4.16612134316249,-8.7382881894563,"high","high_stress",20260527
"20260527_XZ_GG_59",4.47708759644313,-8.77806403784497,"high","high_stress",20260527
"20260527_XZ_GG_60",4.12153897621913,-8.96926715521558,"control","high_stress",20260527
"20260527_XZ_GG_62",4.93204889633937,-8.40920570044263,"control","high_stress",20260527
"20260527_XZ_GG_64",4.44269857743068,-9.45210769324048,"control","high_stress",20260527
"20260527_XZ_GG_65",5.14065370896144,-9.07240893988355,"control","high_stress",20260527
"20260527_XZ_GG_66",4.45731125214381,-8.85878970770581,"control","high_stress",20260527
"20260527_XZ_GG_68",4.81346378662868,-8.34103086142285,"control","high_stress",20260527
"20260527_XZ_GG_69",4.62909231522365,-8.30023648886426,"control","high_stress",20260527
"20260527_XZ_GG_71",4.80665741303248,-9.20250919012769,"control","high_stress",20260527
"20260527_XZ_GG_72",4.84457359650416,-8.7397415891145,"control","high_stress",20260527
"20260527_XZ_GG_73",4.33728466370387,-9.03868224768384,"control","high_stress",20260527
"20260527_XZ_GG_74",4.81785498001857,-9.24616649298413,"control","high_stress",20260527
"20260527_XZ_GG_75",4.76042375901027,-9.78740146307691,"control","high_stress",20260527
"20260527_XZ_GG_76",4.47880421021266,-8.91169860510571,"control","high_stress",20260527
"20260527_XZ_GG_77",5.24296532013698,-8.14021804480298,"control","high_stress",20260527
"20260527_XZ_GG_78",5.11035070755763,-7.83524921087964,"control","high_stress",20260527
"20260527_XZ_GG_79",4.90593157151027,-9.36093261389478,"control","high_stress",20260527
"20260527_XZ_GG_80",5.15544138291163,-9.5697787061189,"control","high_stress",20260527
"20260527_XZ_GG_81",4.9475971255569,-9.69394424109204,"low","high_stress",20260527
"20260527_XZ_GG_82",4.63362322190089,-8.31671979574902,"low","high_stress",20260527
"20260527_XZ_GG_83",4.90101728775783,-8.37860706000073,"low","high_stress",20260527
"20260527_XZ_GG_84",4.57855329850001,-9.25726058630689,"low","high_stress",20260527
"20260527_XZ_GG_85",5.05168829300685,-8.55250194220288,"low","high_stress",20260527
"20260527_XZ_GG_86",4.6942955050735,-10.5360558286165,"low","high_stress",20260527
"20260527_XZ_GG_87",4.54366407730861,-8.99265315680249,"low","high_stress",20260527
"20260527_XZ_GG_88",4.70923433640285,-10.7191488996003,"low","high_stress",20260527
"20260527_XZ_GG_89",4.74386129715724,-10.5897028699373,"low","high_stress",20260527
"20260527_XZ_GG_92",4.37306747772975,-9.69540717749341,"low","high_stress",20260527
"20260527_XZ_GG_93",4.8101140055923,-9.21405818609937,"low","high_stress",20260527
"20260527_XZ_GG_94",4.83346853592677,-10.7338288083528,"low","high_stress",20260527
"20260527_XZ_GG_95",5.07602463105006,-9.15108611731275,"low","high_stress",20260527
"20260527_XZ_GG_96",4.75176964142604,-10.6665318265413,"low","high_stress",20260527
"20260527_XZ_GG_97",5.23557386734767,-10.0497029080842,"low","high_stress",20260527
"20260527_XZ_GG_98",4.98012266495509,-8.05051973013623,"low","high_stress",20260527
"20260527_XZ_GG_99",5.04919920304103,-8.46316411642774,"low","high_stress",20260527
"20260527_XZ_GG_100",4.76878271439357,-9.72054889349683,"low","high_stress",20260527
"20260527_XZ_GG_101",5.05819139817042,-9.05308654455884,"low","high_stress",20260527
"20260527_XZ_GG_102",4.89190254547877,-8.48221519140943,"low","high_stress",20260527
"20260527_XZ_GG_103",5.49374065735621,-9.35696532873853,"low","high_stress",20260527
"20260527_XZ_GG_104",4.93603382447047,-10.684708859012,"low","high_stress",20260527
"20260527_XZ_GG_105",4.66696844437404,-9.67185046820386,"low","high_stress",20260527
"20260527_XZ_GG_106",4.41067085602565,-9.43330123572095,"low","high_stress",20260527
"20260527_XZ_GG_121",4.7616292033462,-9.45642593054517,"control","high_stress",20260527
"20260527_XZ_GG_122",4.68092499115748,-9.9519169583772,"control","high_stress",20260527
"20260527_XZ_GG_123",5.1565700564651,-8.2771179929231,"high","high_stress",20260527
"20260527_XZ_GG_124",4.97663412430568,-9.56047561316235,"high","high_stress",20260527
"20260527_XZ_GG_125",5.02273521759791,-9.47186210303052,"control","high_stress",20260527
"20260527_XZ_GG_126",5.08870230057521,-9.4307348981355,"control","high_stress",20260527
"20260527_XZ_GG_128",4.67629013397975,-9.23199775366528,"control","high_stress",20260527
"20260527_XZ_GG_129",5.24244890549464,-9.31916358618482,"control","high_stress",20260527
"20260527_XZ_GG_130",5.87621841767116,-10.1113598599885,"control","high_stress",20260527
"20260527_XZ_GG_131",5.35912094452662,-9.63861205725415,"control","high_stress",20260527
"20260527_XZ_GG_132",4.7089382205276,-9.91589381842359,"control","high_stress",20260527
"20260527_XZ_GG_135",5.53611193039699,-10.0433581128572,"control","high_stress",20260527
"20260527_XZ_GG_136",6.0879345927505,-9.8846037641023,"control","high_stress",20260527
"20260527_XZ_GG_137",5.38042364456935,-9.19375732092603,"control","high_stress",20260527
"20260527_XZ_GG_138",5.68733558991237,-10.1850750699495,"low","high_stress",20260527
"20260527_XZ_GG_139",5.43672285416408,-9.00447394995435,"low","high_stress",20260527
"20260527_XZ_GG_140",5.5575619731216,-8.83715465216382,"high","high_stress",20260527
"20260527_XZ_GG_141",5.80165014603419,-10.1864493146394,"high","high_stress",20260527
"20260527_XZ_GG_142",5.78835306504054,-9.60641887335523,"high","high_stress",20260527
"20260527_XZ_GG_143",5.76850996353908,-10.0705845609163,"low","high_stress",20260527
"20260527_XZ_GG_144",5.64898405411525,-9.22246863989575,"high","high_stress",20260527
"20260527_XZ_GG_145",5.86050758698268,-9.49405791907056,"high","high_stress",20260527
"20260527_XZ_GG_146",5.7233220134048,-8.65975215582593,"low","high_stress",20260527
"20260527_XZ_GG_147",6.12419567444606,-9.92939021734937,"high","high_stress",20260527
"20260527_XZ_GG_148",5.90507278778834,-8.77412536291821,"high","high_stress",20260527
"20260527_XZ_GG_149",5.99365101197047,-10.0386240735505,"high","high_stress",20260527
"20260527_XZ_GG_150",5.86909304001613,-10.0436213269685,"high","high_stress",20260527
"20260527_XZ_GG_151",4.98512134888453,-10.2798187985872,"low","high_stress",20260527
"20260527_XZ_GG_152",5.76566706040187,-9.59553649573071,"control","high_stress",20260527
"20260527_XZ_GG_153",5.83058557846828,-10.1492131009553,"high","high_stress",20260527
"20260527_XZ_GG_154",5.73865852692409,-9.42741611151441,"low","high_stress",20260527
"20260527_XZ_GG_155",5.97688732483668,-10.0321505322908,"high","high_stress",20260527
"20260527_XZ_GG_156",6.14772615769191,-9.26502826361402,"high","high_stress",20260527
"20260527_XZ_GG_157",6.17492637970729,-9.30854442267163,"high","high_stress",20260527
"20260527_XZ_GG_158",6.14279995301051,-9.53718974737866,"low","high_stress",20260527
"20260527_XZ_GG_159",5.84521971085353,-8.33986499457105,"high","high_stress",20260527
"20260527_XZ_GG_160",5.84322367050929,-9.59255054144605,"high","high_stress",20260527
"20260527_XZ_GG_161",6.05853090622706,-8.80348899512036,"low","high_stress",20260527
"20260527_XZ_GG_162",6.11122761109157,-9.85266521124585,"high","high_stress",20260527
"20260527_XZ_GG_163",5.92685280182643,-8.6149800076936,"low","high_stress",20260527
"20260527_XZ_GG_164",6.03114185669703,-8.83380057959302,"low","high_stress",20260527
"20260527_XZ_GG_165",6.13880405762477,-9.39984729437573,"high","high_stress",20260527
"20260527_XZ_GG_166",5.68145523407741,-8.87530639319165,"low","high_stress",20260527
"20260527_XZ_GG_167",5.81152925827785,-8.31584241537793,"high","high_stress",20260527
"20260527_XZ_GG_168",6.18127546646876,-9.15026691107495,"high","high_stress",20260527
"20260527_XZ_GG_169",6.03207073548121,-8.91972091345532,"high","high_stress",20260527
"20260527_XZ_GG_170",5.69044552185817,-8.28860595373853,"low","high_stress",20260527
"20260527_XZ_GG_171",5.22821102478786,-8.54954936651929,"high","high_stress",20260527
"20260717_GZ_TH_1",-11.8622912373276,5.87827703805224,"control","high_temperature",20260717
"20260717_GZ_TH_2",-10.7277325596543,7.6018635973479,"control","high_temperature",20260717
"20260717_GZ_TH_3",-12.0103348698349,6.7071463808562,"control","high_temperature",20260717
"20260717_GZ_TH_4",-12.0878676380845,6.84342977853076,"control","high_temperature",20260717
"20260717_GZ_TH_6",-11.9574879612656,6.2807662233855,"high","high_temperature",20260717
"20260717_GZ_TH_7",-11.7651461567612,6.33843061776416,"high","high_temperature",20260717
"20260717_GZ_TH_8",-10.7228182759018,7.56296131463305,"high","high_temperature",20260717
"20260717_GZ_TH_9",-11.8081854786606,5.88085672707812,"high","high_temperature",20260717
"20260717_GZ_TH_10",-11.6314066853257,5.85524484963672,"high","high_temperature",20260717
"20260717_GZ_TH_11",-11.6061171498032,6.51877949090259,"high","high_temperature",20260717
"20260717_GZ_TH_12",-11.1424921955796,5.66771671624438,"low","high_temperature",20260717
"20260717_GZ_TH_13",-10.2269181217881,8.25035545678393,"low","high_temperature",20260717
"20260717_GZ_TH_14",-10.4185389485093,7.41989824624316,"high","high_temperature",20260717
"20260717_GZ_TH_15",-11.1614092793198,6.13796398492114,"low","high_temperature",20260717
"20260717_GZ_TH_16",-11.1315306629868,5.80891105981128,"low","high_temperature",20260717
"20260717_GZ_TH_17",-9.99425115248876,8.51712772698657,"low","high_temperature",20260717
"20260717_GZ_TH_18",-11.0295809712143,7.00263092370288,"low","high_temperature",20260717
"20260717_GZ_TH_19",-10.9018687214585,5.67279980035083,"low","high_temperature",20260717
"20260717_GZ_TH_20",-11.8366593327256,6.59313938470141,"low","high_temperature",20260717
"20260717_GZ_TH_21",-10.1439627613755,8.36186954827563,"high","high_temperature",20260717
"20260717_GZ_TH_22",-11.0808562245102,6.51559612603442,"low","high_temperature",20260717
"20260717_GZ_TH_23",-10.9929636921616,5.77326080651538,"control","high_temperature",20260717
"20260717_GZ_TH_24",-12.1660965885849,7.01584455819385,"control","high_temperature",20260717
"20260717_GZ_TH_25",-11.1786669697495,5.77653667779223,"high","high_temperature",20260717
"20260717_GZ_TH_26",-12.1319903340073,7.05845663399951,"high","high_temperature",20260717
"20260717_GZ_TH_27",-11.2382124867173,6.07247898431079,"high","high_temperature",20260717
"20260717_GZ_TH_28",-12.1353405918808,6.9222604975249,"high","high_temperature",20260717
"20260717_GZ_TH_29",-12.1699103321763,6.9537021860625,"high","high_temperature",20260717
"20260717_GZ_TH_30",-10.9552258457871,6.2882911905791,"high","high_temperature",20260717
"20260717_GZ_TH_31",-10.7720068897934,7.44978353829638,"high","high_temperature",20260717
"20260717_GZ_TH_32",-10.6498555149765,7.67831680627124,"high","high_temperature",20260717
"20260717_GZ_TH_33",-11.5468195881577,6.42313597054736,"high","high_temperature",20260717
"20260717_GZ_TH_35",-11.2664107289048,6.98484871239917,"high","high_temperature",20260717
"20260717_GZ_TH_36",-10.1090258564682,8.38372585625903,"control","high_temperature",20260717
"20260717_GZ_TH_37",-11.0083836521836,7.0734417185332,"control","high_temperature",20260717
"20260717_GZ_TH_38",-10.0651549305649,8.49576160760181,"high","high_temperature",20260717
"20260717_GZ_TH_39",-11.3835438694687,7.09560320229785,"high","high_temperature",20260717
"20260717_GZ_TH_40",-11.2826403584214,6.75199005456225,"high","high_temperature",20260717
"20260717_GZ_TH_41",-10.4904097523423,6.81346771569507,"high","high_temperature",20260717
"20260717_GZ_TH_42",-11.598674675438,6.21766874642627,"control","high_temperature",20260717
"20260717_GZ_TH_43",-10.4926976170273,7.79466984124438,"control","high_temperature",20260717
"20260717_GZ_TH_44",-11.3165844883652,5.96709368081347,"control","high_temperature",20260717
"20260717_GZ_TH_45",-10.099687477562,8.40873787255542,"control","high_temperature",20260717
"20260717_GZ_TH_46",-11.2552899327012,6.67664072366015,"low","high_temperature",20260717
"20260717_GZ_TH_47",-11.1608351673813,7.02712128014819,"low","high_temperature",20260717
"20260717_GZ_TH_48",-11.5320528950425,6.31055185647265,"high","high_temperature",20260717
"20260717_GZ_TH_49",-11.2038163151474,7.19056198449389,"control","high_temperature",20260717
"20260717_GZ_TH_50",-10.1377753224106,8.32816097588794,"control","high_temperature",20260717
"20260717_GZ_TH_51",-11.7218741383286,6.82032272668139,"control","high_temperature",20260717
"20260717_GZ_TH_53",-10.9511603321763,5.86070988030688,"control","high_temperature",20260717
"20260717_GZ_TH_54",-12.0975855793686,6.92060158105151,"control","high_temperature",20260717
"20260717_GZ_TH_55",-11.4302109684678,5.94149229378955,"control","high_temperature",20260717
"20260717_GZ_TH_57",-11.400411507103,5.95544788689868,"control","high_temperature",20260717
"20260717_GZ_TH_58",-10.9555062260361,6.38450405450122,"control","high_temperature",20260717
"20260717_GZ_TH_59",-10.3325871433945,7.79700443597094,"control","high_temperature",20260717
"20260717_GZ_TH_61",-11.0499733891221,6.22023937554614,"control","high_temperature",20260717
"20260717_GZ_TH_62",-11.2885846104355,5.66057131142871,"low","high_temperature",20260717
"20260717_GZ_TH_63",-11.1057576145859,6.15831777901904,"control","high_temperature",20260717
"20260717_GZ_TH_64",-11.3543375935288,5.63053057046191,"control","high_temperature",20260717
"20260717_GZ_TH_65",-11.3974303211899,5.648084853604,"control","high_temperature",20260717
"20260717_GZ_TH_66",-10.8510397877427,6.16268703789966,"control","high_temperature",20260717
"20260717_GZ_TH_67",-11.4096602406235,5.83505508752124,"control","high_temperature",20260717
"20260717_GZ_TH_68",-11.0196684803696,6.57460567803637,"control","high_temperature",20260717
"20260717_GZ_TH_69",-11.3852528538437,5.4742247805144,"control","high_temperature",20260717
"20260717_GZ_TH_70",-11.463568588707,5.6833483919646,"control","high_temperature",20260717
"20260717_GZ_TH_71",-11.3906697239609,5.61563751549975,"control","high_temperature",20260717
"20260717_GZ_TH_72",-11.5069931950303,6.15266630502002,"control","high_temperature",20260717
"20260717_GZ_TH_73",-11.537938019249,5.59415743203418,"control","high_temperature",20260717
"20260717_GZ_TH_74",-10.4264191593857,7.86712047906177,"control","high_temperature",20260717
"20260717_GZ_TH_75",-11.8475703205796,5.93017504067676,"control","high_temperature",20260717
"20260717_GZ_TH_76",-11.3848084416123,6.03560421319262,"control","high_temperature",20260717
"20260717_GZ_TH_77",-11.3138274159165,5.66374466271655,"control","high_temperature",20260717
"20260717_GZ_TH_78",-11.1260737385483,6.27783558221118,"control","high_temperature",20260717
"20260717_GZ_TH_79",-11.2191533055039,6.14113161416308,"control","high_temperature",20260717
"20260717_GZ_TH_80",-11.8444584812851,6.38915130944507,"control","high_temperature",20260717
"20260717_GZ_TH_87",-10.5924738850327,6.55618021340625,"low","high_temperature",20260717
"20260717_GZ_TH_88",-10.2175358738633,7.03811285348193,"control","high_temperature",20260717
"20260717_GZ_TH_89",-10.2973317112656,6.30959675164477,"low","high_temperature",20260717
"20260717_GZ_TH_90",-10.4644164051743,5.89343616814868,"high","high_temperature",20260717
"20260717_GZ_TH_93",-10.1399840321274,6.75100300164477,"low","high_temperature",20260717
"20260717_GZ_TH_94",-10.0979279484482,6.34319565148608,"low","high_temperature",20260717
"20260717_GZ_TH_95",-10.2673739399643,6.15517494530932,"low","high_temperature",20260717
"20260717_GZ_TH_96",-10.3350724186631,7.13363048882739,"low","high_temperature",20260717
"20260717_GZ_TH_98",-10.1210020985337,8.42705414147632,"low","high_temperature",20260717
"20260717_GZ_TH_99",-10.2286957707139,7.20154545159594,"low","high_temperature",20260717
"20260717_GZ_TH_100",-10.2518958058091,6.03784820885913,"low","high_temperature",20260717
"20260717_GZ_TH_101",-10.2686842884751,6.15469858498828,"low","high_temperature",20260717
"20260717_GZ_TH_102",-10.1688631977768,6.36883995385425,"low","high_temperature",20260717
"20260717_GZ_TH_103",-10.247938057396,6.35914060921924,"low","high_temperature",20260717
"20260717_GZ_TH_104",-10.2184790577622,8.00716850610034,"low","high_temperature",20260717
"20260717_GZ_TH_106",-10.4261044468613,6.77696678490893,"low","high_temperature",20260717
"20260717_GZ_TH_107",-10.6042288746567,5.81233713479297,"high","high_temperature",20260717
"20260717_GZ_TH_108",-10.5603903736802,5.89316246361987,"high","high_temperature",20260717
"20260717_GZ_TH_109",-10.2998017277451,8.12614796014087,"high","high_temperature",20260717
"20260717_GZ_TH_110",-10.450104614708,5.94783565850512,"control","high_temperature",20260717
"20260717_GZ_TH_111",-10.2282437290879,8.20888397546069,"high","high_temperature",20260717
"20260717_GZ_TH_112",-10.1309641804429,7.05890152306811,"high","high_temperature",20260717
"20260717_GZ_TH_114",-10.8874815907212,5.59855339379565,"high","high_temperature",20260717
"20260717_GZ_TH_115",-11.8593815769883,6.50583717675464,"high","high_temperature",20260717
"20260717_GZ_TH_117",-10.1683548893662,6.19390747399585,"control","high_temperature",20260717
"20260717_GZ_TH_118",-10.2669457401963,7.88691112847583,"control","high_temperature",20260717
"20260717_GZ_TH_119",-11.8688658680649,6.81544420571582,"high","high_temperature",20260717
"20260717_GZ_TH_120",-10.7607983555527,5.70715114922778,"high","high_temperature",20260717
"20260717_GZ_TH_121",-10.477635284874,6.72526810021655,"control","high_temperature",20260717
"20260717_GZ_TH_122",-10.2016228642197,6.20605442376391,"high","high_temperature",20260717
"20260717_GZ_TH_123",-10.2128647770615,7.40274164529101,"high","high_temperature",20260717
"20260717_GZ_TH_124",-10.1213749851914,6.64970180840747,"high","high_temperature",20260717
"20260717_GZ_TH_125",-10.9589919056626,6.2319414362456,"high","high_temperature",20260717
"20260717_GZ_TH_126",-10.2313355412217,6.93406221719043,"high","high_temperature",20260717
"20260717_GZ_TH_128",-10.4223736729355,7.56202289910571,"high","high_temperature",20260717
"20260717_GZ_TH_129",-10.2582062687607,6.17205450387256,"high","high_temperature",20260717
"20260717_GZ_TH_131",-10.279917618248,8.10270759911792,"high","high_temperature",20260717
"20260717_GZ_TH_132",-10.1778000797959,8.38173935265796,"high","high_temperature",20260717
"20260717_GZ_TH_133",-10.1770352329941,8.24657127709643,"high","high_temperature",20260717
"20260717_GZ_TH_134",-10.1179875340195,8.43412849755542,"high","high_temperature",20260717
"20260717_GZ_TH_137",-10.1246746983262,8.4214493975188,"high","high_temperature",20260717
"20260717_GZ_TH_138",-10.3691557850571,7.40995714516894,"high","high_temperature",20260717
"20260717_GZ_TH_143",-10.1184023823472,6.89264557214038,"low","high_temperature",20260717
"20260717_GZ_TH_144",-10.0379389729233,6.58450291009204,"control","high_temperature",20260717
"20260717_GZ_TH_147",-10.3049277271958,7.72154304833667,"low","high_temperature",20260717
"20260717_GZ_TH_148",-10.7995346989365,7.24630853982226,"low","high_temperature",20260717
"20260717_GZ_TH_149",-10.1771363224717,7.07321569772021,"low","high_temperature",20260717
"20260717_GZ_TH_150",-10.104157349083,6.36232206673877,"low","high_temperature",20260717
