UniqueSampleID,group,condition,detected_protein_groups
20250913_FJ_QZ_Q3,FJ_QZ,湿热,2133
20250913_FJ_QZ_Q4,FJ_QZ,湿热,2384
20250913_FJ_QZ_Q12,FJ_QZ,湿热,2023
20250913_FJ_QZ_Q13,FJ_QZ,湿热,1891
20250913_FJ_QZ_Q14,FJ_QZ,湿热,2425
20250913_FJ_QZ_Q15,FJ_QZ,湿热,2273
20250913_FJ_QZ_Q16,FJ_QZ,湿热,1948
20250913_FJ_QZ_Q18,FJ_QZ,湿热,2233
20250913_FJ_QZ_Q20,FJ_QZ,湿热,2366
20250913_FJ_QZ_Q21,FJ_QZ,湿热,2187
20250913_FJ_QZ_Q22,FJ_QZ,湿热,2306
20250913_FJ_QZ_Q23,FJ_QZ,湿热,2063
20250913_FJ_QZ_Q25,FJ_QZ,湿热,2365
20250913_FJ_QZ_Q26,FJ_QZ,湿热,2256
20250913_FJ_QZ_Q27,FJ_QZ,湿热,2379
20250913_FJ_QZ_Q28,FJ_QZ,湿热,2193
20250913_FJ_QZ_Q29,FJ_QZ,湿热,2218
20250913_FJ_QZ_Q31,FJ_QZ,湿热,2076
20250913_FJ_QZ_Q32,FJ_QZ,湿热,2158
20250913_FJ_QZ_Q33,FJ_QZ,湿热,2085
20250913_FJ_QZ_Q34,FJ_QZ,湿热,2111
20250913_FJ_QZ_Q36,FJ_QZ,湿热,2297
20250913_FJ_QZ_Q37,FJ_QZ,湿热,2057
20250913_FJ_QZ_Q38,FJ_QZ,湿热,2020
20250913_FJ_QZ_Q39,FJ_QZ,湿热,2178
20250913_FJ_QZ_Q41,FJ_QZ,湿热,2575
20250913_FJ_QZ_Q42,FJ_QZ,湿热,2090
20250913_FJ_QZ_Q44,FJ_QZ,湿热,1930
20250913_FJ_QZ_Q45,FJ_QZ,湿热,2042
20250913_FJ_QZ_Q48,FJ_QZ,湿热,1695
20250913_FJ_QZ_Q49,FJ_QZ,湿热,2393
20250913_FJ_QZ_Q50,FJ_QZ,湿热,2249
20250913_FJ_QZ_Q52,FJ_QZ,湿热,1998
20250913_FJ_QZ_Q54,FJ_QZ,湿热,2027
20250913_FJ_QZ_Q55,FJ_QZ,湿热,2140
20250913_FJ_QZ_Q57,FJ_QZ,湿热,2102
20250913_FJ_QZ_Q58,FJ_QZ,湿热,2056
20250913_FJ_QZ_Q59,FJ_QZ,湿热,2357
20250913_FJ_QZ_Q60,FJ_QZ,湿热,2008
20250913_FJ_QZ_Q61,FJ_QZ,湿热,2004
20250913_FJ_QZ_Q62,FJ_QZ,湿热,2737
20250913_FJ_QZ_Q63,FJ_QZ,湿热,2212
20250913_FJ_QZ_Q65,FJ_QZ,湿热,2078
20250913_FJ_QZ_Q66,FJ_QZ,湿热,2385
20250913_FJ_QZ_Q67,FJ_QZ,湿热,2111
20250913_FJ_QZ_Q68,FJ_QZ,湿热,2014
20250913_FJ_QZ_Q69,FJ_QZ,湿热,1670
20250913_FJ_QZ_Q70,FJ_QZ,湿热,2352
20250913_FJ_QZ_Q71,FJ_QZ,湿热,2297
20250913_FJ_QZ_Q72,FJ_QZ,湿热,1874
20250914_FJ_FQ_F43,FJ_FQ,湿热,2165
20250914_FJ_FQ_F47,FJ_FQ,湿热,2141
20250914_FJ_FQ_F51,FJ_FQ,湿热,2308
20250914_FJ_FQ_F53,FJ_FQ,湿热,2234
20250914_FJ_FQ_F54,FJ_FQ,湿热,2353
20250914_FJ_FQ_F55,FJ_FQ,湿热,2460
20250914_FJ_FQ_F56,FJ_FQ,湿热,2230
20250914_FJ_FQ_F57,FJ_FQ,湿热,2766
20250914_FJ_FQ_F58,FJ_FQ,湿热,2110
20250914_FJ_FQ_F62,FJ_FQ,湿热,2093
20250914_FJ_FQ_F66,FJ_FQ,湿热,2160
20250914_FJ_FQ_F69,FJ_FQ,湿热,2048
20250914_FJ_FQ_F70,FJ_FQ,湿热,2240
20250914_FJ_FQ_F71,FJ_FQ,湿热,1891
20250914_FJ_FQ_F72,FJ_FQ,湿热,2147
20250914_FJ_FQ_F74,FJ_FQ,湿热,1939
20250914_FJ_FQ_F75,FJ_FQ,湿热,2298
20250914_FJ_FQ_F77,FJ_FQ,湿热,1199
20250914_FJ_FQ_F79,FJ_FQ,湿热,2173
20250914_FJ_FQ_F81,FJ_FQ,湿热,1727
20250914_FJ_FQ_F83,FJ_FQ,湿热,2252
20250914_FJ_FQ_F84,FJ_FQ,湿热,2215
20250914_FJ_FQ_F85,FJ_FQ,湿热,1755
20250914_FJ_FQ_F88,FJ_FQ,湿热,1786
20250914_FJ_FQ_F89,FJ_FQ,湿热,1736
20250914_FJ_FQ_F93,FJ_FQ,湿热,2065
20250914_FJ_FQ_F94,FJ_FQ,湿热,1599
20250914_FJ_FQ_F102,FJ_FQ,湿热,2170
20250914_FJ_FQ_F105,FJ_FQ,湿热,2146
20250914_FJ_FQ_F106,FJ_FQ,湿热,2228
20250914_FJ_FQ_F107,FJ_FQ,湿热,2430
20250914_FJ_FQ_F110,FJ_FQ,湿热,2109
20250914_FJ_FQ_F111,FJ_FQ,湿热,1987
20250914_FJ_FQ_F118,FJ_FQ,湿热,1973
20250914_FJ_FQ_F121,FJ_FQ,湿热,1952
20250914_FJ_FQ_F122,FJ_FQ,湿热,1751
20250914_FJ_FQ_F123,FJ_FQ,湿热,2117
20250914_FJ_FQ_F124,FJ_FQ,湿热,1924
20250914_FJ_FQ_F125,FJ_FQ,湿热,1866
20250914_FJ_FQ_F126,FJ_FQ,湿热,1302
20250914_FJ_FQ_F128,FJ_FQ,湿热,2014
20250914_FJ_FQ_F129,FJ_FQ,湿热,1666
20250914_FJ_FQ_F131,FJ_FQ,湿热,1863
20250914_FJ_FQ_F135,FJ_FQ,湿热,1851
20250914_FJ_FQ_F137,FJ_FQ,湿热,2302
20250914_FJ_PT_P2,FJ_PT,湿热,2717
20250914_FJ_PT_P3,FJ_PT,湿热,2830
20250914_FJ_PT_P4,FJ_PT,湿热,3106
20250914_FJ_PT_P6,FJ_PT,湿热,2898
20250914_FJ_PT_P7,FJ_PT,湿热,3059
20250914_FJ_PT_P8,FJ_PT,湿热,2785
20250914_FJ_PT_P9,FJ_PT,湿热,2866
20250914_FJ_PT_P10,FJ_PT,湿热,2723
20250914_FJ_PT_P11,FJ_PT,湿热,2938
20250914_FJ_PT_P13,FJ_PT,湿热,2525
20250914_FJ_PT_P15,FJ_PT,湿热,2659
20250914_FJ_PT_P17,FJ_PT,湿热,2750
20250914_FJ_PT_P18,FJ_PT,湿热,2493
20250914_FJ_PT_P19,FJ_PT,湿热,2530
20250914_FJ_PT_P20,FJ_PT,湿热,2445
20250914_FJ_PT_P21,FJ_PT,湿热,2641
20250914_FJ_PT_P22,FJ_PT,湿热,2159
20250914_FJ_PT_P23,FJ_PT,湿热,2559
20250914_FJ_PT_P24,FJ_PT,湿热,2794
20250914_FJ_PT_P25,FJ_PT,湿热,2286
20250914_FJ_PT_P26,FJ_PT,湿热,2645
20250914_FJ_PT_P27,FJ_PT,湿热,2507
20250914_FJ_PT_P29,FJ_PT,湿热,2403
20250914_FJ_PT_P30,FJ_PT,湿热,2572
20250914_FJ_PT_P33,FJ_PT,湿热,2782
20251001_FJ_FQ_F83,FJ_FQ,湿热,1934
20251001_FJ_FQ_F95,FJ_FQ,湿热,1525
20251001_FJ_FQ_F97,FJ_FQ,湿热,1951
20251001_FJ_FQ_F105,FJ_FQ,湿热,1463
20251001_FJ_FQ_F120,FJ_FQ,湿热,1939
20251001_FJ_FQ_F136,FJ_FQ,湿热,1978
20251001_FJ_FQ_F141,FJ_FQ,湿热,2198
20251001_FJ_FQ_F147,FJ_FQ,湿热,1756
20251001_FJ_FQ_F150,FJ_FQ,湿热,2126
20251001_FJ_FQ_F154,FJ_FQ,湿热,2197
20251001_FJ_FQ_F158,FJ_FQ,湿热,1490
20251001_FJ_FQ_F163,FJ_FQ,湿热,1766
20251001_FJ_FQ_F165,FJ_FQ,湿热,1882
20251001_FJ_FQ_F168,FJ_FQ,湿热,1973
20251001_FJ_FQ_F170,FJ_FQ,湿热,2167
20251001_FJ_FQ_F173,FJ_FQ,湿热,2215
20251001_FJ_FQ_F174,FJ_FQ,湿热,1904
20251001_FJ_FQ_F175,FJ_FQ,湿热,1860
20251001_FJ_FQ_F176,FJ_FQ,湿热,2077
20251001_FJ_FQ_F177,FJ_FQ,湿热,2205
20251001_FJ_FQ_F180,FJ_FQ,湿热,2008
20251001_FJ_FQ_F183,FJ_FQ,湿热,2587
20251001_FJ_FQ_F185,FJ_FQ,湿热,2259
20251001_XZ_YA_1,XZ_YA,高海拔,2411
20251001_XZ_YA_2,XZ_YA,高海拔,2186
20251001_XZ_YA_3,XZ_YA,高海拔,2126
20251001_XZ_YA_4,XZ_YA,高海拔,1697
20251001_XZ_YA_5,XZ_YA,高海拔,2072
20251001_XZ_YA_6,XZ_YA,高海拔,2691
20251001_XZ_YA_7,XZ_YA,高海拔,1838
20251001_XZ_YA_8,XZ_YA,高海拔,2092
20251001_XZ_YA_9,XZ_YA,高海拔,2216
20251001_XZ_YA_10,XZ_YA,高海拔,2668
20251001_XZ_YA_11,XZ_YA,高海拔,2280
20251001_XZ_YA_12,XZ_YA,高海拔,3037
20251001_XZ_YA_13,XZ_YA,高海拔,2659
20251001_XZ_YA_14,XZ_YA,高海拔,2583
20251001_XZ_YA_15,XZ_YA,高海拔,2567
20251001_XZ_YA_16,XZ_YA,高海拔,2951
20251001_XZ_YA_17,XZ_YA,高海拔,2039
20251001_XZ_YA_18,XZ_YA,高海拔,2660
20251001_XZ_YA_19,XZ_YA,高海拔,2607
20251001_XZ_YA_20,XZ_YA,高海拔,2197
20251001_XZ_YA_21,XZ_YA,高海拔,3051
20251001_XZ_YA_22,XZ_YA,高海拔,1618
20251001_XZ_YB_2,XZ_YB,高海拔,2501
20251001_XZ_YB_4,XZ_YB,高海拔,2803
20251001_XZ_YB_6,XZ_YB,高海拔,2371
20251001_XZ_YB_9,XZ_YB,高海拔,2560
20251001_XZ_YB_10,XZ_YB,高海拔,2593
20251001_XZ_YB_11,XZ_YB,高海拔,2491
20251001_XZ_YB_12,XZ_YB,高海拔,2257
20251001_XZ_YB_14,XZ_YB,高海拔,2322
20251001_XZ_YB_15,XZ_YB,高海拔,2300
20251001_XZ_YB_17,XZ_YB,高海拔,2620
20251001_XZ_YB_18,XZ_YB,高海拔,3224
20251001_XZ_YB_19,XZ_YB,高海拔,2694
20251001_XZ_YC_1,XZ_YC,高海拔,2822
20251001_XZ_YC_2,XZ_YC,高海拔,2341
20251001_XZ_YC_3,XZ_YC,高海拔,2724
20251001_XZ_YC_4,XZ_YC,高海拔,2357
20251001_XZ_YC_5,XZ_YC,高海拔,2444
20251001_XZ_YC_6,XZ_YC,高海拔,2115
20251001_XZ_YC_7,XZ_YC,高海拔,2145
20251001_XZ_YC_8,XZ_YC,高海拔,2252
20251001_XZ_YC_9,XZ_YC,高海拔,1685
20251001_XZ_YC_10,XZ_YC,高海拔,2441
20251001_XZ_YC_11,XZ_YC,高海拔,2061
20251001_XZ_YC_12,XZ_YC,高海拔,2756
20251001_XZ_YC_13,XZ_YC,高海拔,2343
20251001_XZ_YC_14,XZ_YC,高海拔,2050
20251001_XZ_YC_15,XZ_YC,高海拔,3007
20251001_XZ_YC_16,XZ_YC,高海拔,3071
20251001_XZ_YC_17,XZ_YC,高海拔,2318
20251001_XZ_YC_18,XZ_YC,高海拔,1783
20251001_XZ_YC_19,XZ_YC,高海拔,2193
20251001_XZ_YC_20,XZ_YC,高海拔,2439
20251001_XZ_YC_21,XZ_YC,高海拔,2701
20251001_XZ_YC_22,XZ_YC,高海拔,2144
20251001_XZ_YC_23,XZ_YC,高海拔,2016
20251001_XZ_YC_24,XZ_YC,高海拔,2086
20251001_XZ_YC_25,XZ_YC,高海拔,2012
20251001_XZ_YC_26,XZ_YC,高海拔,2266
20251001_XZ_YC_27,XZ_YC,高海拔,1465
20251001_XZ_YC_28,XZ_YC,高海拔,2205
20251001_XZ_YC_29,XZ_YC,高海拔,2702
20251001_XZ_YC_30,XZ_YC,高海拔,2477
20251001_XZ_YC_31,XZ_YC,高海拔,2780
20251001_XZ_YC_32,XZ_YC,高海拔,2278
20251001_XZ_YC_33,XZ_YC,高海拔,1970
20251001_XZ_YC_34,XZ_YC,高海拔,2481
20251001_XZ_YD_1,XZ_YD,高海拔,2490
20251001_XZ_YD_3,XZ_YD,高海拔,2067
20251001_XZ_YD_4,XZ_YD,高海拔,1973
20251001_XZ_YD_5,XZ_YD,高海拔,2920
20251001_XZ_YD_6,XZ_YD,高海拔,2157
20251001_XZ_YD_7,XZ_YD,高海拔,3239
20251001_XZ_YD_8,XZ_YD,高海拔,3037
20251001_XZ_YD_9,XZ_YD,高海拔,1703
20251001_XZ_YD_10,XZ_YD,高海拔,3329
20251001_XZ_YD_11,XZ_YD,高海拔,3440
20251001_XZ_YD_12,XZ_YD,高海拔,3451
20251001_XZ_YD_13,XZ_YD,高海拔,3413
20251001_XZ_YD_14,XZ_YD,高海拔,2189
20251001_XZ_YD_15,XZ_YD,高海拔,2362
20251001_XZ_YD_16,XZ_YD,高海拔,2783
20251001_XZ_YD_17,XZ_YD,高海拔,2148
20251001_XZ_YD_18,XZ_YD,高海拔,2485
20251001_XZ_YD_19,XZ_YD,高海拔,2391
20251001_XZ_YD_20,XZ_YD,高海拔,2233
20251001_XZ_YD_21,XZ_YD,高海拔,1859
20251001_XZ_YD_22,XZ_YD,高海拔,2291
20251001_XZ_YD_23,XZ_YD,高海拔,2396
20251001_XZ_YD_24,XZ_YD,高海拔,1787
20251001_XZ_YD_25,XZ_YD,高海拔,1794
20251001_XZ_YD_26,XZ_YD,高海拔,1972
20251001_XZ_YD_27,XZ_YD,高海拔,2319
20251001_XZ_YD_28,XZ_YD,高海拔,2099
20251026_FJ_PT_P31,FJ_PT,湿热,2402
20251026_FJ_QZ_Q73,FJ_QZ,湿热,2032
20251026_FJ_QZ_Q74,FJ_QZ,湿热,1785
20251026_FJ_QZ_Q75,FJ_QZ,湿热,2127
20251026_FJ_QZ_Q76,FJ_QZ,湿热,1892
20251026_FJ_QZ_Q77,FJ_QZ,湿热,2123
20251026_FJ_QZ_Q78,FJ_QZ,湿热,2174
20251026_FJ_QZ_Q79,FJ_QZ,湿热,1793
20251026_FJ_QZ_Q80,FJ_QZ,湿热,2012
20251026_FJ_QZ_Q81,FJ_QZ,湿热,2164
20251026_FJ_QZ_Q82,FJ_QZ,湿热,2251
20251026_FJ_QZ_Q83,FJ_QZ,湿热,2160
20251104_FJ_FQ_F178,FJ_FQ,湿热,2913
20251104_FJ_FQ_F179,FJ_FQ,湿热,2602
20251107_XZ_YD_2,XZ_YD,高海拔,3463
20260527_XZ_GG_1,XZ_GG,高海拔,2774
20260527_XZ_GG_2,XZ_GG,高海拔,2111
20260527_XZ_GG_3,XZ_GG,高海拔,2222
20260527_XZ_GG_4,XZ_GG,高海拔,2971
20260527_XZ_GG_5,XZ_GG,高海拔,1850
20260527_XZ_GG_6,XZ_GG,高海拔,2042
20260527_XZ_GG_7,XZ_GG,高海拔,3140
20260527_XZ_GG_8,XZ_GG,高海拔,2213
20260527_XZ_GG_9,XZ_GG,高海拔,1949
20260527_XZ_GG_10,XZ_GG,高海拔,2200
20260527_XZ_GG_11,XZ_GG,高海拔,1967
20260527_XZ_GG_12,XZ_GG,高海拔,2077
20260527_XZ_GG_13,XZ_GG,高海拔,2861
20260527_XZ_GG_14,XZ_GG,高海拔,1720
20260527_XZ_GG_15,XZ_GG,高海拔,3002
20260527_XZ_GG_16,XZ_GG,高海拔,2703
20260527_XZ_GG_17,XZ_GG,高海拔,2065
20260527_XZ_GG_18,XZ_GG,高海拔,1815
20260527_XZ_GG_19,XZ_GG,高海拔,1839
20260527_XZ_GG_20,XZ_GG,高海拔,1914
20260527_XZ_GG_21,XZ_GG,高海拔,1930
20260527_XZ_GG_22,XZ_GG,高海拔,2278
20260527_XZ_GG_23,XZ_GG,高海拔,1872
20260527_XZ_GG_24,XZ_GG,高海拔,1883
20260527_XZ_GG_25,XZ_GG,高海拔,3135
20260527_XZ_GG_26,XZ_GG,高海拔,2248
20260527_XZ_GG_27,XZ_GG,高海拔,2193
20260527_XZ_GG_28,XZ_GG,高海拔,2613
20260527_XZ_GG_29,XZ_GG,高海拔,2126
20260527_XZ_GG_30,XZ_GG,高海拔,1802
20260527_XZ_GG_31,XZ_GG,高海拔,1885
20260527_XZ_GG_32,XZ_GG,高海拔,2173
20260527_XZ_GG_33,XZ_GG,高海拔,1978
20260527_XZ_GG_34,XZ_GG,高海拔,2079
20260527_XZ_GG_35,XZ_GG,高海拔,1648
20260527_XZ_GG_36,XZ_GG,高海拔,2010
20260527_XZ_GG_37,XZ_GG,高海拔,2041
20260527_XZ_GG_38,XZ_GG,高海拔,2577
20260527_XZ_GG_39,XZ_GG,高海拔,1842
20260527_XZ_GG_40,XZ_GG,高海拔,1651
20260527_XZ_GG_41,XZ_GG,高海拔,2049
20260527_XZ_GG_42,XZ_GG,高海拔,2155
20260527_XZ_GG_43,XZ_GG,高海拔,1729
20260527_XZ_GG_44,XZ_GG,高海拔,1769
20260527_XZ_GG_46,XZ_GG,高海拔,1742
20260527_XZ_GG_47,XZ_GG,高海拔,1776
20260527_XZ_GG_50,XZ_GG,高海拔,1883
20260527_XZ_GG_51,XZ_GG,高海拔,2436
20260527_XZ_GG_52,XZ_GG,高海拔,2219
20260527_XZ_GG_53,XZ_GG,高海拔,1744
20260527_XZ_GG_55,XZ_GG,高海拔,2685
20260527_XZ_GG_56,XZ_GG,高海拔,2180
20260527_XZ_GG_59,XZ_GG,高海拔,1806
20260527_XZ_GG_60,XZ_GG,高海拔,1890
20260527_XZ_GG_62,XZ_GG,高海拔,2423
20260527_XZ_GG_64,XZ_GG,高海拔,1872
20260527_XZ_GG_65,XZ_GG,高海拔,2081
20260527_XZ_GG_66,XZ_GG,高海拔,1968
20260527_XZ_GG_67,XZ_GG,高海拔,1868
20260527_XZ_GG_68,XZ_GG,高海拔,2202
20260527_XZ_GG_69,XZ_GG,高海拔,2236
20260527_XZ_GG_71,XZ_GG,高海拔,1583
20260527_XZ_GG_72,XZ_GG,高海拔,2197
20260527_XZ_GG_73,XZ_GG,高海拔,1726
20260527_XZ_GG_74,XZ_GG,高海拔,1928
20260527_XZ_GG_75,XZ_GG,高海拔,1605
20260527_XZ_GG_76,XZ_GG,高海拔,1945
20260527_XZ_GG_77,XZ_GG,高海拔,2430
20260527_XZ_GG_78,XZ_GG,高海拔,2962
20260527_XZ_GG_79,XZ_GG,高海拔,2086
20260527_XZ_GG_80,XZ_GG,高海拔,1791
20260527_XZ_GG_81,XZ_GG,高海拔,1656
20260527_XZ_GG_82,XZ_GG,高海拔,2100
20260527_XZ_GG_83,XZ_GG,高海拔,2195
20260527_XZ_GG_84,XZ_GG,高海拔,1907
20260527_XZ_GG_85,XZ_GG,高海拔,2117
20260527_XZ_GG_86,XZ_GG,高海拔,1896
20260527_XZ_GG_87,XZ_GG,高海拔,1952
20260527_XZ_GG_88,XZ_GG,高海拔,1724
20260527_XZ_GG_89,XZ_GG,高海拔,1862
20260527_XZ_GG_92,XZ_GG,高海拔,1906
20260527_XZ_GG_93,XZ_GG,高海拔,1742
20260527_XZ_GG_94,XZ_GG,高海拔,1754
20260527_XZ_GG_95,XZ_GG,高海拔,1806
20260527_XZ_GG_96,XZ_GG,高海拔,1490
20260527_XZ_GG_97,XZ_GG,高海拔,2055
20260527_XZ_GG_98,XZ_GG,高海拔,2552
20260527_XZ_GG_99,XZ_GG,高海拔,2088
20260527_XZ_GG_100,XZ_GG,高海拔,1645
20260527_XZ_GG_101,XZ_GG,高海拔,1816
20260527_XZ_GG_102,XZ_GG,高海拔,2179
20260527_XZ_GG_103,XZ_GG,高海拔,1676
20260527_XZ_GG_104,XZ_GG,高海拔,1554
20260527_XZ_GG_105,XZ_GG,高海拔,1632
20260527_XZ_GG_106,XZ_GG,高海拔,1744
20260527_XZ_GG_121,XZ_GG,高海拔,1590
20260527_XZ_GG_122,XZ_GG,高海拔,1664
20260527_XZ_GG_123,XZ_GG,高海拔,2455
20260527_XZ_GG_124,XZ_GG,高海拔,1555
20260527_XZ_GG_125,XZ_GG,高海拔,1519
20260527_XZ_GG_126,XZ_GG,高海拔,1871
20260527_XZ_GG_128,XZ_GG,高海拔,1806
20260527_XZ_GG_129,XZ_GG,高海拔,1984
20260527_XZ_GG_130,XZ_GG,高海拔,1398
20260527_XZ_GG_131,XZ_GG,高海拔,2120
20260527_XZ_GG_132,XZ_GG,高海拔,1765
20260527_XZ_GG_135,XZ_GG,高海拔,1703
20260527_XZ_GG_136,XZ_GG,高海拔,1337
20260527_XZ_GG_137,XZ_GG,高海拔,1837
20260527_XZ_GG_138,XZ_GG,高海拔,1689
20260527_XZ_GG_139,XZ_GG,高海拔,1978
20260527_XZ_GG_140,XZ_GG,高海拔,2082
20260527_XZ_GG_141,XZ_GG,高海拔,1553
20260527_XZ_GG_142,XZ_GG,高海拔,1598
20260527_XZ_GG_143,XZ_GG,高海拔,1680
20260527_XZ_GG_144,XZ_GG,高海拔,1882
20260527_XZ_GG_145,XZ_GG,高海拔,1886
20260527_XZ_GG_146,XZ_GG,高海拔,2294
20260527_XZ_GG_147,XZ_GG,高海拔,1377
20260527_XZ_GG_148,XZ_GG,高海拔,2247
20260527_XZ_GG_149,XZ_GG,高海拔,1258
20260527_XZ_GG_150,XZ_GG,高海拔,1454
20260527_XZ_GG_151,XZ_GG,高海拔,1549
20260527_XZ_GG_152,XZ_GG,高海拔,1638
20260527_XZ_GG_153,XZ_GG,高海拔,1616
20260527_XZ_GG_154,XZ_GG,高海拔,1730
20260527_XZ_GG_155,XZ_GG,高海拔,1443
20260527_XZ_GG_156,XZ_GG,高海拔,1465
20260527_XZ_GG_157,XZ_GG,高海拔,1483
20260527_XZ_GG_158,XZ_GG,高海拔,1345
20260527_XZ_GG_159,XZ_GG,高海拔,2723
20260527_XZ_GG_160,XZ_GG,高海拔,1645
20260527_XZ_GG_161,XZ_GG,高海拔,2034
20260527_XZ_GG_162,XZ_GG,高海拔,1612
20260527_XZ_GG_163,XZ_GG,高海拔,2348
20260527_XZ_GG_164,XZ_GG,高海拔,2215
20260527_XZ_GG_165,XZ_GG,高海拔,1542
20260527_XZ_GG_166,XZ_GG,高海拔,1634
20260527_XZ_GG_167,XZ_GG,高海拔,2803
20260527_XZ_GG_168,XZ_GG,高海拔,1578
20260527_XZ_GG_169,XZ_GG,高海拔,1835
20260527_XZ_GG_170,XZ_GG,高海拔,2954
20260527_XZ_GG_171,XZ_GG,高海拔,2020
20260717_GZ_TH_1,GZ_TH,湿热,2022
20260717_GZ_TH_2,GZ_TH,湿热,1903
20260717_GZ_TH_3,GZ_TH,湿热,2574
20260717_GZ_TH_4,GZ_TH,湿热,2964
20260717_GZ_TH_6,GZ_TH,湿热,2174
20260717_GZ_TH_7,GZ_TH,湿热,2111
20260717_GZ_TH_8,GZ_TH,湿热,2143
20260717_GZ_TH_9,GZ_TH,湿热,1981
20260717_GZ_TH_10,GZ_TH,湿热,2058
20260717_GZ_TH_11,GZ_TH,湿热,2025
20260717_GZ_TH_12,GZ_TH,湿热,1294
20260717_GZ_TH_13,GZ_TH,湿热,1643
20260717_GZ_TH_14,GZ_TH,湿热,1571
20260717_GZ_TH_15,GZ_TH,湿热,1925
20260717_GZ_TH_16,GZ_TH,湿热,1829
20260717_GZ_TH_17,GZ_TH,湿热,1528
20260717_GZ_TH_18,GZ_TH,湿热,1991
20260717_GZ_TH_19,GZ_TH,湿热,1723
20260717_GZ_TH_20,GZ_TH,湿热,2450
20260717_GZ_TH_21,GZ_TH,湿热,1616
20260717_GZ_TH_22,GZ_TH,湿热,2032
20260717_GZ_TH_23,GZ_TH,湿热,1590
20260717_GZ_TH_24,GZ_TH,湿热,3241
20260717_GZ_TH_25,GZ_TH,湿热,1977
20260717_GZ_TH_26,GZ_TH,湿热,3292
20260717_GZ_TH_27,GZ_TH,湿热,1893
20260717_GZ_TH_28,GZ_TH,湿热,2985
20260717_GZ_TH_29,GZ_TH,湿热,3243
20260717_GZ_TH_30,GZ_TH,湿热,1932
20260717_GZ_TH_31,GZ_TH,湿热,2119
20260717_GZ_TH_32,GZ_TH,湿热,1978
20260717_GZ_TH_33,GZ_TH,湿热,2276
20260717_GZ_TH_35,GZ_TH,湿热,2173
20260717_GZ_TH_36,GZ_TH,湿热,1325
20260717_GZ_TH_37,GZ_TH,湿热,1934
20260717_GZ_TH_38,GZ_TH,湿热,1484
20260717_GZ_TH_39,GZ_TH,湿热,2563
20260717_GZ_TH_40,GZ_TH,湿热,1999
20260717_GZ_TH_41,GZ_TH,湿热,1920
20260717_GZ_TH_42,GZ_TH,湿热,2164
20260717_GZ_TH_43,GZ_TH,湿热,1681
20260717_GZ_TH_44,GZ_TH,湿热,1782
20260717_GZ_TH_45,GZ_TH,湿热,1316
20260717_GZ_TH_46,GZ_TH,湿热,2084
20260717_GZ_TH_47,GZ_TH,湿热,2244
20260717_GZ_TH_48,GZ_TH,湿热,2072
20260717_GZ_TH_49,GZ_TH,湿热,2174
20260717_GZ_TH_50,GZ_TH,湿热,1472
20260717_GZ_TH_51,GZ_TH,湿热,2495
20260717_GZ_TH_53,GZ_TH,湿热,1974
20260717_GZ_TH_54,GZ_TH,湿热,3087
20260717_GZ_TH_55,GZ_TH,湿热,1928
20260717_GZ_TH_57,GZ_TH,湿热,1885
20260717_GZ_TH_58,GZ_TH,湿热,1829
20260717_GZ_TH_59,GZ_TH,湿热,1546
20260717_GZ_TH_61,GZ_TH,湿热,1711
20260717_GZ_TH_62,GZ_TH,湿热,1720
20260717_GZ_TH_63,GZ_TH,湿热,1914
20260717_GZ_TH_64,GZ_TH,湿热,1721
20260717_GZ_TH_65,GZ_TH,湿热,1702
20260717_GZ_TH_66,GZ_TH,湿热,1814
20260717_GZ_TH_67,GZ_TH,湿热,1787
20260717_GZ_TH_68,GZ_TH,湿热,1836
20260717_GZ_TH_69,GZ_TH,湿热,1588
20260717_GZ_TH_70,GZ_TH,湿热,1620
20260717_GZ_TH_71,GZ_TH,湿热,1758
20260717_GZ_TH_72,GZ_TH,湿热,1844
20260717_GZ_TH_73,GZ_TH,湿热,1817
20260717_GZ_TH_74,GZ_TH,湿热,1555
20260717_GZ_TH_75,GZ_TH,湿热,1988
20260717_GZ_TH_76,GZ_TH,湿热,1977
20260717_GZ_TH_77,GZ_TH,湿热,1711
20260717_GZ_TH_78,GZ_TH,湿热,1904
20260717_GZ_TH_79,GZ_TH,湿热,1784
20260717_GZ_TH_80,GZ_TH,湿热,2365
20260717_GZ_TH_87,GZ_TH,湿热,1734
20260717_GZ_TH_88,GZ_TH,湿热,1623
20260717_GZ_TH_89,GZ_TH,湿热,1908
20260717_GZ_TH_90,GZ_TH,湿热,1625
20260717_GZ_TH_93,GZ_TH,湿热,1706
20260717_GZ_TH_94,GZ_TH,湿热,1880
20260717_GZ_TH_95,GZ_TH,湿热,1758
20260717_GZ_TH_96,GZ_TH,湿热,2083
20260717_GZ_TH_98,GZ_TH,湿热,1416
20260717_GZ_TH_99,GZ_TH,湿热,1861
20260717_GZ_TH_100,GZ_TH,湿热,1778
20260717_GZ_TH_101,GZ_TH,湿热,1932
20260717_GZ_TH_102,GZ_TH,湿热,1811
20260717_GZ_TH_103,GZ_TH,湿热,1951
20260717_GZ_TH_104,GZ_TH,湿热,1613
20260717_GZ_TH_106,GZ_TH,湿热,1669
20260717_GZ_TH_107,GZ_TH,湿热,1773
20260717_GZ_TH_108,GZ_TH,湿热,1615
20260717_GZ_TH_109,GZ_TH,湿热,1577
20260717_GZ_TH_110,GZ_TH,湿热,1577
20260717_GZ_TH_111,GZ_TH,湿热,1691
20260717_GZ_TH_112,GZ_TH,湿热,2075
20260717_GZ_TH_114,GZ_TH,湿热,1615
20260717_GZ_TH_115,GZ_TH,湿热,2313
20260717_GZ_TH_117,GZ_TH,湿热,1767
20260717_GZ_TH_118,GZ_TH,湿热,1525
20260717_GZ_TH_119,GZ_TH,湿热,2731
20260717_GZ_TH_120,GZ_TH,湿热,1572
20260717_GZ_TH_121,GZ_TH,湿热,2014
20260717_GZ_TH_122,GZ_TH,湿热,1595
20260717_GZ_TH_123,GZ_TH,湿热,1671
20260717_GZ_TH_124,GZ_TH,湿热,1759
20260717_GZ_TH_125,GZ_TH,湿热,1634
20260717_GZ_TH_126,GZ_TH,湿热,1716
20260717_GZ_TH_128,GZ_TH,湿热,1993
20260717_GZ_TH_129,GZ_TH,湿热,1867
20260717_GZ_TH_131,GZ_TH,湿热,1679
20260717_GZ_TH_132,GZ_TH,湿热,1406
20260717_GZ_TH_133,GZ_TH,湿热,1568
20260717_GZ_TH_134,GZ_TH,湿热,1053
20260717_GZ_TH_137,GZ_TH,湿热,1226
20260717_GZ_TH_138,GZ_TH,湿热,1587
20260717_GZ_TH_143,GZ_TH,湿热,1847
20260717_GZ_TH_144,GZ_TH,湿热,1957
20260717_GZ_TH_147,GZ_TH,湿热,1615
20260717_GZ_TH_148,GZ_TH,湿热,2028
20260717_GZ_TH_149,GZ_TH,湿热,2048
20260717_GZ_TH_150,GZ_TH,湿热,1696
