"Input","MD5"
"F:/env/descriptive/detection_pattern/protein_detection_rates_by_exposure.csv","eb141d46408aee9834611ad546f63627"
"F:/env/descriptive/limma_dose_analysis/results/10_detection_pattern_analysis/detection_primary_results.csv","bd12ad9c8c95948ba72ebf6dd1700246"
"F:/env/descriptive/limma_dose_analysis/results/01_PRIMARY/PRIMARY_log2_dose_environment__fit.rds","16c970067bc5b1d4d38db24ef5a3b6f5"
"F:/env/descriptive/PRIMARY_dose_log2_expression.csv.gz","b51a4901cb450753e4f4dd6ed9013306"
"F:/env/descriptive/dose_defined_metadata.csv","e5cb7622a01094072b0481e70ed54dae"
"F:/env/descriptive/detection_pattern/detection_metadata.csv","99a3d33dc7620663ec95401f4835f90f"
"F:/env/descriptive/limma_dose_analysis/results/01_PRIMARY/PRIMARY_log2_dose_environment__Low_vs_Control.csv","4ee263ea98432bcc5bb59f0936e5a3e0"
"F:/env/descriptive/limma_dose_analysis/results/01_PRIMARY/PRIMARY_log2_dose_environment__High_vs_Control.csv","8fe53523e4357bdf7b8ef992ef61a05f"
"F:/env/descriptive/limma_dose_analysis/results/01_PRIMARY/PRIMARY_log2_dose_environment__High_vs_Low.csv","9cd730bd7d9260b06f47a35a4d40404e"
"F:/env/descriptive/06d_integrated_results.R","7b92ee2251a6688f5962ec5358fd6f19"
