"Variable","N_total","N_available","N_missing","Missing_pct","N_unique","Levels_or_range"
"Sheet1_position",519,519,0,0,519,"1 to 519"
"Sheet1_raw_header",519,519,0,0,480,"20250913__Q13 | 20250913__Q14 | 20250913__Q15 | 20250913__Q16 | 20250913__Q18_ | 20250913__Q20_ | 20250913__Q21_ | 20250913__Q22_ | 20250913__Q23_ | 20250913__Q25_ | 20250913__Q26_ | 20250913__Q27_ | 20250913__Q28_ | 20250913__Q29_ | 20250913__Q31_ | 20250913__Q32_ | 20250913__Q33_ | 20250913__Q34_ | 20250913__Q36_ | 20250913__Q37_ | 20250913__Q38_ | 20250913__Q39_ | 20250913__Q41_ | 20250913__Q42_ | 20250913__Q44_ | 20250913__Q45_ | 20250913__Q48_ | 20250913__Q49_ | 20250913__Q50_ | 20250913__Q52_ | 20250913__Q54_ | 20250913__Q55_ | 20250913__Q57_ | 20250913__Q58_ | 20250913__Q59_ | 20250913__Q60_ | 20250913__Q61_ | 20250913__Q62_ | 20250913__Q63_ | 20250913__Q65_ | 20250913__Q66_ | 20250913__Q67_ | 20250913__Q68_ | 20250913__Q69_ | 20250913__Q70_ | 20250913__Q71_ | 20250913__Q72_ | 20250913_Q12 | 20250913_Q3 | 20250913_Q4 | 20250914__F102 | 20250914__F105 | 20250914__F106 | 20250914__F107 | 20250914__F110 | 20250914__F111 | 20250914__F118 | 20250914__F121 | 20250914__F122 | 20250914__F123 | 20250914__F124 | 20250914__F125 | 20250914__F126 | 20250914__F128 | 20250914__F129 | 20250914__F131 | 20250914__F135 | 20250914__F137 | 20250914__F43 | 20250914__F47 | 20250914__F51 | 20250914__F53 | 20250914__F54 | 20250914__F55 | 20250914__F56 | 20250914__F57 | 20250914__F58 | 20250914__F62 | 20250914__F66 | 20250914__F69 | 20250914__F70 | 20250914__F71 | 20250914__F72 | 20250914__F74 | 20250914__F75 | 20250914__F77 | 20250914__F79 | 20250914__F81 | 20250914__F83 | 20250914__F84 | 20250914__F85 | 20250914__F88 | 20250914__F89 | 20250914__F93 | 20250914__F94 | 20250914__P10 | 20250914__P11 | 20250914__P13 | 20250914__P15 | 20250914__P17 | 20250914__P18 | 20250914__P19 | 20250914__P2_ | 20250914__P20 | 20250914__P21 | 20250914__P22 | 20250914__P23 | 20250914__P24 | 20250914__P25 | 20250914__P26 | 20250914__P27 | 20250914__P29 | 20250914__P3 | 20250914__P30 | 20250914__P33 | 20250914__P4 | 20250914__P6 | 20250914__P7 | 20250914__P8 | 20250914__P9 | 20251001_1_ | 20251001_10_ | 20251001_11_ | 20251001_12_ | 20251001_13_ | 20251001_14_ | 20251001_15_ | 20251001_16_ | 20251001_17_ | 20251001_18_ | 20251001_19_ | 20251001_2_ | 20251001_20_ | 20251001_21_ | 20251001_22_ | 20251001_23_ | 20251001_24_ | 20251001_25_ | 20251001_26_ | 20251001_27_ | 20251001_28_ | 20251001_29_ | 20251001_3_ | 20251001_30_ | 20251001_31_ | 20251001_32_ | 20251001_33_ | 20251001_34_ | 20251001_4_ | 20251001_5_ | 20251001_6_ | 20251001_7_ | 20251001_8_ | 20251001_9_ | 20251001_FJ_F105_ | 20251001_FJ_F120_ | 20251001_FJ_F136_ | 20251001_FJ_F141_ | 20251001_FJ_F147_ | 20251001_FJ_F150_ | 20251001_FJ_F154_ | 20251001_FJ_F158_ | 20251001_FJ_F163_ | 20251001_FJ_F165_ | 20251001_FJ_F168_ | 20251001_FJ_F170_ | 20251001_FJ_F173_ | 20251001_FJ_F174_ | 20251001_FJ_F175_ | 20251001_FJ_F176_ | 20251001_FJ_F177_ | 20251001_FJ_F180_ | 20251001_FJ_F183_ | 20251001_FJ_F185_ | 20251001_FJ_F83_ | 20251001_FJ_F95_ | 20251001_FJ_F97_ | 20251001_XZ_YA_1_ | 20251001_XZ_YA_10_ | 20251001_XZ_YA_11_ | 20251001_XZ_YA_12_ | 20251001_XZ_YA_13_ | 20251001_XZ_YA_14_ | 20251001_XZ_YA_15_ | 20251001_XZ_YA_16_ | 20251001_XZ_YA_17_ | 20251001_XZ_YA_18_ | 20251001_XZ_YA_19_ | 20251001_XZ_YA_2_ | 20251001_XZ_YA_20_ | 20251001_XZ_YA_21_ | 20251001_XZ_YA_22_ | 20251001_XZ_YA_3_ | 20251001_XZ_YA_4_ | 20251001_XZ_YA_5_ | 20251001_XZ_YA_6_ | 20251001_XZ_YA_7_ | 20251001_XZ_YA_8_ | 20251001_XZ_YA_9_ | 20251026__Q73_ | 20251026__Q74_ | 20251026__Q75_ | 20251026__Q76_ | 20251026__Q77_ | 20251026__Q78_ | 20251026__Q79_ | 20251026__Q80_ | 20251026__Q81_ | 20251026__Q82_ | 20251026__Q83_ | 20251026_FJ_P31_ | 20251104_FJ_F178_ | 20251104_FJ_F179_ | 20251107_2_ | 20260527__1 | 20260527__10 | 20260527__100 | 20260527__101 | 20260527__102 | 20260527__103 | 20260527__104 | 20260527__105 | 20260527__106 | 20260527__11 | 20260527__12 | 20260527__121 | 20260527__122 | 20260527__123 | 20260527__124 | 20260527__125 | 20260527__126 | 20260527__128 | 20260527__129 | 20260527__13 | 20260527__130 | 20260527__131 | 20260527__132 | 20260527__135 | 20260527__136 | 20260527__137 | 20260527__138 | 20260527__139 | 20260527__14 | 20260527__140 | 20260527__141 | 20260527__142 | 20260527__143 | 20260527__144 | 20260527__145 | 20260527__146 | 20260527__147 | 20260527__148 | 20260527__149 | 20260527__15 | 20260527__150 | 20260527__151 | 20260527__152 | 20260527__153 | 20260527__154 | 20260527__155 | 20260527__156 | 20260527__157 | 20260527__158 | 20260527__159 | 20260527__16 | 20260527__160 | 20260527__161 | 20260527__162 | 20260527__163 | 20260527__164 | 20260527__165 | 20260527__166 | 20260527__167 | 20260527__168 | 20260527__169 | 20260527__17 | 20260527__170 | 20260527__171 | 20260527__18 | 20260527__19 | 20260527__2 | 20260527__20 | 20260527__21 | 20260527__22 | 20260527__23 | 20260527__24 | 20260527__25 | 20260527__26 | 20260527__27 | 20260527__28 | 20260527__29 | 20260527__3 | 20260527__30 | 20260527__31 | 20260527__32 | 20260527__33 | 20260527__34 | 20260527__35 | 20260527__36 | 20260527__37 | 20260527__38 | 20260527__39 | 20260527__4 | 20260527__40 | 20260527__41 | 20260527__42 | 20260527__43 | 20260527__44 | 20260527__46 | 20260527__47 | 20260527__5 | 20260527__50 | 20260527__51 | 20260527__52 | 20260527__53 | 20260527__55 | 20260527__56 | 20260527__59 | 20260527__6 | 20260527__60 | 20260527__62 | 20260527__64 | 20260527__65 | 20260527__66 | 20260527__67 | 20260527__68 | 20260527__69 | 20260527__7 | 20260527__71 | 20260527__72 | 20260527__73 | 20260527__74 | 20260527__75 | 20260527__76 | 20260527__77 | 20260527__78 | 20260527__79 | 20260527__8 | 20260527__80 | 20260527__81 | 20260527__82 | 20260527__83 | 20260527__84 | 20260527__85 | 20260527__86 | 20260527__87 | 20260527__88 | 20260527__89 | 20260527__9 | 20260527__92 | 20260527__93 | 20260527__94 | 20260527__95 | 20260527__96 | 20260527__97 | 20260527__98 | 20260527__99 | 20260717_1 | 20260717_10 | 20260717_100 | 20260717_101 | 20260717_102 | 20260717_103 | 20260717_104 | 20260717_106 | 20260717_107 | 20260717_108 | 20260717_109 | 20260717_11 | 20260717_110 | 20260717_111 | 20260717_112 | 20260717_114 | 20260717_115 | 20260717_117 | 20260717_118 | 20260717_119 | 20260717_12 | 20260717_120 | 20260717_121 | 20260717_122 | 20260717_123 | 20260717_124 | 20260717_125 | 20260717_126 | 20260717_128 | 20260717_129 | 20260717_13 | 20260717_131 | 20260717_132 | 20260717_133 | 20260717_134 | 20260717_137 | 20260717_138 | 20260717_14 | 20260717_143 | 20260717_144 | 20260717_147 | 20260717_148 | 20260717_149 | 20260717_15 | 20260717_150 | 20260717_16 | 20260717_17 | 20260717_18 | 20260717_19 | 20260717_2 | 20260717_20 | 20260717_21 | 20260717_22 | 20260717_23 | 20260717_24 | 20260717_25 | 20260717_26 | 20260717_27 | 20260717_28 | 20260717_29 | 20260717_3 | 20260717_30 | 20260717_31 | 20260717_32 | 20260717_33 | 20260717_35 | 20260717_36 | 20260717_37 | 20260717_38 | 20260717_39 | 20260717_4 | 20260717_40 | 20260717_41 | 20260717_42 | 20260717_43 | 20260717_44 | 20260717_45 | 20260717_46 | 20260717_47 | 20260717_48 | 20260717_49 | 20260717_50 | 20260717_51 | 20260717_53 | 20260717_54 | 20260717_55 | 20260717_57 | 20260717_58 | 20260717_59 | 20260717_6 | 20260717_61 | 20260717_62 | 20260717_63 | 20260717_64 | 20260717_65 | 20260717_66 | 20260717_67 | 20260717_68 | 20260717_69 | 20260717_7 | 20260717_70 | 20260717_71 | 20260717_72 | 20260717_73 | 20260717_74 | 20260717_75 | 20260717_76 | 20260717_77 | 20260717_78 | 20260717_79 | 20260717_8 | 20260717_80 | 20260717_87 | 20260717_88 | 20260717_89 | 20260717_9 | 20260717_90 | 20260717_93 | 20260717_94 | 20260717_95 | 20260717_96 | 20260717_98 | 20260717_99"
"Resolution_method",519,519,0,0,2,"BLOCK_BOUNDARY_AND_SAMPLE_ID | P1_UNIQUE_NAME"
"metadata_index",519,519,0,0,519,"0 to 518"
"metadata_excel_row",519,519,0,0,519,"2 to 520"
"UniqueSampleID",519,519,0,0,519,"20250913_FJ_QZ_Q12 | 20250913_FJ_QZ_Q13 | 20250913_FJ_QZ_Q14 | 20250913_FJ_QZ_Q15 | 20250913_FJ_QZ_Q16 | 20250913_FJ_QZ_Q18 | 20250913_FJ_QZ_Q20 | 20250913_FJ_QZ_Q21 | 20250913_FJ_QZ_Q22 | 20250913_FJ_QZ_Q23 | 20250913_FJ_QZ_Q25 | 20250913_FJ_QZ_Q26 | 20250913_FJ_QZ_Q27 | 20250913_FJ_QZ_Q28 | 20250913_FJ_QZ_Q29 | 20250913_FJ_QZ_Q3 | 20250913_FJ_QZ_Q31 | 20250913_FJ_QZ_Q32 | 20250913_FJ_QZ_Q33 | 20250913_FJ_QZ_Q34 | 20250913_FJ_QZ_Q36 | 20250913_FJ_QZ_Q37 | 20250913_FJ_QZ_Q38 | 20250913_FJ_QZ_Q39 | 20250913_FJ_QZ_Q4 | 20250913_FJ_QZ_Q41 | 20250913_FJ_QZ_Q42 | 20250913_FJ_QZ_Q44 | 20250913_FJ_QZ_Q45 | 20250913_FJ_QZ_Q48 | 20250913_FJ_QZ_Q49 | 20250913_FJ_QZ_Q50 | 20250913_FJ_QZ_Q52 | 20250913_FJ_QZ_Q54 | 20250913_FJ_QZ_Q55 | 20250913_FJ_QZ_Q57 | 20250913_FJ_QZ_Q58 | 20250913_FJ_QZ_Q59 | 20250913_FJ_QZ_Q60 | 20250913_FJ_QZ_Q61 | 20250913_FJ_QZ_Q62 | 20250913_FJ_QZ_Q63 | 20250913_FJ_QZ_Q65 | 20250913_FJ_QZ_Q66 | 20250913_FJ_QZ_Q67 | 20250913_FJ_QZ_Q68 | 20250913_FJ_QZ_Q69 | 20250913_FJ_QZ_Q70 | 20250913_FJ_QZ_Q71 | 20250913_FJ_QZ_Q72 | 20250914_FJ_FQ_F102 | 20250914_FJ_FQ_F105 | 20250914_FJ_FQ_F106 | 20250914_FJ_FQ_F107 | 20250914_FJ_FQ_F110 | 20250914_FJ_FQ_F111 | 20250914_FJ_FQ_F118 | 20250914_FJ_FQ_F121 | 20250914_FJ_FQ_F122 | 20250914_FJ_FQ_F123 | 20250914_FJ_FQ_F124 | 20250914_FJ_FQ_F125 | 20250914_FJ_FQ_F126 | 20250914_FJ_FQ_F128 | 20250914_FJ_FQ_F129 | 20250914_FJ_FQ_F131 | 20250914_FJ_FQ_F135 | 20250914_FJ_FQ_F137 | 20250914_FJ_FQ_F43 | 20250914_FJ_FQ_F47 | 20250914_FJ_FQ_F51 | 20250914_FJ_FQ_F53 | 20250914_FJ_FQ_F54 | 20250914_FJ_FQ_F55 | 20250914_FJ_FQ_F56 | 20250914_FJ_FQ_F57 | 20250914_FJ_FQ_F58 | 20250914_FJ_FQ_F62 | 20250914_FJ_FQ_F66 | 20250914_FJ_FQ_F69 | 20250914_FJ_FQ_F70 | 20250914_FJ_FQ_F71 | 20250914_FJ_FQ_F72 | 20250914_FJ_FQ_F74 | 20250914_FJ_FQ_F75 | 20250914_FJ_FQ_F77 | 20250914_FJ_FQ_F79 | 20250914_FJ_FQ_F81 | 20250914_FJ_FQ_F83 | 20250914_FJ_FQ_F84 | 20250914_FJ_FQ_F85 | 20250914_FJ_FQ_F88 | 20250914_FJ_FQ_F89 | 20250914_FJ_FQ_F93 | 20250914_FJ_FQ_F94 | 20250914_FJ_PT_P10 | 20250914_FJ_PT_P11 | 20250914_FJ_PT_P13 | 20250914_FJ_PT_P15 | 20250914_FJ_PT_P17 | 20250914_FJ_PT_P18 | 20250914_FJ_PT_P19 | 20250914_FJ_PT_P2 | 20250914_FJ_PT_P20 | 20250914_FJ_PT_P21 | 20250914_FJ_PT_P22 | 20250914_FJ_PT_P23 | 20250914_FJ_PT_P24 | 20250914_FJ_PT_P25 | 20250914_FJ_PT_P26 | 20250914_FJ_PT_P27 | 20250914_FJ_PT_P29 | 20250914_FJ_PT_P3 | 20250914_FJ_PT_P30 | 20250914_FJ_PT_P33 | 20250914_FJ_PT_P4 | 20250914_FJ_PT_P6 | 20250914_FJ_PT_P7 | 20250914_FJ_PT_P8 | 20250914_FJ_PT_P9 | 20251001_FJ_FQ_F105 | 20251001_FJ_FQ_F120 | 20251001_FJ_FQ_F136 | 20251001_FJ_FQ_F141 | 20251001_FJ_FQ_F147 | 20251001_FJ_FQ_F150 | 20251001_FJ_FQ_F154 | 20251001_FJ_FQ_F158 | 20251001_FJ_FQ_F163 | 20251001_FJ_FQ_F165 | 20251001_FJ_FQ_F168 | 20251001_FJ_FQ_F170 | 20251001_FJ_FQ_F173 | 20251001_FJ_FQ_F174 | 20251001_FJ_FQ_F175 | 20251001_FJ_FQ_F176 | 20251001_FJ_FQ_F177 | 20251001_FJ_FQ_F180 | 20251001_FJ_FQ_F183 | 20251001_FJ_FQ_F185 | 20251001_FJ_FQ_F83 | 20251001_FJ_FQ_F95 | 20251001_FJ_FQ_F97 | 20251001_XZ_YA_1 | 20251001_XZ_YA_10 | 20251001_XZ_YA_11 | 20251001_XZ_YA_12 | 20251001_XZ_YA_13 | 20251001_XZ_YA_14 | 20251001_XZ_YA_15 | 20251001_XZ_YA_16 | 20251001_XZ_YA_17 | 20251001_XZ_YA_18 | 20251001_XZ_YA_19 | 20251001_XZ_YA_2 | 20251001_XZ_YA_20 | 20251001_XZ_YA_21 | 20251001_XZ_YA_22 | 20251001_XZ_YA_3 | 20251001_XZ_YA_4 | 20251001_XZ_YA_5 | 20251001_XZ_YA_6 | 20251001_XZ_YA_7 | 20251001_XZ_YA_8 | 20251001_XZ_YA_9 | 20251001_XZ_YB_10 | 20251001_XZ_YB_11 | 20251001_XZ_YB_12 | 20251001_XZ_YB_14 | 20251001_XZ_YB_15 | 20251001_XZ_YB_17 | 20251001_XZ_YB_18 | 20251001_XZ_YB_19 | 20251001_XZ_YB_2 | 20251001_XZ_YB_4 | 20251001_XZ_YB_6 | 20251001_XZ_YB_9 | 20251001_XZ_YC_1 | 20251001_XZ_YC_10 | 20251001_XZ_YC_11 | 20251001_XZ_YC_12 | 20251001_XZ_YC_13 | 20251001_XZ_YC_14 | 20251001_XZ_YC_15 | 20251001_XZ_YC_16 | 20251001_XZ_YC_17 | 20251001_XZ_YC_18 | 20251001_XZ_YC_19 | 20251001_XZ_YC_2 | 20251001_XZ_YC_20 | 20251001_XZ_YC_21 | 20251001_XZ_YC_22 | 20251001_XZ_YC_23 | 20251001_XZ_YC_24 | 20251001_XZ_YC_25 | 20251001_XZ_YC_26 | 20251001_XZ_YC_27 | 20251001_XZ_YC_28 | 20251001_XZ_YC_29 | 20251001_XZ_YC_3 | 20251001_XZ_YC_30 | 20251001_XZ_YC_31 | 20251001_XZ_YC_32 | 20251001_XZ_YC_33 | 20251001_XZ_YC_34 | 20251001_XZ_YC_4 | 20251001_XZ_YC_5 | 20251001_XZ_YC_6 | 20251001_XZ_YC_7 | 20251001_XZ_YC_8 | 20251001_XZ_YC_9 | 20251001_XZ_YD_1 | 20251001_XZ_YD_10 | 20251001_XZ_YD_11 | 20251001_XZ_YD_12 | 20251001_XZ_YD_13 | 20251001_XZ_YD_14 | 20251001_XZ_YD_15 | 20251001_XZ_YD_16 | 20251001_XZ_YD_17 | 20251001_XZ_YD_18 | 20251001_XZ_YD_19 | 20251001_XZ_YD_20 | 20251001_XZ_YD_21 | 20251001_XZ_YD_22 | 20251001_XZ_YD_23 | 20251001_XZ_YD_24 | 20251001_XZ_YD_25 | 20251001_XZ_YD_26 | 20251001_XZ_YD_27 | 20251001_XZ_YD_28 | 20251001_XZ_YD_3 | 20251001_XZ_YD_4 | 20251001_XZ_YD_5 | 20251001_XZ_YD_6 | 20251001_XZ_YD_7 | 20251001_XZ_YD_8 | 20251001_XZ_YD_9 | 20251026_FJ_PT_P31 | 20251026_FJ_QZ_Q73 | 20251026_FJ_QZ_Q74 | 20251026_FJ_QZ_Q75 | 20251026_FJ_QZ_Q76 | 20251026_FJ_QZ_Q77 | 20251026_FJ_QZ_Q78 | 20251026_FJ_QZ_Q79 | 20251026_FJ_QZ_Q80 | 20251026_FJ_QZ_Q81 | 20251026_FJ_QZ_Q82 | 20251026_FJ_QZ_Q83 | 20251104_FJ_FQ_F178 | 20251104_FJ_FQ_F179 | 20251107_XZ_YD_2 | 20260527_XZ_GG_1 | 20260527_XZ_GG_10 | 20260527_XZ_GG_100 | 20260527_XZ_GG_101 | 20260527_XZ_GG_102 | 20260527_XZ_GG_103 | 20260527_XZ_GG_104 | 20260527_XZ_GG_105 | 20260527_XZ_GG_106 | 20260527_XZ_GG_11 | 20260527_XZ_GG_12 | 20260527_XZ_GG_121 | 20260527_XZ_GG_122 | 20260527_XZ_GG_123 | 20260527_XZ_GG_124 | 20260527_XZ_GG_125 | 20260527_XZ_GG_126 | 20260527_XZ_GG_128 | 20260527_XZ_GG_129 | 20260527_XZ_GG_13 | 20260527_XZ_GG_130 | 20260527_XZ_GG_131 | 20260527_XZ_GG_132 | 20260527_XZ_GG_135 | 20260527_XZ_GG_136 | 20260527_XZ_GG_137 | 20260527_XZ_GG_138 | 20260527_XZ_GG_139 | 20260527_XZ_GG_14 | 20260527_XZ_GG_140 | 20260527_XZ_GG_141 | 20260527_XZ_GG_142 | 20260527_XZ_GG_143 | 20260527_XZ_GG_144 | 20260527_XZ_GG_145 | 20260527_XZ_GG_146 | 20260527_XZ_GG_147 | 20260527_XZ_GG_148 | 20260527_XZ_GG_149 | 20260527_XZ_GG_15 | 20260527_XZ_GG_150 | 20260527_XZ_GG_151 | 20260527_XZ_GG_152 | 20260527_XZ_GG_153 | 20260527_XZ_GG_154 | 20260527_XZ_GG_155 | 20260527_XZ_GG_156 | 20260527_XZ_GG_157 | 20260527_XZ_GG_158 | 20260527_XZ_GG_159 | 20260527_XZ_GG_16 | 20260527_XZ_GG_160 | 20260527_XZ_GG_161 | 20260527_XZ_GG_162 | 20260527_XZ_GG_163 | 20260527_XZ_GG_164 | 20260527_XZ_GG_165 | 20260527_XZ_GG_166 | 20260527_XZ_GG_167 | 20260527_XZ_GG_168 | 20260527_XZ_GG_169 | 20260527_XZ_GG_17 | 20260527_XZ_GG_170 | 20260527_XZ_GG_171 | 20260527_XZ_GG_18 | 20260527_XZ_GG_19 | 20260527_XZ_GG_2 | 20260527_XZ_GG_20 | 20260527_XZ_GG_21 | 20260527_XZ_GG_22 | 20260527_XZ_GG_23 | 20260527_XZ_GG_24 | 20260527_XZ_GG_25 | 20260527_XZ_GG_26 | 20260527_XZ_GG_27 | 20260527_XZ_GG_28 | 20260527_XZ_GG_29 | 20260527_XZ_GG_3 | 20260527_XZ_GG_30 | 20260527_XZ_GG_31 | 20260527_XZ_GG_32 | 20260527_XZ_GG_33 | 20260527_XZ_GG_34 | 20260527_XZ_GG_35 | 20260527_XZ_GG_36 | 20260527_XZ_GG_37 | 20260527_XZ_GG_38 | 20260527_XZ_GG_39 | 20260527_XZ_GG_4 | 20260527_XZ_GG_40 | 20260527_XZ_GG_41 | 20260527_XZ_GG_42 | 20260527_XZ_GG_43 | 20260527_XZ_GG_44 | 20260527_XZ_GG_46 | 20260527_XZ_GG_47 | 20260527_XZ_GG_5 | 20260527_XZ_GG_50 | 20260527_XZ_GG_51 | 20260527_XZ_GG_52 | 20260527_XZ_GG_53 | 20260527_XZ_GG_55 | 20260527_XZ_GG_56 | 20260527_XZ_GG_59 | 20260527_XZ_GG_6 | 20260527_XZ_GG_60 | 20260527_XZ_GG_62 | 20260527_XZ_GG_64 | 20260527_XZ_GG_65 | 20260527_XZ_GG_66 | 20260527_XZ_GG_67 | 20260527_XZ_GG_68 | 20260527_XZ_GG_69 | 20260527_XZ_GG_7 | 20260527_XZ_GG_71 | 20260527_XZ_GG_72 | 20260527_XZ_GG_73 | 20260527_XZ_GG_74 | 20260527_XZ_GG_75 | 20260527_XZ_GG_76 | 20260527_XZ_GG_77 | 20260527_XZ_GG_78 | 20260527_XZ_GG_79 | 20260527_XZ_GG_8 | 20260527_XZ_GG_80 | 20260527_XZ_GG_81 | 20260527_XZ_GG_82 | 20260527_XZ_GG_83 | 20260527_XZ_GG_84 | 20260527_XZ_GG_85 | 20260527_XZ_GG_86 | 20260527_XZ_GG_87 | 20260527_XZ_GG_88 | 20260527_XZ_GG_89 | 20260527_XZ_GG_9 | 20260527_XZ_GG_92 | 20260527_XZ_GG_93 | 20260527_XZ_GG_94 | 20260527_XZ_GG_95 | 20260527_XZ_GG_96 | 20260527_XZ_GG_97 | 20260527_XZ_GG_98 | 20260527_XZ_GG_99 | 20260717_GZ_TH_1 | 20260717_GZ_TH_10 | 20260717_GZ_TH_100 | 20260717_GZ_TH_101 | 20260717_GZ_TH_102 | 20260717_GZ_TH_103 | 20260717_GZ_TH_104 | 20260717_GZ_TH_106 | 20260717_GZ_TH_107 | 20260717_GZ_TH_108 | 20260717_GZ_TH_109 | 20260717_GZ_TH_11 | 20260717_GZ_TH_110 | 20260717_GZ_TH_111 | 20260717_GZ_TH_112 | 20260717_GZ_TH_114 | 20260717_GZ_TH_115 | 20260717_GZ_TH_117 | 20260717_GZ_TH_118 | 20260717_GZ_TH_119 | 20260717_GZ_TH_12 | 20260717_GZ_TH_120 | 20260717_GZ_TH_121 | 20260717_GZ_TH_122 | 20260717_GZ_TH_123 | 20260717_GZ_TH_124 | 20260717_GZ_TH_125 | 20260717_GZ_TH_126 | 20260717_GZ_TH_128 | 20260717_GZ_TH_129 | 20260717_GZ_TH_13 | 20260717_GZ_TH_131 | 20260717_GZ_TH_132 | 20260717_GZ_TH_133 | 20260717_GZ_TH_134 | 20260717_GZ_TH_137 | 20260717_GZ_TH_138 | 20260717_GZ_TH_14 | 20260717_GZ_TH_143 | 20260717_GZ_TH_144 | 20260717_GZ_TH_147 | 20260717_GZ_TH_148 | 20260717_GZ_TH_149 | 20260717_GZ_TH_15 | 20260717_GZ_TH_150 | 20260717_GZ_TH_16 | 20260717_GZ_TH_17 | 20260717_GZ_TH_18 | 20260717_GZ_TH_19 | 20260717_GZ_TH_2 | 20260717_GZ_TH_20 | 20260717_GZ_TH_21 | 20260717_GZ_TH_22 | 20260717_GZ_TH_23 | 20260717_GZ_TH_24 | 20260717_GZ_TH_25 | 20260717_GZ_TH_26 | 20260717_GZ_TH_27 | 20260717_GZ_TH_28 | 20260717_GZ_TH_29 | 20260717_GZ_TH_3 | 20260717_GZ_TH_30 | 20260717_GZ_TH_31 | 20260717_GZ_TH_32 | 20260717_GZ_TH_33 | 20260717_GZ_TH_35 | 20260717_GZ_TH_36 | 20260717_GZ_TH_37 | 20260717_GZ_TH_38 | 20260717_GZ_TH_39 | 20260717_GZ_TH_4 | 20260717_GZ_TH_40 | 20260717_GZ_TH_41 | 20260717_GZ_TH_42 | 20260717_GZ_TH_43 | 20260717_GZ_TH_44 | 20260717_GZ_TH_45 | 20260717_GZ_TH_46 | 20260717_GZ_TH_47 | 20260717_GZ_TH_48 | 20260717_GZ_TH_49 | 20260717_GZ_TH_50 | 20260717_GZ_TH_51 | 20260717_GZ_TH_53 | 20260717_GZ_TH_54 | 20260717_GZ_TH_55 | 20260717_GZ_TH_57 | 20260717_GZ_TH_58 | 20260717_GZ_TH_59 | 20260717_GZ_TH_6 | 20260717_GZ_TH_61 | 20260717_GZ_TH_62 | 20260717_GZ_TH_63 | 20260717_GZ_TH_64 | 20260717_GZ_TH_65 | 20260717_GZ_TH_66 | 20260717_GZ_TH_67 | 20260717_GZ_TH_68 | 20260717_GZ_TH_69 | 20260717_GZ_TH_7 | 20260717_GZ_TH_70 | 20260717_GZ_TH_71 | 20260717_GZ_TH_72 | 20260717_GZ_TH_73 | 20260717_GZ_TH_74 | 20260717_GZ_TH_75 | 20260717_GZ_TH_76 | 20260717_GZ_TH_77 | 20260717_GZ_TH_78 | 20260717_GZ_TH_79 | 20260717_GZ_TH_8 | 20260717_GZ_TH_80 | 20260717_GZ_TH_87 | 20260717_GZ_TH_88 | 20260717_GZ_TH_89 | 20260717_GZ_TH_9 | 20260717_GZ_TH_90 | 20260717_GZ_TH_93 | 20260717_GZ_TH_94 | 20260717_GZ_TH_95 | 20260717_GZ_TH_96 | 20260717_GZ_TH_98 | 20260717_GZ_TH_99"
"进样时间",519,519,0,0,8,"20250913 to 20260717"
"sample",519,519,0,0,322,"1 | 10 | 100 | 101 | 102 | 103 | 104 | 105 | 106 | 107 | 108 | 109 | 11 | 110 | 111 | 112 | 114 | 115 | 117 | 118 | 119 | 12 | 120 | 121 | 122 | 123 | 124 | 125 | 126 | 128 | 129 | 13 | 130 | 131 | 132 | 133 | 134 | 135 | 136 | 137 | 138 | 139 | 14 | 140 | 141 | 142 | 143 | 144 | 145 | 146 | 147 | 148 | 149 | 15 | 150 | 151 | 152 | 153 | 154 | 155 | 156 | 157 | 158 | 159 | 16 | 160 | 161 | 162 | 163 | 164 | 165 | 166 | 167 | 168 | 169 | 17 | 170 | 171 | 18 | 19 | 2 | 20 | 21 | 22 | 23 | 24 | 25 | 26 | 27 | 28 | 29 | 3 | 30 | 31 | 32 | 33 | 34 | 35 | 36 | 37 | 38 | 39 | 4 | 40 | 41 | 42 | 43 | 44 | 45 | 46 | 47 | 48 | 49 | 5 | 50 | 51 | 52 | 53 | 54 | 55 | 56 | 57 | 58 | 59 | 6 | 60 | 61 | 62 | 63 | 64 | 65 | 66 | 67 | 68 | 69 | 7 | 70 | 71 | 72 | 73 | 74 | 75 | 76 | 77 | 78 | 79 | 8 | 80 | 81 | 82 | 83 | 84 | 85 | 86 | 87 | 88 | 89 | 9 | 90 | 92 | 93 | 94 | 95 | 96 | 97 | 98 | 99 | F102 | F105 | F106 | F107 | F110 | F111 | F118 | F120 | F121 | F122 | F123 | F124 | F125 | F126 | F128 | F129 | F131 | F135 | F136 | F137 | F141 | F147 | F150 | F154 | F158 | F163 | F165 | F168 | F170 | F173 | F174 | F175 | F176 | F177 | F178 | F179 | F180 | F183 | F185 | F43 | F47 | F51 | F53 | F54 | F55 | F56 | F57 | F58 | F62 | F66 | F69 | F70 | F71 | F72 | F74 | F75 | F77 | F79 | F81 | F83 | F84 | F85 | F88 | F89 | F93 | F94 | F95 | F97 | P10 | P11 | P13 | P15 | P17 | P18 | P19 | P2 | P20 | P21 | P22 | P23 | P24 | P25 | P26 | P27 | P29 | P3 | P30 | P31 | P33 | P4 | P6 | P7 | P8 | P9 | Q12 | Q13 | Q14 | Q15 | Q16 | Q18 | Q20 | Q21 | Q22 | Q23 | Q25 | Q26 | Q27 | Q28 | Q29 | Q3 | Q31 | Q32 | Q33 | Q34 | Q36 | Q37 | Q38 | Q39 | Q4 | Q41 | Q42 | Q44 | Q45 | Q48 | Q49 | Q50 | Q52 | Q54 | Q55 | Q57 | Q58 | Q59 | Q60 | Q61 | Q62 | Q63 | Q65 | Q66 | Q67 | Q68 | Q69 | Q70 | Q71 | Q72 | Q73 | Q74 | Q75 | Q76 | Q77 | Q78 | Q79 | Q80 | Q81 | Q82 | Q83"
"condition",519,519,0,0,2,"高海拔 | 湿热"
"group",519,519,0,0,9,"FJ_FQ | FJ_PT | FJ_QZ | GZ_TH | XZ_GG | XZ_YA | XZ_YB | XZ_YC | XZ_YD"
"TREAT1",519,519,0,0,6,"contrl | high | low | LOW | unknown | Unknown"
"TREAT1_clean",519,519,0,0,4,"control | high | low | unknown"
"TREAT2",519,253,266,51.252408477842,4,"high_sound | low_sound | unknown | unkown"
"Tube_Mixing",519,519,0,0,3,"Insufficient | Normal | Unknown"
"WoleBlood_oldTime",519,519,0,0,4,">6 | 0 | 2 | Unknown"
"Plasma_HoldTime_h",519,519,0,0,2,"4h | Unknown"
"Note",519,8,511,98.4585741811175,4,"hemolysis observed | Second_Centrifugation | suspected hemolysis | Suspected Hemolysis"
"detected_protein_groups",519,519,0,0,436,"1053 to 3463"
"missing_pct",519,519,0,0,436,"9.27429918784386 to 72.412889703956"
