UniqueSampleID,PC1,PC2,PC1_variance_pct,PC2_variance_pct,TREAT1_clean,condition,group,MS_batch_proxy
20250913_FJ_QZ_Q3,-15.420987991860182,-5.3962413060926115,36.52557777647658,17.885082631321747,low,high_temperature,FJ_QZ,20250913
20250913_FJ_QZ_Q4,-10.529797183018934,-4.399976425421978,36.52557777647658,17.885082631321747,control,high_temperature,FJ_QZ,20250913
20250913_FJ_QZ_Q12,-7.383761282791952,-2.053534258982151,36.52557777647658,17.885082631321747,control,high_temperature,FJ_QZ,20250913
20250913_FJ_QZ_Q13,-6.732173927417147,2.046448475915883,36.52557777647658,17.885082631321747,control,high_temperature,FJ_QZ,20250913
20250913_FJ_QZ_Q14,-18.18460288350293,-4.221854665789214,36.52557777647658,17.885082631321747,control,high_temperature,FJ_QZ,20250913
20250913_FJ_QZ_Q15,-9.582402071789257,-4.538475276184112,36.52557777647658,17.885082631321747,control,high_temperature,FJ_QZ,20250913
20250913_FJ_QZ_Q16,-0.812349382368148,0.3120472523151595,36.52557777647658,17.885082631321747,control,high_temperature,FJ_QZ,20250913
20250913_FJ_QZ_Q18,-13.477976525407819,-5.616743526820187,36.52557777647658,17.885082631321747,control,high_temperature,FJ_QZ,20250913
20250913_FJ_QZ_Q20,-11.124769807590992,-6.342680082206679,36.52557777647658,17.885082631321747,control,high_temperature,FJ_QZ,20250913
20250913_FJ_QZ_Q21,-10.819334518052216,0.7936960202636005,36.52557777647658,17.885082631321747,control,high_temperature,FJ_QZ,20250913
20250913_FJ_QZ_Q22,-8.203643186373146,4.8179167105353855,36.52557777647658,17.885082631321747,control,high_temperature,FJ_QZ,20250913
20250913_FJ_QZ_Q23,-2.472659426377045,0.6655411612758599,36.52557777647658,17.885082631321747,control,high_temperature,FJ_QZ,20250913
20250913_FJ_QZ_Q25,-15.117053966663835,-4.475433969257629,36.52557777647658,17.885082631321747,control,high_temperature,FJ_QZ,20250913
20250913_FJ_QZ_Q26,-13.811340623644549,-4.055729153657239,36.52557777647658,17.885082631321747,control,high_temperature,FJ_QZ,20250913
20250913_FJ_QZ_Q27,-16.90113598836692,-2.6364978066176286,36.52557777647658,17.885082631321747,control,high_temperature,FJ_QZ,20250913
20250913_FJ_QZ_Q28,-8.641946153085362,-4.33986500394932,36.52557777647658,17.885082631321747,control,high_temperature,FJ_QZ,20250913
20250913_FJ_QZ_Q29,-13.25643537156332,-7.953159534900829,36.52557777647658,17.885082631321747,control,high_temperature,FJ_QZ,20250913
20250913_FJ_QZ_Q31,-8.300000916054016,11.45819365019189,36.52557777647658,17.885082631321747,high,high_temperature,FJ_QZ,20250913
20250913_FJ_QZ_Q32,-10.414816037948658,-3.9554891532238408,36.52557777647658,17.885082631321747,high,high_temperature,FJ_QZ,20250913
20250913_FJ_QZ_Q33,-7.547851625793931,-0.9732791285052314,36.52557777647658,17.885082631321747,high,high_temperature,FJ_QZ,20250913
20250913_FJ_QZ_Q34,-9.238740848070549,-4.432685833717508,36.52557777647658,17.885082631321747,high,high_temperature,FJ_QZ,20250913
20250913_FJ_QZ_Q36,-11.484050430246686,-4.522458170989868,36.52557777647658,17.885082631321747,low,high_temperature,FJ_QZ,20250913
20250913_FJ_QZ_Q37,-13.523977742264155,3.0080233202818025,36.52557777647658,17.885082631321747,high,high_temperature,FJ_QZ,20250913
20250913_FJ_QZ_Q38,-8.619876091665473,0.24303400305556033,36.52557777647658,17.885082631321747,low,high_temperature,FJ_QZ,20250913
20250913_FJ_QZ_Q39,-15.024850723027164,-5.817061640580928,36.52557777647658,17.885082631321747,high,high_temperature,FJ_QZ,20250913
20250913_FJ_QZ_Q41,-11.57361712478246,-9.496403358868777,36.52557777647658,17.885082631321747,high,high_temperature,FJ_QZ,20250913
20250913_FJ_QZ_Q42,-9.605330035437442,3.557135756444207,36.52557777647658,17.885082631321747,high,high_temperature,FJ_QZ,20250913
20250913_FJ_QZ_Q44,-8.00840360749149,-3.7827147322635883,36.52557777647658,17.885082631321747,low,high_temperature,FJ_QZ,20250913
20250913_FJ_QZ_Q45,-3.5328036976494954,10.36635821527661,36.52557777647658,17.885082631321747,low,high_temperature,FJ_QZ,20250913
20250913_FJ_QZ_Q48,1.9345743046835764,7.66137318950747,36.52557777647658,17.885082631321747,low,high_temperature,FJ_QZ,20250913
20250913_FJ_QZ_Q49,-12.786672220891486,-5.209267953322448,36.52557777647658,17.885082631321747,low,high_temperature,FJ_QZ,20250913
20250913_FJ_QZ_Q50,0.9433966352729335,-3.7160068317254757,36.52557777647658,17.885082631321747,control,high_temperature,FJ_QZ,20250913
20250913_FJ_QZ_Q52,-4.9744567515050475,2.1666890021125176,36.52557777647658,17.885082631321747,low,high_temperature,FJ_QZ,20250913
20250913_FJ_QZ_Q54,2.4367509022937126,2.94976825469102,36.52557777647658,17.885082631321747,control,high_temperature,FJ_QZ,20250913
20250913_FJ_QZ_Q55,-9.029821476773646,-5.4029859016660415,36.52557777647658,17.885082631321747,control,high_temperature,FJ_QZ,20250913
20250913_FJ_QZ_Q57,-4.723869541094099,-5.674167474709527,36.52557777647658,17.885082631321747,control,high_temperature,FJ_QZ,20250913
20250913_FJ_QZ_Q58,-6.2008517595548165,12.48842617952679,36.52557777647658,17.885082631321747,low,high_temperature,FJ_QZ,20250913
20250913_FJ_QZ_Q59,-15.281442040807669,-5.246443513580684,36.52557777647658,17.885082631321747,low,high_temperature,FJ_QZ,20250913
20250913_FJ_QZ_Q60,-0.9930748523052435,-6.863834682978223,36.52557777647658,17.885082631321747,low,high_temperature,FJ_QZ,20250913
20250913_FJ_QZ_Q61,-0.8248035308438806,4.236284271973283,36.52557777647658,17.885082631321747,control,high_temperature,FJ_QZ,20250913
20250913_FJ_QZ_Q62,-18.299871100886055,-11.741239667826163,36.52557777647658,17.885082631321747,control,high_temperature,FJ_QZ,20250913
20250913_FJ_QZ_Q63,-12.232344647535013,-5.696185810848178,36.52557777647658,17.885082631321747,control,high_temperature,FJ_QZ,20250913
20250913_FJ_QZ_Q65,-6.75842464800067,2.064988376129028,36.52557777647658,17.885082631321747,control,high_temperature,FJ_QZ,20250913
20250913_FJ_QZ_Q66,-18.499056897443634,-3.10770960199502,36.52557777647658,17.885082631321747,low,high_temperature,FJ_QZ,20250913
20250913_FJ_QZ_Q67,-19.16572278167226,-6.037293374024008,36.52557777647658,17.885082631321747,low,high_temperature,FJ_QZ,20250913
20250913_FJ_QZ_Q68,-2.9837385184763123,-6.472701457516952,36.52557777647658,17.885082631321747,control,high_temperature,FJ_QZ,20250913
20250913_FJ_QZ_Q69,8.633730058345458,-1.9677806879052326,36.52557777647658,17.885082631321747,control,high_temperature,FJ_QZ,20250913
20250913_FJ_QZ_Q70,-13.1963103134581,-8.891667093259173,36.52557777647658,17.885082631321747,control,high_temperature,FJ_QZ,20250913
20250913_FJ_QZ_Q71,-13.872134657429694,-6.322822773567534,36.52557777647658,17.885082631321747,control,high_temperature,FJ_QZ,20250913
20250913_FJ_QZ_Q72,-8.651416500125816,-3.126809957341376,36.52557777647658,17.885082631321747,low,high_temperature,FJ_QZ,20250913
20250914_FJ_FQ_F47,-7.447511754621807,-0.7702188669157466,36.52557777647658,17.885082631321747,low,high_temperature,FJ_FQ,20250914
20250914_FJ_FQ_F51,-18.757296725877254,2.3396547533981136,36.52557777647658,17.885082631321747,low,high_temperature,FJ_FQ,20250914
20250914_FJ_FQ_F53,-10.076709633918403,10.120116866442716,36.52557777647658,17.885082631321747,control,high_temperature,FJ_FQ,20250914
20250914_FJ_FQ_F54,-9.065824088709785,-6.245846534108356,36.52557777647658,17.885082631321747,low,high_temperature,FJ_FQ,20250914
20250914_FJ_FQ_F55,-18.621843947979524,10.978070510223064,36.52557777647658,17.885082631321747,high,high_temperature,FJ_FQ,20250914
20250914_FJ_FQ_F56,-18.596101089507805,2.773637562353016,36.52557777647658,17.885082631321747,control,high_temperature,FJ_FQ,20250914
20250914_FJ_FQ_F57,-18.976886904810307,-6.254163771187666,36.52557777647658,17.885082631321747,low,high_temperature,FJ_FQ,20250914
20250914_FJ_FQ_F58,-4.21338951232789,-1.6212537835273255,36.52557777647658,17.885082631321747,high,high_temperature,FJ_FQ,20250914
20250914_FJ_FQ_F62,-11.648005945364805,-2.7122095599091236,36.52557777647658,17.885082631321747,high,high_temperature,FJ_FQ,20250914
20250914_FJ_FQ_F66,-12.396595925401721,0.8530892662199318,36.52557777647658,17.885082631321747,control,high_temperature,FJ_FQ,20250914
20250914_FJ_FQ_F69,-8.000305063212236,8.759923524640804,36.52557777647658,17.885082631321747,high,high_temperature,FJ_FQ,20250914
20250914_FJ_FQ_F70,-18.32775906631075,-3.6224391751494625,36.52557777647658,17.885082631321747,control,high_temperature,FJ_FQ,20250914
20250914_FJ_FQ_F71,-7.2585432185812575,3.6785046081455137,36.52557777647658,17.885082631321747,high,high_temperature,FJ_FQ,20250914
20250914_FJ_FQ_F72,-17.327704692086012,-1.7013319258423616,36.52557777647658,17.885082631321747,low,high_temperature,FJ_FQ,20250914
20250914_FJ_FQ_F74,-13.084240602135429,9.6506741206355,36.52557777647658,17.885082631321747,low,high_temperature,FJ_FQ,20250914
20250914_FJ_FQ_F75,-20.848144626846732,-2.4766309808225113,36.52557777647658,17.885082631321747,high,high_temperature,FJ_FQ,20250914
20250914_FJ_FQ_F77,7.17018400618096,30.51737079326709,36.52557777647658,17.885082631321747,low,high_temperature,FJ_FQ,20250914
20250914_FJ_FQ_F79,-9.411170837926909,6.480482383420662,36.52557777647658,17.885082631321747,high,high_temperature,FJ_FQ,20250914
20250914_FJ_FQ_F81,-2.5231110469652,25.119586647952953,36.52557777647658,17.885082631321747,high,high_temperature,FJ_FQ,20250914
20250914_FJ_FQ_F83,-12.895354734149157,-5.283958262120966,36.52557777647658,17.885082631321747,low,high_temperature,FJ_FQ,20250914
20250914_FJ_FQ_F84,-13.84291138749258,2.6617265487049595,36.52557777647658,17.885082631321747,low,high_temperature,FJ_FQ,20250914
20250914_FJ_FQ_F85,-12.025406294735786,7.285649472871423,36.52557777647658,17.885082631321747,high,high_temperature,FJ_FQ,20250914
20250914_FJ_FQ_F88,5.169773443582747,-1.7970956578650719,36.52557777647658,17.885082631321747,high,high_temperature,FJ_FQ,20250914
20250914_FJ_FQ_F89,-7.4243361602768205,20.12151336083124,36.52557777647658,17.885082631321747,high,high_temperature,FJ_FQ,20250914
20250914_FJ_FQ_F93,-14.364329467037754,-5.706366607653203,36.52557777647658,17.885082631321747,low,high_temperature,FJ_FQ,20250914
20250914_FJ_FQ_F94,0.18770101493212815,1.4899261299204467,36.52557777647658,17.885082631321747,control,high_temperature,FJ_FQ,20250914
20250914_FJ_FQ_F102,-13.47542079115045,0.34322815476155993,36.52557777647658,17.885082631321747,high,high_temperature,FJ_FQ,20250914
20250914_FJ_FQ_F105,-16.344637293425254,-3.927729597723302,36.52557777647658,17.885082631321747,high,high_temperature,FJ_FQ,20250914
20250914_FJ_FQ_F106,-14.370638779110658,1.4059995401998693,36.52557777647658,17.885082631321747,high,high_temperature,FJ_FQ,20250914
20250914_FJ_FQ_F107,-23.393509183702914,-9.229865944414778,36.52557777647658,17.885082631321747,low,high_temperature,FJ_FQ,20250914
20250914_FJ_FQ_F110,-16.80204348618722,-3.5533951074842265,36.52557777647658,17.885082631321747,high,high_temperature,FJ_FQ,20250914
20250914_FJ_FQ_F111,3.040304107250836,3.327361291113343,36.52557777647658,17.885082631321747,low,high_temperature,FJ_FQ,20250914
20250914_FJ_FQ_F118,-16.212383764597117,-0.2156594786849002,36.52557777647658,17.885082631321747,low,high_temperature,FJ_FQ,20250914
20250914_FJ_FQ_F121,-16.389683980934276,-0.28593178737074276,36.52557777647658,17.885082631321747,high,high_temperature,FJ_FQ,20250914
20250914_FJ_FQ_F122,-0.16838702646942685,2.4094996638572006,36.52557777647658,17.885082631321747,high,high_temperature,FJ_FQ,20250914
20250914_FJ_FQ_F123,-13.535325369009533,-2.5519936836156574,36.52557777647658,17.885082631321747,high,high_temperature,FJ_FQ,20250914
20250914_FJ_FQ_F124,-11.18934692540106,5.821142380766344,36.52557777647658,17.885082631321747,high,high_temperature,FJ_FQ,20250914
20250914_FJ_FQ_F125,-3.083257420542844,-1.3431868380300533,36.52557777647658,17.885082631321747,high,high_temperature,FJ_FQ,20250914
20250914_FJ_FQ_F126,-0.086258659380416,24.250060538848274,36.52557777647658,17.885082631321747,high,high_temperature,FJ_FQ,20250914
20250914_FJ_FQ_F128,-11.383453052753348,-0.3985010640827388,36.52557777647658,17.885082631321747,low,high_temperature,FJ_FQ,20250914
20250914_FJ_FQ_F129,0.8194073855093538,23.8844742175717,36.52557777647658,17.885082631321747,high,high_temperature,FJ_FQ,20250914
20250914_FJ_FQ_F131,-5.729706603971351,1.3910636385587152,36.52557777647658,17.885082631321747,control,high_temperature,FJ_FQ,20250914
20250914_FJ_FQ_F135,-9.469196036214333,18.667483011477938,36.52557777647658,17.885082631321747,high,high_temperature,FJ_FQ,20250914
20250914_FJ_FQ_F137,-13.908968520657252,-3.1348966331690002,36.52557777647658,17.885082631321747,control,high_temperature,FJ_FQ,20250914
20250914_FJ_PT_P2,-12.860636929657218,-7.980898859058412,36.52557777647658,17.885082631321747,control,high_temperature,FJ_PT,20250914
20250914_FJ_PT_P3,-18.43455834797943,-7.565285622554587,36.52557777647658,17.885082631321747,control,high_temperature,FJ_PT,20250914
20250914_FJ_PT_P4,-11.842402455531028,-10.528967113175591,36.52557777647658,17.885082631321747,low,high_temperature,FJ_PT,20250914
20250914_FJ_PT_P6,-7.8084019765112425,-5.845870945477422,36.52557777647658,17.885082631321747,high,high_temperature,FJ_PT,20250914
20250914_FJ_PT_P7,-30.23850181346216,-1.9546935760626583,36.52557777647658,17.885082631321747,control,high_temperature,FJ_PT,20250914
20250914_FJ_PT_P8,-12.770393409575604,-9.574305326402405,36.52557777647658,17.885082631321747,low,high_temperature,FJ_PT,20250914
20250914_FJ_PT_P9,-12.467366053390485,-10.140304139285675,36.52557777647658,17.885082631321747,low,high_temperature,FJ_PT,20250914
20250914_FJ_PT_P10,-13.39153073616501,3.363573448473424,36.52557777647658,17.885082631321747,low,high_temperature,FJ_PT,20250914
20250914_FJ_PT_P11,-23.25692039866486,-5.254587088042244,36.52557777647658,17.885082631321747,high,high_temperature,FJ_PT,20250914
20250914_FJ_PT_P13,-15.281702493328496,9.916589818148868,36.52557777647658,17.885082631321747,low,high_temperature,FJ_PT,20250914
20250914_FJ_PT_P15,-16.808515683592702,-10.539871008201729,36.52557777647658,17.885082631321747,low,high_temperature,FJ_PT,20250914
20250914_FJ_PT_P17,-19.239803277303416,-8.996444828096443,36.52557777647658,17.885082631321747,high,high_temperature,FJ_PT,20250914
20250914_FJ_PT_P18,-15.962321401229104,12.282064159001354,36.52557777647658,17.885082631321747,high,high_temperature,FJ_PT,20250914
20250914_FJ_PT_P19,-14.816353282695882,4.938676858500956,36.52557777647658,17.885082631321747,high,high_temperature,FJ_PT,20250914
20250914_FJ_PT_P20,-12.231443422545308,1.3065073963059868,36.52557777647658,17.885082631321747,low,high_temperature,FJ_PT,20250914
20250914_FJ_PT_P21,-18.400296487864605,-0.9152524848484773,36.52557777647658,17.885082631321747,high,high_temperature,FJ_PT,20250914
20250914_FJ_PT_P22,-9.473738729598843,15.5375905289485,36.52557777647658,17.885082631321747,low,high_temperature,FJ_PT,20250914
20250914_FJ_PT_P23,-13.347870911285076,5.961501981004289,36.52557777647658,17.885082631321747,low,high_temperature,FJ_PT,20250914
20250914_FJ_PT_P24,-14.801152381509793,-4.842379200190566,36.52557777647658,17.885082631321747,high,high_temperature,FJ_PT,20250914
20250914_FJ_PT_P25,4.90696172457335,-7.1188316070496604,36.52557777647658,17.885082631321747,low,high_temperature,FJ_PT,20250914
20250914_FJ_PT_P26,-13.133466363676199,-1.613368132230837,36.52557777647658,17.885082631321747,high,high_temperature,FJ_PT,20250914
20250914_FJ_PT_P27,-20.5443750032662,-6.908156293314968,36.52557777647658,17.885082631321747,high,high_temperature,FJ_PT,20250914
20250914_FJ_PT_P29,-17.56302989987085,-1.9108064853877598,36.52557777647658,17.885082631321747,high,high_temperature,FJ_PT,20250914
20250914_FJ_PT_P30,-14.520398634992688,-8.26011316473501,36.52557777647658,17.885082631321747,high,high_temperature,FJ_PT,20250914
20250914_FJ_PT_P33,-14.982695525138697,-9.650535085341886,36.52557777647658,17.885082631321747,high,high_temperature,FJ_PT,20250914
20251001_FJ_FQ_F83,-3.5752162446745723,11.247419194867017,36.52557777647658,17.885082631321747,low,high_temperature,FJ_FQ,20251001
20251001_FJ_FQ_F95,4.488260720697189,24.36046389802323,36.52557777647658,17.885082631321747,high,high_temperature,FJ_FQ,20251001
20251001_FJ_FQ_F97,-5.383684334349936,11.118293086526023,36.52557777647658,17.885082631321747,high,high_temperature,FJ_FQ,20251001
20251001_FJ_FQ_F105,1.0806755785905202,23.487518276002795,36.52557777647658,17.885082631321747,high,high_temperature,FJ_FQ,20251001
20251001_FJ_FQ_F120,4.685608887816914,-2.5613021303508776,36.52557777647658,17.885082631321747,high,high_temperature,FJ_FQ,20251001
20251001_FJ_FQ_F136,9.568244255982497,-2.8988983938361415,36.52557777647658,17.885082631321747,control,high_temperature,FJ_FQ,20251001
20251001_FJ_FQ_F141,-13.146131136964504,-3.8761968597226777,36.52557777647658,17.885082631321747,control,high_temperature,FJ_FQ,20251001
20251001_FJ_FQ_F147,-7.001026849053722,15.413152493498146,36.52557777647658,17.885082631321747,high,high_temperature,FJ_FQ,20251001
20251001_FJ_FQ_F150,-16.098069850463446,8.588682964683821,36.52557777647658,17.885082631321747,control,high_temperature,FJ_FQ,20251001
20251001_FJ_FQ_F154,-11.043888152512519,-0.9447481965238259,36.52557777647658,17.885082631321747,high,high_temperature,FJ_FQ,20251001
20251001_FJ_FQ_F158,1.4495594190622567,26.927814616756915,36.52557777647658,17.885082631321747,high,high_temperature,FJ_FQ,20251001
20251001_FJ_FQ_F163,3.6825752578949165,26.12654873423747,36.52557777647658,17.885082631321747,control,high_temperature,FJ_FQ,20251001
20251001_FJ_FQ_F165,-12.782202928206802,14.147653627263596,36.52557777647658,17.885082631321747,control,high_temperature,FJ_FQ,20251001
20251001_FJ_FQ_F168,0.42498680546199535,3.727101185432559,36.52557777647658,17.885082631321747,high,high_temperature,FJ_FQ,20251001
20251001_FJ_FQ_F170,-15.416664153189998,-0.943280116360659,36.52557777647658,17.885082631321747,control,high_temperature,FJ_FQ,20251001
20251001_FJ_FQ_F173,-15.211191546580958,3.61314919284653,36.52557777647658,17.885082631321747,low,high_temperature,FJ_FQ,20251001
20251001_FJ_FQ_F174,-17.22399702400641,2.0004343794184027,36.52557777647658,17.885082631321747,low,high_temperature,FJ_FQ,20251001
20251001_FJ_FQ_F175,-5.789374135408051,12.213771211086023,36.52557777647658,17.885082631321747,low,high_temperature,FJ_FQ,20251001
20251001_FJ_FQ_F176,-23.63947146330076,5.9294882501125805,36.52557777647658,17.885082631321747,low,high_temperature,FJ_FQ,20251001
20251001_FJ_FQ_F177,-11.938218476753404,0.8143456131541735,36.52557777647658,17.885082631321747,low,high_temperature,FJ_FQ,20251001
20251001_FJ_FQ_F180,-16.188186312570302,10.207735092009795,36.52557777647658,17.885082631321747,low,high_temperature,FJ_FQ,20251001
20251001_FJ_FQ_F183,-26.386716715174874,1.5324750911912006,36.52557777647658,17.885082631321747,low,high_temperature,FJ_FQ,20251001
20251001_FJ_FQ_F185,-25.678809636141505,-3.901224237604031,36.52557777647658,17.885082631321747,low,high_temperature,FJ_FQ,20251001
20251001_XZ_YA_1,-28.562480765461768,6.098849281154246,36.52557777647658,17.885082631321747,low,high_stress,XZ_YA,20251001
20251001_XZ_YA_2,-17.208568741784116,18.770306814684183,36.52557777647658,17.885082631321747,low,high_stress,XZ_YA,20251001
20251001_XZ_YA_3,-6.225616098906437,4.754146419704941,36.52557777647658,17.885082631321747,low,high_stress,XZ_YA,20251001
20251001_XZ_YA_4,-5.7984066114485575,27.8744983232378,36.52557777647658,17.885082631321747,low,high_stress,XZ_YA,20251001
20251001_XZ_YA_5,-14.906411354349999,20.30469041294651,36.52557777647658,17.885082631321747,low,high_stress,XZ_YA,20251001
20251001_XZ_YA_6,-12.852047853552541,-0.344671846210741,36.52557777647658,17.885082631321747,low,high_stress,XZ_YA,20251001
20251001_XZ_YA_7,-12.166692216897767,26.549419765795694,36.52557777647658,17.885082631321747,low,high_stress,XZ_YA,20251001
20251001_XZ_YA_8,-15.29930048364479,21.954586904545433,36.52557777647658,17.885082631321747,low,high_stress,XZ_YA,20251001
20251001_XZ_YA_9,-16.08007463114788,13.85188306938447,36.52557777647658,17.885082631321747,low,high_stress,XZ_YA,20251001
20251001_XZ_YA_10,-28.79621486173975,3.470082030798156,36.52557777647658,17.885082631321747,low,high_stress,XZ_YA,20251001
20251001_XZ_YA_11,-4.47101531200101,17.215597875554234,36.52557777647658,17.885082631321747,low,high_stress,XZ_YA,20251001
20251001_XZ_YA_12,-25.792144133221594,-7.813599379140819,36.52557777647658,17.885082631321747,low,high_stress,XZ_YA,20251001
20251001_XZ_YA_13,-19.508103047215943,-4.643023240131742,36.52557777647658,17.885082631321747,low,high_stress,XZ_YA,20251001
20251001_XZ_YA_14,-19.588103242249773,9.200461658419885,36.52557777647658,17.885082631321747,low,high_stress,XZ_YA,20251001
20251001_XZ_YA_15,-25.506290870149186,-1.9433681320096456,36.52557777647658,17.885082631321747,low,high_stress,XZ_YA,20251001
20251001_XZ_YA_16,-17.032726098199138,-6.531897850160059,36.52557777647658,17.885082631321747,low,high_stress,XZ_YA,20251001
20251001_XZ_YA_17,-8.136696272268306,15.597157168215164,36.52557777647658,17.885082631321747,low,high_stress,XZ_YA,20251001
20251001_XZ_YA_18,-16.298886493256926,-2.4211627112853753,36.52557777647658,17.885082631321747,low,high_stress,XZ_YA,20251001
20251001_XZ_YA_19,-21.36008122111406,4.402562629501473,36.52557777647658,17.885082631321747,low,high_stress,XZ_YA,20251001
20251001_XZ_YA_20,-7.680183589788594,17.026828296405895,36.52557777647658,17.885082631321747,control,high_stress,XZ_YA,20251001
20251001_XZ_YA_21,-20.34138187799483,13.775481925989997,36.52557777647658,17.885082631321747,control,high_stress,XZ_YA,20251001
20251001_XZ_YA_22,8.250065088071624,31.34010753340398,36.52557777647658,17.885082631321747,high,high_stress,XZ_YA,20251001
20251001_XZ_YB_2,-11.188604983288318,-3.1449669460414187,36.52557777647658,17.885082631321747,control,high_stress,XZ_YB,20251001
20251001_XZ_YB_4,-28.83921376784074,1.1645959214322195,36.52557777647658,17.885082631321747,control,high_stress,XZ_YB,20251001
20251001_XZ_YB_6,-14.705040176833098,-0.8318459637270562,36.52557777647658,17.885082631321747,control,high_stress,XZ_YB,20251001
20251001_XZ_YB_9,-15.488365655754727,-0.9519715337407892,36.52557777647658,17.885082631321747,control,high_stress,XZ_YB,20251001
20251001_XZ_YB_10,-14.296151176201075,-4.893667563541065,36.52557777647658,17.885082631321747,control,high_stress,XZ_YB,20251001
20251001_XZ_YB_11,-16.731042028320317,-0.5827865457467973,36.52557777647658,17.885082631321747,control,high_stress,XZ_YB,20251001
20251001_XZ_YB_12,-5.459959656073743,-3.1111994119186015,36.52557777647658,17.885082631321747,control,high_stress,XZ_YB,20251001
20251001_XZ_YB_14,-12.9834497374769,6.873866490355862,36.52557777647658,17.885082631321747,control,high_stress,XZ_YB,20251001
20251001_XZ_YB_15,-4.504103940363247,-1.2106600485704324,36.52557777647658,17.885082631321747,control,high_stress,XZ_YB,20251001
20251001_XZ_YB_19,-13.58250191458416,-3.706843702342019,36.52557777647658,17.885082631321747,control,high_stress,XZ_YB,20251001
20251001_XZ_YC_1,-11.644994963316995,5.770062149217622,36.52557777647658,17.885082631321747,control,high_stress,XZ_YC,20251001
20251001_XZ_YC_2,-21.975739741799206,7.580023211367409,36.52557777647658,17.885082631321747,control,high_stress,XZ_YC,20251001
20251001_XZ_YC_3,-19.855138197802823,0.7008677353243387,36.52557777647658,17.885082631321747,high,high_stress,XZ_YC,20251001
20251001_XZ_YC_4,-21.834242733662638,9.538266139581776,36.52557777647658,17.885082631321747,control,high_stress,XZ_YC,20251001
20251001_XZ_YC_5,-3.610049659777257,2.3298383069915762,36.52557777647658,17.885082631321747,high,high_stress,XZ_YC,20251001
20251001_XZ_YC_6,-12.901413474020538,18.30243614671459,36.52557777647658,17.885082631321747,low,high_stress,XZ_YC,20251001
20251001_XZ_YC_7,-17.16316928707552,10.723084991790934,36.52557777647658,17.885082631321747,low,high_stress,XZ_YC,20251001
20251001_XZ_YC_8,-7.915509652818146,2.1933882051709936,36.52557777647658,17.885082631321747,control,high_stress,XZ_YC,20251001
20251001_XZ_YC_9,6.537644037378176,26.954146982911745,36.52557777647658,17.885082631321747,low,high_stress,XZ_YC,20251001
20251001_XZ_YC_10,-17.488288609308285,-1.4763895944095813,36.52557777647658,17.885082631321747,high,high_stress,XZ_YC,20251001
20251001_XZ_YC_11,-1.023562902302239,15.94531257886794,36.52557777647658,17.885082631321747,high,high_stress,XZ_YC,20251001
20251001_XZ_YC_12,-20.18626714945667,0.8389872617086017,36.52557777647658,17.885082631321747,high,high_stress,XZ_YC,20251001
20251001_XZ_YC_13,-11.56614090466144,10.440679635039597,36.52557777647658,17.885082631321747,high,high_stress,XZ_YC,20251001
20251001_XZ_YC_14,-11.700000955102343,15.346849147908642,36.52557777647658,17.885082631321747,high,high_stress,XZ_YC,20251001
20251001_XZ_YC_15,-16.013414998969417,4.714018494814922,36.52557777647658,17.885082631321747,high,high_stress,XZ_YC,20251001
20251001_XZ_YC_16,-21.03776063415437,7.795202794971246,36.52557777647658,17.885082631321747,high,high_stress,XZ_YC,20251001
20251001_XZ_YC_17,-15.124265851919548,6.686827104395438,36.52557777647658,17.885082631321747,high,high_stress,XZ_YC,20251001
20251001_XZ_YC_18,-16.051040449204855,18.45413759024663,36.52557777647658,17.885082631321747,low,high_stress,XZ_YC,20251001
20251001_XZ_YC_19,-10.744100218252568,3.9817336439400166,36.52557777647658,17.885082631321747,high,high_stress,XZ_YC,20251001
20251001_XZ_YC_20,-18.885515765187282,12.506187351599154,36.52557777647658,17.885082631321747,low,high_stress,XZ_YC,20251001
20251001_XZ_YC_21,-9.285857475236243,9.670564393541715,36.52557777647658,17.885082631321747,high,high_stress,XZ_YC,20251001
20251001_XZ_YC_22,-7.342481464104145,2.601218826731213,36.52557777647658,17.885082631321747,high,high_stress,XZ_YC,20251001
20251001_XZ_YC_23,-6.947385736274671,8.964285783694288,36.52557777647658,17.885082631321747,low,high_stress,XZ_YC,20251001
20251001_XZ_YC_24,-3.9345024495486784,11.830538310115509,36.52557777647658,17.885082631321747,high,high_stress,XZ_YC,20251001
20251001_XZ_YC_25,-6.8012534557359166,16.807065519665258,36.52557777647658,17.885082631321747,high,high_stress,XZ_YC,20251001
20251001_XZ_YC_26,-7.535766073138757,5.238349830696496,36.52557777647658,17.885082631321747,high,high_stress,XZ_YC,20251001
20251001_XZ_YC_27,7.861261893971519,33.52648323437238,36.52557777647658,17.885082631321747,high,high_stress,XZ_YC,20251001
20251001_XZ_YC_28,-3.2073815441359472,2.406604595061742,36.52557777647658,17.885082631321747,high,high_stress,XZ_YC,20251001
20251001_XZ_YC_29,-5.168575063168083,9.161985451461709,36.52557777647658,17.885082631321747,high,high_stress,XZ_YC,20251001
20251001_XZ_YC_30,-13.805125060009539,-2.922879262624666,36.52557777647658,17.885082631321747,low,high_stress,XZ_YC,20251001
20251001_XZ_YC_31,-14.591407535938103,-2.580994925168083,36.52557777647658,17.885082631321747,control,high_stress,XZ_YC,20251001
20251001_XZ_YC_32,-8.566808465996644,0.1416712556948086,36.52557777647658,17.885082631321747,high,high_stress,XZ_YC,20251001
20251001_XZ_YC_33,-3.9235008830123923,-3.161044679006221,36.52557777647658,17.885082631321747,high,high_stress,XZ_YC,20251001
20251001_XZ_YC_34,-16.538665684046954,-0.5557204927519949,36.52557777647658,17.885082631321747,control,high_stress,XZ_YC,20251001
20251001_XZ_YD_1,-16.018365948075697,4.819816906602694,36.52557777647658,17.885082631321747,low,high_stress,XZ_YD,20251001
20251001_XZ_YD_3,-8.581932567055503,22.275291105716754,36.52557777647658,17.885082631321747,control,high_stress,XZ_YD,20251001
20251001_XZ_YD_4,-6.857340901576284,18.91191135268984,36.52557777647658,17.885082631321747,control,high_stress,XZ_YD,20251001
20251001_XZ_YD_5,-8.784629836875414,15.195690701882054,36.52557777647658,17.885082631321747,low,high_stress,XZ_YD,20251001
20251001_XZ_YD_6,-6.005976819965431,25.697536353953076,36.52557777647658,17.885082631321747,control,high_stress,XZ_YD,20251001
20251001_XZ_YD_7,-22.06914612015138,8.255631177513537,36.52557777647658,17.885082631321747,high,high_stress,XZ_YD,20251001
20251001_XZ_YD_8,-11.78093146510844,16.184228058845456,36.52557777647658,17.885082631321747,high,high_stress,XZ_YD,20251001
20251001_XZ_YD_9,-3.2408194917380793,22.541380048996363,36.52557777647658,17.885082631321747,high,high_stress,XZ_YD,20251001
20251001_XZ_YD_10,-19.904921488793992,7.941239798366398,36.52557777647658,17.885082631321747,high,high_stress,XZ_YD,20251001
20251001_XZ_YD_11,-26.942738671474928,-2.050227690988815,36.52557777647658,17.885082631321747,high,high_stress,XZ_YD,20251001
20251001_XZ_YD_12,-26.223750102696126,4.7402819399464935,36.52557777647658,17.885082631321747,control,high_stress,XZ_YD,20251001
20251001_XZ_YD_13,-27.98853043749452,-11.42175101331822,36.52557777647658,17.885082631321747,control,high_stress,XZ_YD,20251001
20251001_XZ_YD_14,-10.89710977277014,12.507830414371933,36.52557777647658,17.885082631321747,control,high_stress,XZ_YD,20251001
20251001_XZ_YD_15,-9.84157748169373,8.40542356487218,36.52557777647658,17.885082631321747,low,high_stress,XZ_YD,20251001
20251001_XZ_YD_16,-17.308308435516928,-1.4199541233332642,36.52557777647658,17.885082631321747,high,high_stress,XZ_YD,20251001
20251001_XZ_YD_17,-20.49556103581933,9.078985643936681,36.52557777647658,17.885082631321747,low,high_stress,XZ_YD,20251001
20251001_XZ_YD_18,-18.969599984355813,7.053022525704782,36.52557777647658,17.885082631321747,high,high_stress,XZ_YD,20251001
20251001_XZ_YD_19,-6.564070514814276,20.088783708338273,36.52557777647658,17.885082631321747,control,high_stress,XZ_YD,20251001
20251001_XZ_YD_20,-15.347107386000973,17.28652918736871,36.52557777647658,17.885082631321747,control,high_stress,XZ_YD,20251001
20251001_XZ_YD_21,-7.915454046748573,15.564937410872844,36.52557777647658,17.885082631321747,control,high_stress,XZ_YD,20251001
20251001_XZ_YD_22,-10.47701911674335,11.68764254262707,36.52557777647658,17.885082631321747,control,high_stress,XZ_YD,20251001
20251001_XZ_YD_23,-21.636948737209277,4.6662592137180265,36.52557777647658,17.885082631321747,low,high_stress,XZ_YD,20251001
20251001_XZ_YD_24,2.6918912236276387,20.737877482025688,36.52557777647658,17.885082631321747,low,high_stress,XZ_YD,20251001
20251001_XZ_YD_25,-4.2223169006099095,22.381901645407993,36.52557777647658,17.885082631321747,low,high_stress,XZ_YD,20251001
20251001_XZ_YD_26,-2.4617142896469373,19.542761392921,36.52557777647658,17.885082631321747,low,high_stress,XZ_YD,20251001
20251001_XZ_YD_27,-12.597048402646443,1.9454456448725115,36.52557777647658,17.885082631321747,low,high_stress,XZ_YD,20251001
20251001_XZ_YD_28,-13.43103721226404,14.149310501211138,36.52557777647658,17.885082631321747,low,high_stress,XZ_YD,20251001
20251026_FJ_PT_P31,-13.77679626599727,-1.5430098230547054,36.52557777647658,17.885082631321747,control,high_temperature,FJ_PT,20251026
20251026_FJ_QZ_Q73,-1.582695538610059,-3.607053097747064,36.52557777647658,17.885082631321747,control,high_temperature,FJ_QZ,20251026
20251026_FJ_QZ_Q74,1.747815707464688,-2.9695741770389503,36.52557777647658,17.885082631321747,low,high_temperature,FJ_QZ,20251026
20251026_FJ_QZ_Q75,-1.4769791550077174,-6.916850271751047,36.52557777647658,17.885082631321747,low,high_temperature,FJ_QZ,20251026
20251026_FJ_QZ_Q76,3.171180370953473,-6.210307794983986,36.52557777647658,17.885082631321747,high,high_temperature,FJ_QZ,20251026
20251026_FJ_QZ_Q77,1.7089200710279238,-7.220941283655735,36.52557777647658,17.885082631321747,high,high_temperature,FJ_QZ,20251026
20251026_FJ_QZ_Q78,-0.8333292663691758,-7.994255898605177,36.52557777647658,17.885082631321747,high,high_temperature,FJ_QZ,20251026
20251026_FJ_QZ_Q79,1.5865043420549063,-4.105225550581827,36.52557777647658,17.885082631321747,control,high_temperature,FJ_QZ,20251026
20251026_FJ_QZ_Q80,0.3123050175968826,-3.938009679770868,36.52557777647658,17.885082631321747,low,high_temperature,FJ_QZ,20251026
20251026_FJ_QZ_Q81,-6.015299829328886,-4.6543533640761465,36.52557777647658,17.885082631321747,low,high_temperature,FJ_QZ,20251026
20251026_FJ_QZ_Q82,-13.680337800224713,-9.271235620821635,36.52557777647658,17.885082631321747,control,high_temperature,FJ_QZ,20251026
20251026_FJ_QZ_Q83,-6.395089770608247,-2.9473182910647386,36.52557777647658,17.885082631321747,control,high_temperature,FJ_QZ,20251026
20251104_FJ_FQ_F178,-27.438705393217145,-5.9449458565697455,36.52557777647658,17.885082631321747,low,high_temperature,FJ_FQ,20251104
20251104_FJ_FQ_F179,-19.01153270446362,-4.640885048276051,36.52557777647658,17.885082631321747,high,high_temperature,FJ_FQ,20251104
20251107_XZ_YD_2,-17.504756549347956,-0.12701763682297795,36.52557777647658,17.885082631321747,low,high_stress,XZ_YD,20251107
20260527_XZ_GG_1,-4.68729660011712,-8.72324001617887,36.52557777647658,17.885082631321747,low,high_stress,XZ_GG,20260527
20260527_XZ_GG_2,-0.5441413252212385,-7.29803120808952,36.52557777647658,17.885082631321747,low,high_stress,XZ_GG,20260527
20260527_XZ_GG_3,-3.2505382427426524,-4.501876049979982,36.52557777647658,17.885082631321747,low,high_stress,XZ_GG,20260527
20260527_XZ_GG_4,-5.807968060037579,-12.985276276829772,36.52557777647658,17.885082631321747,low,high_stress,XZ_GG,20260527
20260527_XZ_GG_5,3.2326754531129684,-1.013363000942856,36.52557777647658,17.885082631321747,low,high_stress,XZ_GG,20260527
20260527_XZ_GG_6,-2.8107388178385815,-3.352317319038859,36.52557777647658,17.885082631321747,low,high_stress,XZ_GG,20260527
20260527_XZ_GG_7,-9.674751961085244,-14.007898029744595,36.52557777647658,17.885082631321747,low,high_stress,XZ_GG,20260527
20260527_XZ_GG_8,-1.4319195936053029,-5.586490941877403,36.52557777647658,17.885082631321747,low,high_stress,XZ_GG,20260527
20260527_XZ_GG_9,0.5613807755549313,-5.064971141076573,36.52557777647658,17.885082631321747,low,high_stress,XZ_GG,20260527
20260527_XZ_GG_10,-3.3305921313727036,-4.61298111931525,36.52557777647658,17.885082631321747,low,high_stress,XZ_GG,20260527
20260527_XZ_GG_11,0.3548937826662526,-3.58444525830676,36.52557777647658,17.885082631321747,low,high_stress,XZ_GG,20260527
20260527_XZ_GG_12,-6.105208734237422,-6.826813554233492,36.52557777647658,17.885082631321747,low,high_stress,XZ_GG,20260527
20260527_XZ_GG_13,-8.99310831107059,-14.068225926763844,36.52557777647658,17.885082631321747,low,high_stress,XZ_GG,20260527
20260527_XZ_GG_14,-3.476595802780481,-6.342242442905923,36.52557777647658,17.885082631321747,low,high_stress,XZ_GG,20260527
20260527_XZ_GG_15,-9.03611324159963,-11.492753811904027,36.52557777647658,17.885082631321747,low,high_stress,XZ_GG,20260527
20260527_XZ_GG_16,-4.010071233589635,-11.853922991108421,36.52557777647658,17.885082631321747,low,high_stress,XZ_GG,20260527
20260527_XZ_GG_17,-2.845418590360521,-5.016714431408116,36.52557777647658,17.885082631321747,low,high_stress,XZ_GG,20260527
20260527_XZ_GG_18,-1.0061399533176791,-1.6314120703386406,36.52557777647658,17.885082631321747,low,high_stress,XZ_GG,20260527
20260527_XZ_GG_19,-3.177095080331097,-5.37543655826704,36.52557777647658,17.885082631321747,low,high_stress,XZ_GG,20260527
20260527_XZ_GG_20,-1.177144248149245,-5.938063966114409,36.52557777647658,17.885082631321747,low,high_stress,XZ_GG,20260527
20260527_XZ_GG_21,-3.4294818516677408,-4.644448953413486,36.52557777647658,17.885082631321747,low,high_stress,XZ_GG,20260527
20260527_XZ_GG_22,-2.5192017268094213,-11.654156613223538,36.52557777647658,17.885082631321747,low,high_stress,XZ_GG,20260527
20260527_XZ_GG_23,20.644412428772554,-12.196754456243324,36.52557777647658,17.885082631321747,low,high_stress,XZ_GG,20260527
20260527_XZ_GG_24,-1.1160875917722617,-5.8516386225392125,36.52557777647658,17.885082631321747,low,high_stress,XZ_GG,20260527
20260527_XZ_GG_25,-13.29846255819915,-11.24828848665501,36.52557777647658,17.885082631321747,low,high_stress,XZ_GG,20260527
20260527_XZ_GG_26,1.794407075164092,-10.585835760820643,36.52557777647658,17.885082631321747,low,high_stress,XZ_GG,20260527
20260527_XZ_GG_27,1.2765754806357477,-8.996709506059597,36.52557777647658,17.885082631321747,low,high_stress,XZ_GG,20260527
20260527_XZ_GG_28,-5.298160583576245,-10.215087336298156,36.52557777647658,17.885082631321747,low,high_stress,XZ_GG,20260527
20260527_XZ_GG_29,4.474585994683809,-9.072814083817631,36.52557777647658,17.885082631321747,low,high_stress,XZ_GG,20260527
20260527_XZ_GG_30,-0.2860585123177778,-0.571820681841453,36.52557777647658,17.885082631321747,low,high_stress,XZ_GG,20260527
20260527_XZ_GG_31,2.178985561108382,-4.898090868412634,36.52557777647658,17.885082631321747,high,high_stress,XZ_GG,20260527
20260527_XZ_GG_32,2.32366546318184,-10.224643601693824,36.52557777647658,17.885082631321747,high,high_stress,XZ_GG,20260527
20260527_XZ_GG_33,-2.2430351046924777,-10.96182787753123,36.52557777647658,17.885082631321747,high,high_stress,XZ_GG,20260527
20260527_XZ_GG_34,5.623506533761318,-9.491106906806921,36.52557777647658,17.885082631321747,high,high_stress,XZ_GG,20260527
20260527_XZ_GG_35,7.924082663517701,-3.3075439239452304,36.52557777647658,17.885082631321747,high,high_stress,XZ_GG,20260527
20260527_XZ_GG_36,3.972203548830591,-8.481087646910728,36.52557777647658,17.885082631321747,high,high_stress,XZ_GG,20260527
20260527_XZ_GG_37,0.7799484581666906,-4.361433292022665,36.52557777647658,17.885082631321747,high,high_stress,XZ_GG,20260527
20260527_XZ_GG_38,-9.603487621135208,-8.847656786304551,36.52557777647658,17.885082631321747,high,high_stress,XZ_GG,20260527
20260527_XZ_GG_39,0.2893243268112264,-7.027377793540052,36.52557777647658,17.885082631321747,high,high_stress,XZ_GG,20260527
20260527_XZ_GG_40,4.848560672332282,-3.502012328187398,36.52557777647658,17.885082631321747,high,high_stress,XZ_GG,20260527
20260527_XZ_GG_41,3.329870915660447,-11.218840866604696,36.52557777647658,17.885082631321747,high,high_stress,XZ_GG,20260527
20260527_XZ_GG_42,0.8364953078373818,-8.603726078285318,36.52557777647658,17.885082631321747,high,high_stress,XZ_GG,20260527
20260527_XZ_GG_43,0.1146780120035506,-3.3137665511141954,36.52557777647658,17.885082631321747,high,high_stress,XZ_GG,20260527
20260527_XZ_GG_44,1.1158804603335704,-4.543258524037852,36.52557777647658,17.885082631321747,high,high_stress,XZ_GG,20260527
20260527_XZ_GG_46,2.0143301124349895,-5.950924770330662,36.52557777647658,17.885082631321747,high,high_stress,XZ_GG,20260527
20260527_XZ_GG_47,4.965218077371794,-7.292856399515959,36.52557777647658,17.885082631321747,high,high_stress,XZ_GG,20260527
20260527_XZ_GG_50,-2.89106883815385,-4.799533849424747,36.52557777647658,17.885082631321747,high,high_stress,XZ_GG,20260527
20260527_XZ_GG_51,5.367031205216495,-10.579666340213077,36.52557777647658,17.885082631321747,high,high_stress,XZ_GG,20260527
20260527_XZ_GG_52,3.1965514690164762,-7.136402183809607,36.52557777647658,17.885082631321747,high,high_stress,XZ_GG,20260527
20260527_XZ_GG_53,6.497883021731531,-2.4547643547123426,36.52557777647658,17.885082631321747,high,high_stress,XZ_GG,20260527
20260527_XZ_GG_55,-1.4687343566546558,-12.780290650125565,36.52557777647658,17.885082631321747,high,high_stress,XZ_GG,20260527
20260527_XZ_GG_56,2.87197459015638,-10.667639123576304,36.52557777647658,17.885082631321747,high,high_stress,XZ_GG,20260527
20260527_XZ_GG_59,9.447052850323184,-8.145110502853218,36.52557777647658,17.885082631321747,high,high_stress,XZ_GG,20260527
20260527_XZ_GG_60,6.500645783419843,-7.871589122229936,36.52557777647658,17.885082631321747,control,high_stress,XZ_GG,20260527
20260527_XZ_GG_62,-0.4037422026161705,-11.615035021469232,36.52557777647658,17.885082631321747,control,high_stress,XZ_GG,20260527
20260527_XZ_GG_64,0.3957008059029319,-6.3099977073419335,36.52557777647658,17.885082631321747,control,high_stress,XZ_GG,20260527
20260527_XZ_GG_65,-3.189339353049667,-7.362657727513975,36.52557777647658,17.885082631321747,control,high_stress,XZ_GG,20260527
20260527_XZ_GG_66,4.219167444511294,-11.666796568046676,36.52557777647658,17.885082631321747,control,high_stress,XZ_GG,20260527
20260527_XZ_GG_68,-5.2645545775322615,-13.677595588322248,36.52557777647658,17.885082631321747,control,high_stress,XZ_GG,20260527
20260527_XZ_GG_69,-0.42990166113281375,-12.821660410262153,36.52557777647658,17.885082631321747,control,high_stress,XZ_GG,20260527
20260527_XZ_GG_71,5.043367078228372,-7.612627964885356,36.52557777647658,17.885082631321747,control,high_stress,XZ_GG,20260527
20260527_XZ_GG_72,-3.2965125990270643,-8.822568447236494,36.52557777647658,17.885082631321747,control,high_stress,XZ_GG,20260527
20260527_XZ_GG_73,4.552212630188437,-10.471106111713038,36.52557777647658,17.885082631321747,control,high_stress,XZ_GG,20260527
20260527_XZ_GG_74,2.968512657010019,-8.568313167236044,36.52557777647658,17.885082631321747,control,high_stress,XZ_GG,20260527
20260527_XZ_GG_75,0.6524624503513319,-3.2566074119749735,36.52557777647658,17.885082631321747,control,high_stress,XZ_GG,20260527
20260527_XZ_GG_76,-1.5631964958392457,-10.84354515637542,36.52557777647658,17.885082631321747,control,high_stress,XZ_GG,20260527
20260527_XZ_GG_77,-3.053570964994398,-14.218832970694553,36.52557777647658,17.885082631321747,control,high_stress,XZ_GG,20260527
20260527_XZ_GG_78,-8.58613929225166,-18.92603422214938,36.52557777647658,17.885082631321747,control,high_stress,XZ_GG,20260527
20260527_XZ_GG_79,-4.361956346688472,-11.130872091807884,36.52557777647658,17.885082631321747,control,high_stress,XZ_GG,20260527
20260527_XZ_GG_80,7.020583038914566,-6.9350176381754025,36.52557777647658,17.885082631321747,control,high_stress,XZ_GG,20260527
20260527_XZ_GG_81,-0.9950496227580401,-3.5431846334724546,36.52557777647658,17.885082631321747,low,high_stress,XZ_GG,20260527
20260527_XZ_GG_82,-3.2083691975704802,-10.615412570880922,36.52557777647658,17.885082631321747,low,high_stress,XZ_GG,20260527
20260527_XZ_GG_83,-1.943709037668926,-11.281086874011656,36.52557777647658,17.885082631321747,low,high_stress,XZ_GG,20260527
20260527_XZ_GG_84,2.0791207352583014,-8.495107469136697,36.52557777647658,17.885082631321747,low,high_stress,XZ_GG,20260527
20260527_XZ_GG_85,2.925784352797692,-13.284291458019714,36.52557777647658,17.885082631321747,low,high_stress,XZ_GG,20260527
20260527_XZ_GG_86,-3.9053598082328085,-6.958899543602685,36.52557777647658,17.885082631321747,low,high_stress,XZ_GG,20260527
20260527_XZ_GG_87,2.212382783858581,-6.398853650365953,36.52557777647658,17.885082631321747,low,high_stress,XZ_GG,20260527
20260527_XZ_GG_88,-3.6988465245391047,1.2777128825037474,36.52557777647658,17.885082631321747,low,high_stress,XZ_GG,20260527
20260527_XZ_GG_89,-2.0132793636336603,-4.152837476111823,36.52557777647658,17.885082631321747,low,high_stress,XZ_GG,20260527
20260527_XZ_GG_92,-2.8307108787210273,-8.369983902289077,36.52557777647658,17.885082631321747,low,high_stress,XZ_GG,20260527
20260527_XZ_GG_93,3.6199620318620984,-7.634705536467362,36.52557777647658,17.885082631321747,low,high_stress,XZ_GG,20260527
20260527_XZ_GG_94,0.7523784546516956,-4.015968241736166,36.52557777647658,17.885082631321747,low,high_stress,XZ_GG,20260527
20260527_XZ_GG_95,-1.6984280365510098,-7.883283071496597,36.52557777647658,17.885082631321747,low,high_stress,XZ_GG,20260527
20260527_XZ_GG_96,-1.5736533488791649,-2.136203886304691,36.52557777647658,17.885082631321747,low,high_stress,XZ_GG,20260527
20260527_XZ_GG_97,3.722821635394155,-7.261325939822449,36.52557777647658,17.885082631321747,low,high_stress,XZ_GG,20260527
20260527_XZ_GG_98,-4.406303580003961,-14.332127910247543,36.52557777647658,17.885082631321747,low,high_stress,XZ_GG,20260527
20260527_XZ_GG_99,0.14450576911834886,-12.167431940963587,36.52557777647658,17.885082631321747,low,high_stress,XZ_GG,20260527
20260527_XZ_GG_100,8.573237411849027,-5.867295728873002,36.52557777647658,17.885082631321747,low,high_stress,XZ_GG,20260527
20260527_XZ_GG_101,5.103291305520006,-8.681829409349879,36.52557777647658,17.885082631321747,low,high_stress,XZ_GG,20260527
20260527_XZ_GG_102,0.13684902160741733,-12.28864897614504,36.52557777647658,17.885082631321747,low,high_stress,XZ_GG,20260527
20260527_XZ_GG_103,3.0443992128880337,-6.768932467313373,36.52557777647658,17.885082631321747,low,high_stress,XZ_GG,20260527
20260527_XZ_GG_104,6.834862409920528,-2.472563351308208,36.52557777647658,17.885082631321747,low,high_stress,XZ_GG,20260527
20260527_XZ_GG_105,5.434946919414893,-6.061860189618704,36.52557777647658,17.885082631321747,low,high_stress,XZ_GG,20260527
20260527_XZ_GG_106,1.213410030092503,-6.286312790819207,36.52557777647658,17.885082631321747,low,high_stress,XZ_GG,20260527
20260527_XZ_GG_121,2.793232076339006,-9.771076766253051,36.52557777647658,17.885082631321747,control,high_stress,XZ_GG,20260527
20260527_XZ_GG_122,-4.736605000285078,-4.945010929023301,36.52557777647658,17.885082631321747,control,high_stress,XZ_GG,20260527
20260527_XZ_GG_123,-0.2171634559744068,-16.34335453942946,36.52557777647658,17.885082631321747,high,high_stress,XZ_GG,20260527
20260527_XZ_GG_124,0.6123358626903282,-7.890486025778357,36.52557777647658,17.885082631321747,high,high_stress,XZ_GG,20260527
20260527_XZ_GG_125,6.151519972730084,-8.83788478225161,36.52557777647658,17.885082631321747,control,high_stress,XZ_GG,20260527
20260527_XZ_GG_126,2.725450609192643,-7.469692246572151,36.52557777647658,17.885082631321747,control,high_stress,XZ_GG,20260527
20260527_XZ_GG_128,1.7156041810015372,-10.317384967461605,36.52557777647658,17.885082631321747,control,high_stress,XZ_GG,20260527
20260527_XZ_GG_129,-3.1056343165844282,-7.453002751410137,36.52557777647658,17.885082631321747,control,high_stress,XZ_GG,20260527
20260527_XZ_GG_130,9.287256760765215,-3.2341360021745875,36.52557777647658,17.885082631321747,control,high_stress,XZ_GG,20260527
20260527_XZ_GG_131,-4.130803921000841,-4.940772402549778,36.52557777647658,17.885082631321747,control,high_stress,XZ_GG,20260527
20260527_XZ_GG_132,2.2535324841767155,-8.194006098444724,36.52557777647658,17.885082631321747,control,high_stress,XZ_GG,20260527
20260527_XZ_GG_135,6.9356258963916675,-6.101983928111265,36.52557777647658,17.885082631321747,control,high_stress,XZ_GG,20260527
20260527_XZ_GG_136,9.63575370852333,-4.87239185579462,36.52557777647658,17.885082631321747,control,high_stress,XZ_GG,20260527
20260527_XZ_GG_137,-0.5431883190910403,-10.23874572551604,36.52557777647658,17.885082631321747,control,high_stress,XZ_GG,20260527
20260527_XZ_GG_138,3.072830360703862,-5.838049846540607,36.52557777647658,17.885082631321747,low,high_stress,XZ_GG,20260527
20260527_XZ_GG_139,-0.004942677028404446,-11.850779061786637,36.52557777647658,17.885082631321747,low,high_stress,XZ_GG,20260527
20260527_XZ_GG_140,3.199154980988794,-10.815345534667127,36.52557777647658,17.885082631321747,high,high_stress,XZ_GG,20260527
20260527_XZ_GG_141,5.505381382822562,-2.5594245217341314,36.52557777647658,17.885082631321747,high,high_stress,XZ_GG,20260527
20260527_XZ_GG_142,3.832094941916708,-4.405136784862323,36.52557777647658,17.885082631321747,high,high_stress,XZ_GG,20260527
20260527_XZ_GG_143,4.149504454988852,-3.471792000711403,36.52557777647658,17.885082631321747,low,high_stress,XZ_GG,20260527
20260527_XZ_GG_144,-0.10033887068192324,-8.005396131060976,36.52557777647658,17.885082631321747,high,high_stress,XZ_GG,20260527
20260527_XZ_GG_145,5.054372001349457,-7.02237545130313,36.52557777647658,17.885082631321747,high,high_stress,XZ_GG,20260527
20260527_XZ_GG_146,1.8283157482869155,-9.632553611816531,36.52557777647658,17.885082631321747,low,high_stress,XZ_GG,20260527
20260527_XZ_GG_147,6.396927324104508,-0.8446167571195046,36.52557777647658,17.885082631321747,high,high_stress,XZ_GG,20260527
20260527_XZ_GG_148,3.587599413760442,-11.002970726283415,36.52557777647658,17.885082631321747,high,high_stress,XZ_GG,20260527
20260527_XZ_GG_149,12.898631754343095,-3.5202669456743347,36.52557777647658,17.885082631321747,high,high_stress,XZ_GG,20260527
20260527_XZ_GG_150,6.581826544943387,-4.15880446343994,36.52557777647658,17.885082631321747,high,high_stress,XZ_GG,20260527
20260527_XZ_GG_151,-4.521315645857269,-3.9969618948577534,36.52557777647658,17.885082631321747,low,high_stress,XZ_GG,20260527
20260527_XZ_GG_152,4.524037387368687,-6.9973167242042225,36.52557777647658,17.885082631321747,control,high_stress,XZ_GG,20260527
20260527_XZ_GG_153,6.985990297310593,-4.093201774712812,36.52557777647658,17.885082631321747,high,high_stress,XZ_GG,20260527
20260527_XZ_GG_154,3.7306552407024958,-9.290881596311383,36.52557777647658,17.885082631321747,low,high_stress,XZ_GG,20260527
20260527_XZ_GG_155,9.82273184546142,-3.088307573882032,36.52557777647658,17.885082631321747,high,high_stress,XZ_GG,20260527
20260527_XZ_GG_156,10.0411741962353,-10.074542103064308,36.52557777647658,17.885082631321747,high,high_stress,XZ_GG,20260527
20260527_XZ_GG_157,11.199287258328713,-8.747648785955057,36.52557777647658,17.885082631321747,high,high_stress,XZ_GG,20260527
20260527_XZ_GG_158,7.570236173723876,-6.413472545679446,36.52557777647658,17.885082631321747,low,high_stress,XZ_GG,20260527
20260527_XZ_GG_159,1.5684142753258272,-15.524066899073231,36.52557777647658,17.885082631321747,high,high_stress,XZ_GG,20260527
20260527_XZ_GG_160,7.3784820476320165,-9.349322169663806,36.52557777647658,17.885082631321747,high,high_stress,XZ_GG,20260527
20260527_XZ_GG_161,6.286241752079247,-12.934217826176553,36.52557777647658,17.885082631321747,low,high_stress,XZ_GG,20260527
20260527_XZ_GG_162,8.837688811395537,-5.247147413814716,36.52557777647658,17.885082631321747,high,high_stress,XZ_GG,20260527
20260527_XZ_GG_163,-0.7995639322729816,-10.841195802245917,36.52557777647658,17.885082631321747,low,high_stress,XZ_GG,20260527
20260527_XZ_GG_164,7.330604683396657,-10.766386584896438,36.52557777647658,17.885082631321747,low,high_stress,XZ_GG,20260527
20260527_XZ_GG_165,6.6347356903446615,-7.417724688351269,36.52557777647658,17.885082631321747,high,high_stress,XZ_GG,20260527
20260527_XZ_GG_166,11.012401361513827,-13.36762398634722,36.52557777647658,17.885082631321747,low,high_stress,XZ_GG,20260527
20260527_XZ_GG_167,3.7830110295173878,-13.404680367367519,36.52557777647658,17.885082631321747,high,high_stress,XZ_GG,20260527
20260527_XZ_GG_168,13.143494199854349,-9.546681594785257,36.52557777647658,17.885082631321747,high,high_stress,XZ_GG,20260527
20260527_XZ_GG_169,10.25871485098913,-9.570856020181223,36.52557777647658,17.885082631321747,high,high_stress,XZ_GG,20260527
20260527_XZ_GG_170,2.2037773398743012,-18.765044358128602,36.52557777647658,17.885082631321747,low,high_stress,XZ_GG,20260527
20260527_XZ_GG_171,-0.33223700736174366,-15.259071195145724,36.52557777647658,17.885082631321747,high,high_stress,XZ_GG,20260527
20260717_GZ_TH_1,34.52905160680275,-7.486184417867212,36.52557777647658,17.885082631321747,control,high_temperature,GZ_TH,20260717
20260717_GZ_TH_2,22.67574877013117,8.638735348743346,36.52557777647658,17.885082631321747,control,high_temperature,GZ_TH,20260717
20260717_GZ_TH_3,22.319032521495256,-6.13853937757889,36.52557777647658,17.885082631321747,control,high_temperature,GZ_TH,20260717
20260717_GZ_TH_4,17.741643813451308,-18.027419349027387,36.52557777647658,17.885082631321747,control,high_temperature,GZ_TH,20260717
20260717_GZ_TH_6,23.305291926911657,-6.955521662893623,36.52557777647658,17.885082631321747,high,high_temperature,GZ_TH,20260717
20260717_GZ_TH_7,23.263391067875613,-5.411194354797661,36.52557777647658,17.885082631321747,high,high_temperature,GZ_TH,20260717
20260717_GZ_TH_8,25.814083590281115,8.263734399415327,36.52557777647658,17.885082631321747,high,high_temperature,GZ_TH,20260717
20260717_GZ_TH_9,32.3928510044708,-5.130175039254197,36.52557777647658,17.885082631321747,high,high_temperature,GZ_TH,20260717
20260717_GZ_TH_10,25.295761263546478,-8.658854658312402,36.52557777647658,17.885082631321747,high,high_temperature,GZ_TH,20260717
20260717_GZ_TH_11,20.94498206678121,-2.5618799153448393,36.52557777647658,17.885082631321747,high,high_temperature,GZ_TH,20260717
20260717_GZ_TH_12,31.10570528214899,0.9499984580150119,36.52557777647658,17.885082631321747,low,high_temperature,GZ_TH,20260717
20260717_GZ_TH_13,23.19052297422818,17.79816846590882,36.52557777647658,17.885082631321747,low,high_temperature,GZ_TH,20260717
20260717_GZ_TH_14,22.61001638721344,7.146114372396449,36.52557777647658,17.885082631321747,high,high_temperature,GZ_TH,20260717
20260717_GZ_TH_15,20.210051890367954,-5.670329679142747,36.52557777647658,17.885082631321747,low,high_temperature,GZ_TH,20260717
20260717_GZ_TH_16,24.242259352909553,-4.633789853662685,36.52557777647658,17.885082631321747,low,high_temperature,GZ_TH,20260717
20260717_GZ_TH_17,23.749913606507814,23.429543973917763,36.52557777647658,17.885082631321747,low,high_temperature,GZ_TH,20260717
20260717_GZ_TH_18,12.761822002026884,0.9483573106830664,36.52557777647658,17.885082631321747,low,high_temperature,GZ_TH,20260717
20260717_GZ_TH_19,27.687363917249186,-2.455163477292136,36.52557777647658,17.885082631321747,low,high_temperature,GZ_TH,20260717
20260717_GZ_TH_20,13.693121830464117,-8.102300804843386,36.52557777647658,17.885082631321747,low,high_temperature,GZ_TH,20260717
20260717_GZ_TH_21,19.657080481852365,20.832249256426987,36.52557777647658,17.885082631321747,high,high_temperature,GZ_TH,20260717
20260717_GZ_TH_22,15.634665208182726,-3.6849792829565047,36.52557777647658,17.885082631321747,low,high_temperature,GZ_TH,20260717
20260717_GZ_TH_23,32.88639871829428,-2.1642941700768317,36.52557777647658,17.885082631321747,control,high_temperature,GZ_TH,20260717
20260717_GZ_TH_24,9.002563848273512,-8.211175573178256,36.52557777647658,17.885082631321747,control,high_temperature,GZ_TH,20260717
20260717_GZ_TH_25,25.86092651424742,-5.396466453616727,36.52557777647658,17.885082631321747,high,high_temperature,GZ_TH,20260717
20260717_GZ_TH_26,7.079543613633724,4.005394590462515,36.52557777647658,17.885082631321747,high,high_temperature,GZ_TH,20260717
20260717_GZ_TH_27,20.457465593569612,-5.975086472406376,36.52557777647658,17.885082631321747,high,high_temperature,GZ_TH,20260717
20260717_GZ_TH_28,13.76316723320465,-16.2684437262088,36.52557777647658,17.885082631321747,high,high_temperature,GZ_TH,20260717
20260717_GZ_TH_29,10.005979393249376,-20.623886127132252,36.52557777647658,17.885082631321747,high,high_temperature,GZ_TH,20260717
20260717_GZ_TH_30,15.126731248628342,-5.006657279208482,36.52557777647658,17.885082631321747,high,high_temperature,GZ_TH,20260717
20260717_GZ_TH_31,23.846120157356957,6.515376113007799,36.52557777647658,17.885082631321747,high,high_temperature,GZ_TH,20260717
20260717_GZ_TH_32,11.17479281045345,12.878897645456854,36.52557777647658,17.885082631321747,high,high_temperature,GZ_TH,20260717
20260717_GZ_TH_33,14.355246580017491,-8.17053320454595,36.52557777647658,17.885082631321747,high,high_temperature,GZ_TH,20260717
20260717_GZ_TH_35,17.693338300403074,0.8311570029916727,36.52557777647658,17.885082631321747,high,high_temperature,GZ_TH,20260717
20260717_GZ_TH_36,24.307522688628286,20.301954908903806,36.52557777647658,17.885082631321747,control,high_temperature,GZ_TH,20260717
20260717_GZ_TH_37,21.155660631189487,2.6068554853170087,36.52557777647658,17.885082631321747,control,high_temperature,GZ_TH,20260717
20260717_GZ_TH_38,23.354162482073654,23.63990217698149,36.52557777647658,17.885082631321747,high,high_temperature,GZ_TH,20260717
20260717_GZ_TH_39,8.923776719898502,0.8083638248281259,36.52557777647658,17.885082631321747,high,high_temperature,GZ_TH,20260717
20260717_GZ_TH_40,25.797667484301098,-0.6782649706007108,36.52557777647658,17.885082631321747,high,high_temperature,GZ_TH,20260717
20260717_GZ_TH_41,21.807162597968322,2.6302215975369116,36.52557777647658,17.885082631321747,high,high_temperature,GZ_TH,20260717
20260717_GZ_TH_42,23.14987464821617,-6.298401066879924,36.52557777647658,17.885082631321747,control,high_temperature,GZ_TH,20260717
20260717_GZ_TH_43,21.2010494016994,12.125419584085218,36.52557777647658,17.885082631321747,control,high_temperature,GZ_TH,20260717
20260717_GZ_TH_44,23.2496779676414,-6.250584350420055,36.52557777647658,17.885082631321747,control,high_temperature,GZ_TH,20260717
20260717_GZ_TH_45,23.789217208517698,23.323504242804912,36.52557777647658,17.885082631321747,control,high_temperature,GZ_TH,20260717
20260717_GZ_TH_46,21.273212519073773,-1.4671102157513731,36.52557777647658,17.885082631321747,low,high_temperature,GZ_TH,20260717
20260717_GZ_TH_47,7.645859115443232,-0.36420320336251916,36.52557777647658,17.885082631321747,low,high_temperature,GZ_TH,20260717
20260717_GZ_TH_48,18.80911507289578,-7.755783580856995,36.52557777647658,17.885082631321747,high,high_temperature,GZ_TH,20260717
20260717_GZ_TH_49,12.20175099906535,3.3656487177923333,36.52557777647658,17.885082631321747,control,high_temperature,GZ_TH,20260717
20260717_GZ_TH_50,22.219122226464165,21.591050370843092,36.52557777647658,17.885082631321747,control,high_temperature,GZ_TH,20260717
20260717_GZ_TH_51,19.285469162705198,-1.9600693993085598,36.52557777647658,17.885082631321747,control,high_temperature,GZ_TH,20260717
20260717_GZ_TH_53,26.703585055890755,-1.4080306560655838,36.52557777647658,17.885082631321747,control,high_temperature,GZ_TH,20260717
20260717_GZ_TH_54,12.85164620591879,-9.863966808139656,36.52557777647658,17.885082631321747,control,high_temperature,GZ_TH,20260717
20260717_GZ_TH_55,23.937036815366277,-7.4065702011237295,36.52557777647658,17.885082631321747,control,high_temperature,GZ_TH,20260717
20260717_GZ_TH_57,20.5726164182977,-7.57183090190823,36.52557777647658,17.885082631321747,control,high_temperature,GZ_TH,20260717
20260717_GZ_TH_58,14.910243338494551,-0.5280342534631732,36.52557777647658,17.885082631321747,control,high_temperature,GZ_TH,20260717
20260717_GZ_TH_59,23.301284949104684,14.42227821560339,36.52557777647658,17.885082631321747,control,high_temperature,GZ_TH,20260717
20260717_GZ_TH_61,19.542918247744502,-1.123928591885112,36.52557777647658,17.885082631321747,control,high_temperature,GZ_TH,20260717
20260717_GZ_TH_62,22.95596902532565,-4.41410236969127,36.52557777647658,17.885082631321747,low,high_temperature,GZ_TH,20260717
20260717_GZ_TH_63,21.46826329433459,-2.8106890637366138,36.52557777647658,17.885082631321747,control,high_temperature,GZ_TH,20260717
20260717_GZ_TH_64,22.648459218447602,-7.7666895245579415,36.52557777647658,17.885082631321747,control,high_temperature,GZ_TH,20260717
20260717_GZ_TH_65,26.37829208373267,-5.203628163887516,36.52557777647658,17.885082631321747,control,high_temperature,GZ_TH,20260717
20260717_GZ_TH_66,20.47191110433167,-1.897420556247116,36.52557777647658,17.885082631321747,control,high_temperature,GZ_TH,20260717
20260717_GZ_TH_67,21.757516978518886,-10.15185115347928,36.52557777647658,17.885082631321747,control,high_temperature,GZ_TH,20260717
20260717_GZ_TH_68,24.227651326447276,1.287200904340679,36.52557777647658,17.885082631321747,control,high_temperature,GZ_TH,20260717
20260717_GZ_TH_69,29.644546824560063,-6.994538412094602,36.52557777647658,17.885082631321747,control,high_temperature,GZ_TH,20260717
20260717_GZ_TH_70,22.677622219631104,-8.502006848608154,36.52557777647658,17.885082631321747,control,high_temperature,GZ_TH,20260717
20260717_GZ_TH_71,29.37466798724142,-8.393796286806712,36.52557777647658,17.885082631321747,control,high_temperature,GZ_TH,20260717
20260717_GZ_TH_72,19.05427855262102,-9.320330592186812,36.52557777647658,17.885082631321747,control,high_temperature,GZ_TH,20260717
20260717_GZ_TH_73,29.776801861832368,-9.54286452766853,36.52557777647658,17.885082631321747,control,high_temperature,GZ_TH,20260717
20260717_GZ_TH_74,27.611488026028347,13.61613750624428,36.52557777647658,17.885082631321747,control,high_temperature,GZ_TH,20260717
20260717_GZ_TH_75,32.19691451538471,-6.652920941083645,36.52557777647658,17.885082631321747,control,high_temperature,GZ_TH,20260717
20260717_GZ_TH_76,20.116389525269852,-5.843805209000635,36.52557777647658,17.885082631321747,control,high_temperature,GZ_TH,20260717
20260717_GZ_TH_77,24.19231019903651,-4.905817372562114,36.52557777647658,17.885082631321747,control,high_temperature,GZ_TH,20260717
20260717_GZ_TH_78,16.62381322418344,-5.888344122698891,36.52557777647658,17.885082631321747,control,high_temperature,GZ_TH,20260717
20260717_GZ_TH_79,24.92396346338083,-2.988393038497498,36.52557777647658,17.885082631321747,control,high_temperature,GZ_TH,20260717
20260717_GZ_TH_80,18.482737117529076,-8.664741758501869,36.52557777647658,17.885082631321747,control,high_temperature,GZ_TH,20260717
20260717_GZ_TH_87,24.593504840492244,1.762721415826689,36.52557777647658,17.885082631321747,low,high_temperature,GZ_TH,20260717
20260717_GZ_TH_88,27.055677213736338,6.801095645425827,36.52557777647658,17.885082631321747,control,high_temperature,GZ_TH,20260717
20260717_GZ_TH_89,18.050124043408886,-1.7516787787266317,36.52557777647658,17.885082631321747,low,high_temperature,GZ_TH,20260717
20260717_GZ_TH_90,24.43025794473029,-2.2331943133838514,36.52557777647658,17.885082631321747,high,high_temperature,GZ_TH,20260717
20260717_GZ_TH_93,19.332420717965892,3.5526880850715585,36.52557777647658,17.885082631321747,low,high_temperature,GZ_TH,20260717
20260717_GZ_TH_94,16.94341270467387,-0.9717952928577389,36.52557777647658,17.885082631321747,low,high_temperature,GZ_TH,20260717
20260717_GZ_TH_95,20.185097252983315,-1.2862574999000305,36.52557777647658,17.885082631321747,low,high_temperature,GZ_TH,20260717
20260717_GZ_TH_96,15.164858725801674,5.2451025031400995,36.52557777647658,17.885082631321747,low,high_temperature,GZ_TH,20260717
20260717_GZ_TH_98,26.852918830439556,28.48512032470263,36.52557777647658,17.885082631321747,low,high_temperature,GZ_TH,20260717
20260717_GZ_TH_99,18.48979895466303,9.732361570711223,36.52557777647658,17.885082631321747,low,high_temperature,GZ_TH,20260717
20260717_GZ_TH_100,21.849527588140134,-2.2655673507630802,36.52557777647658,17.885082631321747,low,high_temperature,GZ_TH,20260717
20260717_GZ_TH_101,15.468014483045014,-3.329634762144039,36.52557777647658,17.885082631321747,low,high_temperature,GZ_TH,20260717
20260717_GZ_TH_102,16.623983227829548,-0.7347952412225148,36.52557777647658,17.885082631321747,low,high_temperature,GZ_TH,20260717
20260717_GZ_TH_103,10.945431092397184,-5.222783198071511,36.52557777647658,17.885082631321747,low,high_temperature,GZ_TH,20260717
20260717_GZ_TH_104,19.707284149146545,17.74064330894009,36.52557777647658,17.885082631321747,low,high_temperature,GZ_TH,20260717
20260717_GZ_TH_106,18.26871315145946,4.588143713690385,36.52557777647658,17.885082631321747,low,high_temperature,GZ_TH,20260717
20260717_GZ_TH_107,27.296012722041837,-2.7587062127452624,36.52557777647658,17.885082631321747,high,high_temperature,GZ_TH,20260717
20260717_GZ_TH_108,22.626659951602893,-3.3356509933683522,36.52557777647658,17.885082631321747,high,high_temperature,GZ_TH,20260717
20260717_GZ_TH_109,14.62909224141395,18.833471526005546,36.52557777647658,17.885082631321747,high,high_temperature,GZ_TH,20260717
20260717_GZ_TH_110,23.243833694932032,-1.1337891465775733,36.52557777647658,17.885082631321747,control,high_temperature,GZ_TH,20260717
20260717_GZ_TH_111,16.324643195566416,20.290219281114233,36.52557777647658,17.885082631321747,high,high_temperature,GZ_TH,20260717
20260717_GZ_TH_112,21.857758986720704,7.057017293218525,36.52557777647658,17.885082631321747,high,high_temperature,GZ_TH,20260717
20260717_GZ_TH_114,31.612264224359805,-4.622882043933162,36.52557777647658,17.885082631321747,high,high_temperature,GZ_TH,20260717
20260717_GZ_TH_115,19.67532197816528,-6.655991844920312,36.52557777647658,17.885082631321747,high,high_temperature,GZ_TH,20260717
20260717_GZ_TH_117,16.130818686528784,-3.9772739152637984,36.52557777647658,17.885082631321747,control,high_temperature,GZ_TH,20260717
20260717_GZ_TH_118,24.935086039575232,15.675299422563217,36.52557777647658,17.885082631321747,control,high_temperature,GZ_TH,20260717
20260717_GZ_TH_119,14.755291862475953,-4.801955103144226,36.52557777647658,17.885082631321747,high,high_temperature,GZ_TH,20260717
20260717_GZ_TH_120,25.372528473303063,-3.1762154939065312,36.52557777647658,17.885082631321747,high,high_temperature,GZ_TH,20260717
20260717_GZ_TH_121,21.837069203189337,2.6057147584213967,36.52557777647658,17.885082631321747,control,high_temperature,GZ_TH,20260717
20260717_GZ_TH_122,13.861212548962905,-1.5432971558665056,36.52557777647658,17.885082631321747,high,high_temperature,GZ_TH,20260717
20260717_GZ_TH_123,23.163648771388296,10.771420942707177,36.52557777647658,17.885082631321747,high,high_temperature,GZ_TH,20260717
20260717_GZ_TH_124,15.675508031387125,1.859026776619682,36.52557777647658,17.885082631321747,high,high_temperature,GZ_TH,20260717
20260717_GZ_TH_125,24.11070844280068,-1.897262335348533,36.52557777647658,17.885082631321747,high,high_temperature,GZ_TH,20260717
20260717_GZ_TH_126,23.796073173799577,5.675092883097727,36.52557777647658,17.885082631321747,high,high_temperature,GZ_TH,20260717
20260717_GZ_TH_128,18.04044612409974,12.699857929871685,36.52557777647658,17.885082631321747,high,high_temperature,GZ_TH,20260717
20260717_GZ_TH_129,18.570254364352728,-1.6854465124312032,36.52557777647658,17.885082631321747,high,high_temperature,GZ_TH,20260717
20260717_GZ_TH_131,14.706993135173077,18.01111283662997,36.52557777647658,17.885082631321747,high,high_temperature,GZ_TH,20260717
20260717_GZ_TH_132,21.019897144154626,26.442150999322852,36.52557777647658,17.885082631321747,high,high_temperature,GZ_TH,20260717
20260717_GZ_TH_133,21.25406441741345,21.1033561488101,36.52557777647658,17.885082631321747,high,high_temperature,GZ_TH,20260717
20260717_GZ_TH_134,29.678305574345327,37.30004377845633,36.52557777647658,17.885082631321747,high,high_temperature,GZ_TH,20260717
20260717_GZ_TH_137,28.588372098135913,33.96705609709912,36.52557777647658,17.885082631321747,high,high_temperature,GZ_TH,20260717
20260717_GZ_TH_138,19.123175554200305,8.118682465220294,36.52557777647658,17.885082631321747,high,high_temperature,GZ_TH,20260717
20260717_GZ_TH_143,17.703960871737465,5.7757004159347245,36.52557777647658,17.885082631321747,low,high_temperature,GZ_TH,20260717
20260717_GZ_TH_144,13.493852586513482,1.2881495269895131,36.52557777647658,17.885082631321747,control,high_temperature,GZ_TH,20260717
20260717_GZ_TH_147,26.41638652998237,12.375050846435823,36.52557777647658,17.885082631321747,low,high_temperature,GZ_TH,20260717
20260717_GZ_TH_148,15.17069914306333,5.061767017525449,36.52557777647658,17.885082631321747,low,high_temperature,GZ_TH,20260717
20260717_GZ_TH_149,9.615666448337079,9.102271092389977,36.52557777647658,17.885082631321747,low,high_temperature,GZ_TH,20260717
20260717_GZ_TH_150,10.546644024829124,-1.118722228700335,36.52557777647658,17.885082631321747,low,high_temperature,GZ_TH,20260717
