level,category,samples,threshold_pct,minimum_detected_samples,protein_groups,pct_of_all_protein_groups,detected_at_least_one_sample
overall,Overall,519,1,6,3789,99.26643961226094,3817
overall,Overall,519,10,52,3420,89.59916164527115,3817
overall,Overall,519,20,104,2948,77.23342939481267,3817
overall,Overall,519,30,156,2560,67.06837830757138,3817
overall,Overall,519,40,208,2240,58.68483101912497,3817
overall,Overall,519,50,260,2003,52.475766308619335,3817
overall,Overall,519,60,312,1760,46.10951008645533,3817
overall,Overall,519,70,364,1510,39.55986376735656,3817
overall,Overall,519,80,416,1305,34.189153785695574,3817
overall,Overall,519,90,468,1030,26.984542834686927,3817
overall,Overall,519,100,519,481,12.60151951794603,3817
condition,high_stress,239,1,3,3790,99.29263819753733,3815
condition,high_stress,239,10,24,3489,91.40686402934242,3815
condition,high_stress,239,20,48,3042,79.69609641079381,3815
condition,high_stress,239,30,72,2651,69.45244956772333,3815
condition,high_stress,239,40,96,2298,60.20434896515589,3815
condition,high_stress,239,50,120,2040,53.44511396384595,3815
condition,high_stress,239,60,144,1801,47.18365208278753,3815
condition,high_stress,239,70,168,1555,40.73880010479434,3815
condition,high_stress,239,80,192,1323,34.660728320670685,3815
condition,high_stress,239,90,216,1052,27.560911710767616,3815
condition,high_stress,239,100,239,569,14.906995022268799,3815
condition,high_temperature,280,1,3,3775,98.89965941839141,3810
condition,high_temperature,280,10,28,3301,86.48152999738015,3810
condition,high_temperature,280,20,56,2850,74.66596803772596,3810
condition,high_temperature,280,30,84,2481,64.99869007073617,3810
condition,high_temperature,280,40,112,2177,57.03432014671208,3810
condition,high_temperature,280,50,140,1965,51.480220068116324,3810
condition,high_temperature,280,60,168,1743,45.664134136756616,3810
condition,high_temperature,280,70,196,1512,39.612260937909355,3810
condition,high_temperature,280,80,224,1291,33.82237359182604,3810
condition,high_temperature,280,90,252,1048,27.456117369662035,3810
condition,high_temperature,280,100,280,524,13.728058684831018,3810
group,FJ_FQ,70,1,1,3713,97.2753471312549,3713
group,FJ_FQ,70,10,7,3158,82.73513230285565,3713
group,FJ_FQ,70,20,14,2739,71.75792507204612,3713
group,FJ_FQ,70,30,21,2419,63.37437778359969,3713
group,FJ_FQ,70,40,28,2173,56.929525805606495,3713
group,FJ_FQ,70,50,35,1948,51.03484411841761,3713
group,FJ_FQ,70,60,42,1768,46.31909876866649,3713
group,FJ_FQ,70,70,49,1596,41.81294210112654,3713
group,FJ_FQ,70,80,56,1392,36.46843070474194,3713
group,FJ_FQ,70,90,63,1161,30.41655750589468,3713
group,FJ_FQ,70,100,70,681,17.841236573225046,3713
group,FJ_PT,26,1,1,3723,97.53733298401886,3723
group,FJ_PT,26,10,3,3542,92.79538904899135,3723
group,FJ_PT,26,20,6,3255,85.27639507466597,3723
group,FJ_PT,26,30,8,3086,80.8488341629552,3723
group,FJ_PT,26,40,11,2853,74.74456379355516,3723
group,FJ_PT,26,50,13,2690,70.47419439350276,3723
group,FJ_PT,26,60,16,2477,64.8938957296306,3723
group,FJ_PT,26,70,19,2255,59.0778097982709,3723
group,FJ_PT,26,80,21,2083,54.571653130730944,3723
group,FJ_PT,26,90,24,1793,46.97406340057637,3723
group,FJ_PT,26,100,26,1376,36.04925334031962,3723
group,FJ_QZ,61,1,1,3686,96.56798532879225,3686
group,FJ_QZ,61,10,7,3080,80.69164265129683,3686
group,FJ_QZ,61,20,13,2729,71.49593921928215,3686
group,FJ_QZ,61,30,19,2472,64.76290280324862,3686
group,FJ_QZ,61,40,25,2244,58.789625360230545,3686
group,FJ_QZ,61,50,31,2061,53.995284254650244,3686
group,FJ_QZ,61,60,37,1902,49.82970919570343,3686
group,FJ_QZ,61,70,43,1735,45.45454545454545,3686
group,FJ_QZ,61,80,49,1556,40.76499869007073,3686
group,FJ_QZ,61,90,55,1326,34.73932407649987,3686
group,FJ_QZ,61,100,61,891,23.34293948126801,3686
group,GZ_TH,123,1,2,3734,97.8255174220592,3774
group,GZ_TH,123,10,13,3166,82.94472098506681,3774
group,GZ_TH,123,20,25,2614,68.48310191249672,3774
group,GZ_TH,123,30,37,2257,59.130206968823686,3774
group,GZ_TH,123,40,50,1961,51.375425727010736,3774
group,GZ_TH,123,50,62,1741,45.61173696620383,3774
group,GZ_TH,123,60,74,1525,39.95284254650249,3774
group,GZ_TH,123,70,87,1346,35.26329578202777,3774
group,GZ_TH,123,80,99,1177,30.835734870317005,3774
group,GZ_TH,123,90,111,984,25.77940791197275,3774
group,GZ_TH,123,100,123,570,14.933193607545192,3774
group,XZ_GG,143,1,2,3762,98.55907780979827,3790
group,XZ_GG,143,10,15,3258,85.35499083049515,3790
group,XZ_GG,143,20,29,2736,71.67932931621692,3790
group,XZ_GG,143,30,43,2355,61.697668325910406,3790
group,XZ_GG,143,40,58,2067,54.15247576630862,3790
group,XZ_GG,143,50,72,1837,48.126801152737755,3790
group,XZ_GG,143,60,86,1625,42.572701074141996,3790
group,XZ_GG,143,70,101,1407,36.86140948388787,3790
group,XZ_GG,143,80,115,1226,32.11946554886036,3790
group,XZ_GG,143,90,129,994,26.041393764736704,3790
group,XZ_GG,143,100,143,600,15.719151165837046,3790
group,XZ_YA,22,1,1,3643,95.44144616190727,3643
group,XZ_YA,22,10,3,3374,88.39402672255699,3643
group,XZ_YA,22,20,5,3117,81.66099030652344,3643
group,XZ_YA,22,30,7,2870,75.18993974325386,3643
group,XZ_YA,22,40,9,2642,69.21666230023578,3643
group,XZ_YA,22,50,11,2422,63.45297353942887,3643
group,XZ_YA,22,60,14,2103,55.095624836258835,3643
group,XZ_YA,22,70,16,1892,49.56772334293948,3643
group,XZ_YA,22,80,18,1654,43.332460047157454,3643
group,XZ_YA,22,90,20,1404,36.782813728058684,3643
group,XZ_YA,22,100,22,984,25.77940791197275,3643
group,XZ_YB,12,1,1,3591,94.0791197275347,3591
group,XZ_YB,12,10,2,3370,88.2892323814514,3591
group,XZ_YB,12,20,3,3154,82.63033796175007,3591
group,XZ_YB,12,30,4,2972,77.86219544144616,3591
group,XZ_YB,12,40,5,2799,73.32984018862982,3591
group,XZ_YB,12,50,6,2638,69.11186795913021,3591
group,XZ_YB,12,60,8,2285,59.86376735656275,3591
group,XZ_YB,12,70,9,2158,56.53654702646057,3591
group,XZ_YB,12,80,10,1994,52.239979041131775,3591
group,XZ_YB,12,90,11,1805,47.28844642389311,3591
group,XZ_YB,12,100,12,1521,39.84804820539691,3591
group,XZ_YC,34,1,1,3693,96.75137542572702,3693
group,XZ_YC,34,10,4,3345,87.63426774954152,3693
group,XZ_YC,34,20,7,3071,80.45585538380926,3693
group,XZ_YC,34,30,11,2741,71.8103222425989,3693
group,XZ_YC,34,40,14,2532,66.33481791983233,3693
group,XZ_YC,34,50,17,2320,60.78071784123657,3693
group,XZ_YC,34,60,21,2051,53.7332984018863,3693
group,XZ_YC,34,70,24,1877,49.17474456379355,3693
group,XZ_YC,34,80,28,1615,42.31071522137805,3693
group,XZ_YC,34,90,31,1387,36.33743777835997,3693
group,XZ_YC,34,100,34,910,23.840712601519517,3693
group,XZ_YD,28,1,1,3781,99.05685093004978,3781
group,XZ_YD,28,10,3,3677,96.33219806130468,3781
group,XZ_YD,28,20,6,3498,91.64265129682997,3781
group,XZ_YD,28,30,9,3123,81.81818181818183,3781
group,XZ_YD,28,40,12,2731,71.54833638983494,3781
group,XZ_YD,28,50,14,2479,64.9462929001834,3781
group,XZ_YD,28,60,17,2181,57.13911448781766,3781
group,XZ_YD,28,70,20,1904,49.882106366256224,3781
group,XZ_YD,28,80,23,1647,43.14906995022269,3781
group,XZ_YD,28,90,26,1307,34.24155095624836,3781
group,XZ_YD,28,100,28,992,25.988996594183916,3781
TREAT1_clean,control,153,1,2,3779,99.004453759497,3797
TREAT1_clean,control,153,10,16,3381,88.57741681949175,3797
TREAT1_clean,control,153,20,31,2924,76.6046633481792,3797
TREAT1_clean,control,153,30,46,2546,66.70159811370186,3797
TREAT1_clean,control,153,40,62,2218,58.10846214304427,3797
TREAT1_clean,control,153,50,77,2014,52.76395074665968,3797
TREAT1_clean,control,153,60,92,1770,46.37149593921928,3797
TREAT1_clean,control,153,70,108,1531,40.110034058160856,3797
TREAT1_clean,control,153,80,123,1311,34.34634529735394,3797
TREAT1_clean,control,153,90,138,1065,27.901493319360753,3797
TREAT1_clean,control,153,100,153,599,15.692952580560648,3797
TREAT1_clean,high,176,1,2,3777,98.95205658894419,3801
TREAT1_clean,high,176,10,18,3425,89.73015457165313,3801
TREAT1_clean,high,176,20,36,2936,76.91904637149594,3801
TREAT1_clean,high,176,30,53,2540,66.5444066020435,3801
TREAT1_clean,high,176,40,71,2220,58.16085931359707,3801
TREAT1_clean,high,176,50,88,1982,51.92559601781503,3801
TREAT1_clean,high,176,60,106,1715,44.930573749017555,3801
TREAT1_clean,high,176,70,124,1468,38.45952318574797,3801
TREAT1_clean,high,176,80,141,1245,32.61723866911187,3801
TREAT1_clean,high,176,90,159,986,25.831805082525545,3801
TREAT1_clean,high,176,100,176,515,13.492271417343463,3801
TREAT1_clean,low,186,1,2,3799,99.52842546502488,3815
TREAT1_clean,low,186,10,19,3395,88.94419701336128,3815
TREAT1_clean,low,186,20,38,2931,76.78805344511397,3815
TREAT1_clean,low,186,30,56,2564,67.17317264867697,3815
TREAT1_clean,low,186,40,75,2247,58.868221116059736,3815
TREAT1_clean,low,186,50,93,2023,52.99973801414723,3815
TREAT1_clean,low,186,60,112,1788,46.84307047419439,3815
TREAT1_clean,low,186,70,131,1548,40.55541000785958,3815
TREAT1_clean,low,186,80,149,1343,35.184700026198584,3815
TREAT1_clean,low,186,90,168,1075,28.163479172124706,3815
TREAT1_clean,low,186,100,186,570,14.933193607545192,3815
TREAT1_clean,unknown,4,1,1,3416,89.49436730416558,3416
TREAT1_clean,unknown,4,10,1,3416,89.49436730416558,3416
TREAT1_clean,unknown,4,20,1,3416,89.49436730416558,3416
TREAT1_clean,unknown,4,30,2,2790,73.09405292114226,3416
TREAT1_clean,unknown,4,40,2,2790,73.09405292114226,3416
TREAT1_clean,unknown,4,50,2,2790,73.09405292114226,3416
TREAT1_clean,unknown,4,60,3,2150,56.32695834424941,3416
TREAT1_clean,unknown,4,70,3,2150,56.32695834424941,3416
TREAT1_clean,unknown,4,80,4,1521,39.84804820539691,3416
TREAT1_clean,unknown,4,90,4,1521,39.84804820539691,3416
TREAT1_clean,unknown,4,100,4,1521,39.84804820539691,3416
MS_batch_proxy,20250913,50,1,1,3658,95.83442494105319,3658
MS_batch_proxy,20250913,50,10,5,3170,83.04951532617238,3658
MS_batch_proxy,20250913,50,20,10,2797,73.27744301807702,3658
MS_batch_proxy,20250913,50,30,15,2518,65.9680377259628,3658
MS_batch_proxy,20250913,50,40,20,2278,59.68037725962798,3658
MS_batch_proxy,20250913,50,50,25,2105,55.14802200681164,3658
MS_batch_proxy,20250913,50,60,30,1936,50.720461095100866,3658
MS_batch_proxy,20250913,50,70,35,1769,46.34529735394289,3658
MS_batch_proxy,20250913,50,80,40,1593,41.734346345297354,3658
MS_batch_proxy,20250913,50,90,45,1360,35.6300759758973,3658
MS_batch_proxy,20250913,50,100,50,932,24.41708147760021,3658
MS_batch_proxy,20250914,70,1,1,3756,98.4018862981399,3756
MS_batch_proxy,20250914,70,10,7,3386,88.70840974587372,3756
MS_batch_proxy,20250914,70,20,14,3046,79.8008907518994,3756
MS_batch_proxy,20250914,70,30,21,2740,71.78412365732251,3756
MS_batch_proxy,20250914,70,40,28,2486,65.12968299711815,3756
MS_batch_proxy,20250914,70,50,35,2228,58.37044799580823,3756
MS_batch_proxy,20250914,70,60,42,2010,52.6591564055541,3756
MS_batch_proxy,20250914,70,70,49,1789,46.86926905947079,3756
MS_batch_proxy,20250914,70,80,56,1553,40.68640293424155,3756
MS_batch_proxy,20250914,70,90,63,1279,33.5079905685093,3756
MS_batch_proxy,20250914,70,100,70,716,18.758187057898873,3756
MS_batch_proxy,20251001,118,1,2,3766,98.66387215090386,3789
MS_batch_proxy,20251001,118,10,12,3501,91.72124705265917,3789
MS_batch_proxy,20251001,118,20,24,3129,81.97537332984018,3789
MS_batch_proxy,20251001,118,30,36,2789,73.06785433586586,3789
MS_batch_proxy,20251001,118,40,48,2511,65.78464762902804,3789
MS_batch_proxy,20251001,118,50,59,2286,59.889965941839144,3789
MS_batch_proxy,20251001,118,60,71,2039,53.41891537856955,3789
MS_batch_proxy,20251001,118,70,83,1801,47.18365208278753,3789
MS_batch_proxy,20251001,118,80,95,1574,41.236573225045845,3789
MS_batch_proxy,20251001,118,90,107,1251,32.77443018077024,3789
MS_batch_proxy,20251001,118,100,118,717,18.78438564317527,3789
MS_batch_proxy,20251026,12,1,1,3251,85.1716007335604,3251
MS_batch_proxy,20251026,12,10,2,2904,76.0806916426513,3251
MS_batch_proxy,20251026,12,20,3,2617,68.5616976683259,3251
MS_batch_proxy,20251026,12,30,4,2404,62.98139900445376,3251
MS_batch_proxy,20251026,12,40,5,2239,58.65863243384857,3251
MS_batch_proxy,20251026,12,50,6,2069,54.20487293686141,3251
MS_batch_proxy,20251026,12,60,8,1796,47.052659156405554,3251
MS_batch_proxy,20251026,12,70,9,1664,43.5944458999214,3251
MS_batch_proxy,20251026,12,80,10,1529,40.05763688760807,3251
MS_batch_proxy,20251026,12,90,11,1358,35.57767880534451,3251
MS_batch_proxy,20251026,12,100,12,1157,30.311763164789102,3251
MS_batch_proxy,20251104,2,1,1,3068,80.3772596279801,3068
MS_batch_proxy,20251104,2,10,1,3068,80.3772596279801,3068
MS_batch_proxy,20251104,2,20,1,3068,80.3772596279801,3068
MS_batch_proxy,20251104,2,30,1,3068,80.3772596279801,3068
MS_batch_proxy,20251104,2,40,1,3068,80.3772596279801,3068
MS_batch_proxy,20251104,2,50,1,3068,80.3772596279801,3068
MS_batch_proxy,20251104,2,60,2,2447,64.10793817133876,3068
MS_batch_proxy,20251104,2,70,2,2447,64.10793817133876,3068
MS_batch_proxy,20251104,2,80,2,2447,64.10793817133876,3068
MS_batch_proxy,20251104,2,90,2,2447,64.10793817133876,3068
MS_batch_proxy,20251104,2,100,2,2447,64.10793817133876,3068
MS_batch_proxy,20251107,1,1,1,3463,90.72570081215613,3463
MS_batch_proxy,20251107,1,10,1,3463,90.72570081215613,3463
MS_batch_proxy,20251107,1,20,1,3463,90.72570081215613,3463
MS_batch_proxy,20251107,1,30,1,3463,90.72570081215613,3463
MS_batch_proxy,20251107,1,40,1,3463,90.72570081215613,3463
MS_batch_proxy,20251107,1,50,1,3463,90.72570081215613,3463
MS_batch_proxy,20251107,1,60,1,3463,90.72570081215613,3463
MS_batch_proxy,20251107,1,70,1,3463,90.72570081215613,3463
MS_batch_proxy,20251107,1,80,1,3463,90.72570081215613,3463
MS_batch_proxy,20251107,1,90,1,3463,90.72570081215613,3463
MS_batch_proxy,20251107,1,100,1,3463,90.72570081215613,3463
MS_batch_proxy,20260527,143,1,2,3762,98.55907780979827,3790
MS_batch_proxy,20260527,143,10,15,3258,85.35499083049515,3790
MS_batch_proxy,20260527,143,20,29,2736,71.67932931621692,3790
MS_batch_proxy,20260527,143,30,43,2355,61.697668325910406,3790
MS_batch_proxy,20260527,143,40,58,2067,54.15247576630862,3790
MS_batch_proxy,20260527,143,50,72,1837,48.126801152737755,3790
MS_batch_proxy,20260527,143,60,86,1625,42.572701074141996,3790
MS_batch_proxy,20260527,143,70,101,1407,36.86140948388787,3790
MS_batch_proxy,20260527,143,80,115,1226,32.11946554886036,3790
MS_batch_proxy,20260527,143,90,129,994,26.041393764736704,3790
MS_batch_proxy,20260527,143,100,143,600,15.719151165837046,3790
MS_batch_proxy,20260717,123,1,2,3734,97.8255174220592,3774
MS_batch_proxy,20260717,123,10,13,3166,82.94472098506681,3774
MS_batch_proxy,20260717,123,20,25,2614,68.48310191249672,3774
MS_batch_proxy,20260717,123,30,37,2257,59.130206968823686,3774
MS_batch_proxy,20260717,123,40,50,1961,51.375425727010736,3774
MS_batch_proxy,20260717,123,50,62,1741,45.61173696620383,3774
MS_batch_proxy,20260717,123,60,74,1525,39.95284254650249,3774
MS_batch_proxy,20260717,123,70,87,1346,35.26329578202777,3774
MS_batch_proxy,20260717,123,80,99,1177,30.835734870317005,3774
MS_batch_proxy,20260717,123,90,111,984,25.77940791197275,3774
MS_batch_proxy,20260717,123,100,123,570,14.933193607545192,3774
