Sheet1_position,Sheet1_raw_header,Resolution_method,metadata_index,metadata_excel_row,UniqueSampleID,进样时间,sample,condition,group,TREAT1,TREAT1_clean,TREAT2,Tube_Mixing,WoleBlood_oldTime,Plasma_HoldTime_h,Note,detected_protein_groups,missing_pct,MS_batch_proxy
1,20250913_Q3,P1_UNIQUE_NAME,96,98,20250913_FJ_QZ_Q3,20250913,Q3,湿热,FJ_QZ,low,low,low_sound,Normal,0,Unknown,,2133,44.11841760544931,20250913
2,20250913_Q4,P1_UNIQUE_NAME,97,99,20250913_FJ_QZ_Q4,20250913,Q4,湿热,FJ_QZ,contrl,control,low_sound,Normal,0,Unknown,,2384,37.54257270107414,20250913
3,20250913_Q12,P1_UNIQUE_NAME,98,100,20250913_FJ_QZ_Q12,20250913,Q12,湿热,FJ_QZ,contrl,control,low_sound,Normal,0,Unknown,,2023,47.00026198585277,20250913
4,20250913__Q13,P1_UNIQUE_NAME,99,101,20250913_FJ_QZ_Q13,20250913,Q13,湿热,FJ_QZ,contrl,control,low_sound,Normal,0,Unknown,,1891,50.45847524233691,20250913
5,20250913__Q14,P1_UNIQUE_NAME,100,102,20250913_FJ_QZ_Q14,20250913,Q14,湿热,FJ_QZ,contrl,control,low_sound,Normal,0,Unknown,,2425,36.46843070474194,20250913
6,20250913__Q15,P1_UNIQUE_NAME,101,103,20250913_FJ_QZ_Q15,20250913,Q15,湿热,FJ_QZ,contrl,control,low_sound,Normal,0,Unknown,,2273,40.450615666754,20250913
7,20250913__Q16,P1_UNIQUE_NAME,102,104,20250913_FJ_QZ_Q16,20250913,Q16,湿热,FJ_QZ,contrl,control,low_sound,Normal,0,Unknown,,1948,48.9651558815824,20250913
8,20250913__Q18_,P1_UNIQUE_NAME,103,105,20250913_FJ_QZ_Q18,20250913,Q18,湿热,FJ_QZ,contrl,control,low_sound,Normal,0,Unknown,,2233,41.4985590778098,20250913
9,20250913__Q20_,P1_UNIQUE_NAME,104,106,20250913_FJ_QZ_Q20,20250913,Q20,湿热,FJ_QZ,contrl,control,low_sound,Normal,0,Unknown,hemolysis observed,2366,38.01414723604925,20250913
10,20250913__Q21_,P1_UNIQUE_NAME,105,107,20250913_FJ_QZ_Q21,20250913,Q21,湿热,FJ_QZ,contrl,control,low_sound,Normal,0,Unknown,,2187,42.70369400052397,20250913
11,20250913__Q22_,P1_UNIQUE_NAME,106,108,20250913_FJ_QZ_Q22,20250913,Q22,湿热,FJ_QZ,contrl,control,low_sound,Normal,0,Unknown,,2306,39.58606235263296,20250913
12,20250913__Q23_,P1_UNIQUE_NAME,107,109,20250913_FJ_QZ_Q23,20250913,Q23,湿热,FJ_QZ,contrl,control,unkown,Normal,0,Unknown,,2063,45.95231857479696,20250913
13,20250913__Q25_,P1_UNIQUE_NAME,108,110,20250913_FJ_QZ_Q25,20250913,Q25,湿热,FJ_QZ,contrl,control,unkown,Normal,0,Unknown,,2365,38.04034582132565,20250913
14,20250913__Q26_,P1_UNIQUE_NAME,109,111,20250913_FJ_QZ_Q26,20250913,Q26,湿热,FJ_QZ,contrl,control,low_sound,Normal,0,Unknown,,2256,40.89599161645271,20250913
15,20250913__Q27_,P1_UNIQUE_NAME,110,112,20250913_FJ_QZ_Q27,20250913,Q27,湿热,FJ_QZ,contrl,control,low_sound,Normal,0,Unknown,,2379,37.67356562745612,20250913
16,20250913__Q28_,P1_UNIQUE_NAME,111,113,20250913_FJ_QZ_Q28,20250913,Q28,湿热,FJ_QZ,contrl,control,low_sound,Normal,0,Unknown,,2193,42.5465024888656,20250913
17,20250913__Q29_,P1_UNIQUE_NAME,112,114,20250913_FJ_QZ_Q29,20250913,Q29,湿热,FJ_QZ,contrl,control,low_sound,Normal,0,Unknown,,2218,41.89153785695572,20250913
18,20250913__Q31_,P1_UNIQUE_NAME,113,115,20250913_FJ_QZ_Q31,20250913,Q31,湿热,FJ_QZ,high,high,low_sound,Normal,0,Unknown,,2076,45.61173696620383,20250913
19,20250913__Q32_,P1_UNIQUE_NAME,114,116,20250913_FJ_QZ_Q32,20250913,Q32,湿热,FJ_QZ,high,high,low_sound,Normal,0,Unknown,,2158,43.46345297353943,20250913
20,20250913__Q33_,P1_UNIQUE_NAME,115,117,20250913_FJ_QZ_Q33,20250913,Q33,湿热,FJ_QZ,high,high,low_sound,Normal,0,Unknown,,2085,45.37594969871627,20250913
21,20250913__Q34_,P1_UNIQUE_NAME,116,118,20250913_FJ_QZ_Q34,20250913,Q34,湿热,FJ_QZ,high,high,low_sound,Normal,0,Unknown,,2111,44.69478648153,20250913
22,20250913__Q36_,P1_UNIQUE_NAME,117,119,20250913_FJ_QZ_Q36,20250913,Q36,湿热,FJ_QZ,low,low,unkown,Normal,0,Unknown,,2297,39.82184962012052,20250913
23,20250913__Q37_,P1_UNIQUE_NAME,118,120,20250913_FJ_QZ_Q37,20250913,Q37,湿热,FJ_QZ,high,high,low_sound,Normal,0,Unknown,,2057,46.10951008645533,20250913
24,20250913__Q38_,P1_UNIQUE_NAME,119,121,20250913_FJ_QZ_Q38,20250913,Q38,湿热,FJ_QZ,low,low,unkown,Normal,0,Unknown,,2020,47.07885774168195,20250913
25,20250913__Q39_,P1_UNIQUE_NAME,120,122,20250913_FJ_QZ_Q39,20250913,Q39,湿热,FJ_QZ,high,high,low_sound,Normal,0,Unknown,,2178,42.93948126801153,20250913
26,20250913__Q41_,P1_UNIQUE_NAME,121,123,20250913_FJ_QZ_Q41,20250913,Q41,湿热,FJ_QZ,high,high,low_sound,Normal,0,Unknown,,2575,32.538642913282686,20250913
27,20250913__Q42_,P1_UNIQUE_NAME,122,124,20250913_FJ_QZ_Q42,20250913,Q42,湿热,FJ_QZ,high,high,low_sound,Normal,0,Unknown,,2090,45.24495677233429,20250913
28,20250913__Q44_,P1_UNIQUE_NAME,123,125,20250913_FJ_QZ_Q44,20250913,Q44,湿热,FJ_QZ,low,low,low_sound,Normal,0,Unknown,,1930,49.43673041655751,20250913
29,20250913__Q45_,P1_UNIQUE_NAME,124,126,20250913_FJ_QZ_Q45,20250913,Q45,湿热,FJ_QZ,low,low,low_sound,Normal,0,Unknown,,2042,46.50248886560126,20250913
30,20250913__Q48_,P1_UNIQUE_NAME,125,127,20250913_FJ_QZ_Q48,20250913,Q48,湿热,FJ_QZ,low,low,low_sound,Normal,0,Unknown,,1695,55.59339795651035,20250913
31,20250913__Q49_,P1_UNIQUE_NAME,126,128,20250913_FJ_QZ_Q49,20250913,Q49,湿热,FJ_QZ,low,low,high_sound,Normal,0,Unknown,,2393,37.30678543358658,20250913
32,20250913__Q50_,P1_UNIQUE_NAME,127,129,20250913_FJ_QZ_Q50,20250913,Q50,湿热,FJ_QZ,contrl,control,low_sound,Normal,0,Unknown,,2249,41.07938171338748,20250913
33,20250913__Q52_,P1_UNIQUE_NAME,128,130,20250913_FJ_QZ_Q52,20250913,Q52,湿热,FJ_QZ,low,low,low_sound,Normal,0,Unknown,,1998,47.65522661776264,20250913
34,20250913__Q54_,P1_UNIQUE_NAME,129,131,20250913_FJ_QZ_Q54,20250913,Q54,湿热,FJ_QZ,contrl,control,high_sound,Normal,0,Unknown,,2027,46.89546764474719,20250913
35,20250913__Q55_,P1_UNIQUE_NAME,130,132,20250913_FJ_QZ_Q55,20250913,Q55,湿热,FJ_QZ,contrl,control,high_sound,Normal,0,Unknown,,2140,43.93502750851454,20250913
36,20250913__Q57_,P1_UNIQUE_NAME,131,133,20250913_FJ_QZ_Q57,20250913,Q57,湿热,FJ_QZ,contrl,control,high_sound,Normal,0,Unknown,,2102,44.93057374901756,20250913
37,20250913__Q58_,P1_UNIQUE_NAME,132,134,20250913_FJ_QZ_Q58,20250913,Q58,湿热,FJ_QZ,low,low,high_sound,Normal,0,Unknown,,2056,46.13570867173173,20250913
38,20250913__Q59_,P1_UNIQUE_NAME,133,135,20250913_FJ_QZ_Q59,20250913,Q59,湿热,FJ_QZ,low,low,high_sound,Normal,0,Unknown,,2357,38.24993450353681,20250913
39,20250913__Q60_,P1_UNIQUE_NAME,134,136,20250913_FJ_QZ_Q60,20250913,Q60,湿热,FJ_QZ,low,low,low_sound,Normal,0,Unknown,,2008,47.39324076499869,20250913
40,20250913__Q61_,P1_UNIQUE_NAME,135,137,20250913_FJ_QZ_Q61,20250913,Q61,湿热,FJ_QZ,contrl,control,high_sound,Normal,0,Unknown,,2004,47.49803510610427,20250913
41,20250913__Q62_,P1_UNIQUE_NAME,136,138,20250913_FJ_QZ_Q62,20250913,Q62,湿热,FJ_QZ,contrl,control,low_sound,Normal,0,Unknown,,2737,28.29447209850668,20250913
42,20250913__Q63_,P1_UNIQUE_NAME,137,139,20250913_FJ_QZ_Q63,20250913,Q63,湿热,FJ_QZ,contrl,control,high_sound,Normal,0,Unknown,,2212,42.0487293686141,20250913
43,20250913__Q65_,P1_UNIQUE_NAME,138,140,20250913_FJ_QZ_Q65,20250913,Q65,湿热,FJ_QZ,contrl,control,high_sound,Normal,0,Unknown,,2078,45.55933979565104,20250913
44,20250913__Q66_,P1_UNIQUE_NAME,139,141,20250913_FJ_QZ_Q66,20250913,Q66,湿热,FJ_QZ,low,low,low_sound,Normal,0,Unknown,,2385,37.51637411579775,20250913
45,20250913__Q67_,P1_UNIQUE_NAME,140,142,20250913_FJ_QZ_Q67,20250913,Q67,湿热,FJ_QZ,low,low,low_sound,Normal,0,Unknown,,2111,44.69478648153,20250913
46,20250913__Q68_,P1_UNIQUE_NAME,141,143,20250913_FJ_QZ_Q68,20250913,Q68,湿热,FJ_QZ,contrl,control,unkown,Normal,0,Unknown,,2014,47.23604925334032,20250913
47,20250913__Q69_,P1_UNIQUE_NAME,142,144,20250913_FJ_QZ_Q69,20250913,Q69,湿热,FJ_QZ,contrl,control,unkown,Normal,0,Unknown,,1670,56.24836258842022,20250913
48,20250913__Q70_,P1_UNIQUE_NAME,143,145,20250913_FJ_QZ_Q70,20250913,Q70,湿热,FJ_QZ,contrl,control,low_sound,Normal,0,Unknown,,2352,38.38092742991879,20250913
49,20250913__Q71_,P1_UNIQUE_NAME,144,146,20250913_FJ_QZ_Q71,20250913,Q71,湿热,FJ_QZ,contrl,control,unkown,Normal,0,Unknown,,2297,39.82184962012052,20250913
50,20250913__Q72_,P1_UNIQUE_NAME,145,147,20250913_FJ_QZ_Q72,20250913,Q72,湿热,FJ_QZ,low,low,low_sound,Normal,0,Unknown,,1874,50.90385119203563,20250913
52,20250914__F47,P1_UNIQUE_NAME,1,3,20250914_FJ_FQ_F47,20250914,F47,湿热,FJ_FQ,low,low,low_sound,Insufficient,2,Unknown,,2141,43.90882892323815,20250914
53,20250914__F51,P1_UNIQUE_NAME,2,4,20250914_FJ_FQ_F51,20250914,F51,湿热,FJ_FQ,low,low,low_sound,Insufficient,2,Unknown,,2308,39.53366518208017,20250914
54,20250914__F53,P1_UNIQUE_NAME,3,5,20250914_FJ_FQ_F53,20250914,F53,湿热,FJ_FQ,contrl,control,low_sound,Insufficient,2,Unknown,,2234,41.47236049253341,20250914
55,20250914__F54,P1_UNIQUE_NAME,4,6,20250914_FJ_FQ_F54,20250914,F54,湿热,FJ_FQ,low,low,low_sound,Insufficient,2,Unknown,,2353,38.35472884464239,20250914
56,20250914__F55,P1_UNIQUE_NAME,5,7,20250914_FJ_FQ_F55,20250914,F55,湿热,FJ_FQ,high,high,low_sound,Insufficient,2,Unknown,,2460,35.551480220068115,20250914
57,20250914__F56,P1_UNIQUE_NAME,6,8,20250914_FJ_FQ_F56,20250914,F56,湿热,FJ_FQ,contrl,control,unknown,Insufficient,2,Unknown,,2230,41.577154833638986,20250914
58,20250914__F57,P1_UNIQUE_NAME,7,9,20250914_FJ_FQ_F57,20250914,F57,湿热,FJ_FQ,low,low,low_sound,Insufficient,2,Unknown,,2766,27.534713125491223,20250914
59,20250914__F58,P1_UNIQUE_NAME,8,10,20250914_FJ_FQ_F58,20250914,F58,湿热,FJ_FQ,high,high,low_sound,Insufficient,2,Unknown,,2110,44.72098506680639,20250914
60,20250914__F62,P1_UNIQUE_NAME,9,11,20250914_FJ_FQ_F62,20250914,F62,湿热,FJ_FQ,high,high,low_sound,Insufficient,2,Unknown,,2093,45.16636101650511,20250914
61,20250914__F66,P1_UNIQUE_NAME,10,12,20250914_FJ_FQ_F66,20250914,F66,湿热,FJ_FQ,contrl,control,low_sound,Insufficient,2,Unknown,,2160,43.41105580298664,20250914
62,20250914__F69,P1_UNIQUE_NAME,11,13,20250914_FJ_FQ_F69,20250914,F69,湿热,FJ_FQ,high,high,low_sound,Insufficient,2,Unknown,,2048,46.34529735394289,20250914
63,20250914__F70,P1_UNIQUE_NAME,12,14,20250914_FJ_FQ_F70,20250914,F70,湿热,FJ_FQ,contrl,control,low_sound,Insufficient,2,Unknown,,2240,41.31516898087504,20250914
64,20250914__F71,P1_UNIQUE_NAME,13,15,20250914_FJ_FQ_F71,20250914,F71,湿热,FJ_FQ,high,high,low_sound,Insufficient,2,Unknown,,1891,50.45847524233691,20250914
65,20250914__F72,P1_UNIQUE_NAME,14,16,20250914_FJ_FQ_F72,20250914,F72,湿热,FJ_FQ,low,low,low_sound,Insufficient,2,Unknown,,2147,43.75163741157977,20250914
66,20250914__F74,P1_UNIQUE_NAME,15,17,20250914_FJ_FQ_F74,20250914,F74,湿热,FJ_FQ,low,low,low_sound,Insufficient,2,Unknown,,1939,49.20094314906995,20250914
67,20250914__F75,P1_UNIQUE_NAME,16,18,20250914_FJ_FQ_F75,20250914,F75,湿热,FJ_FQ,high,high,low_sound,Insufficient,2,Unknown,,2298,39.79565103484412,20250914
68,20250914__F77,P1_UNIQUE_NAME,17,19,20250914_FJ_FQ_F77,20250914,F77,湿热,FJ_FQ,low,low,low_sound,Insufficient,2,Unknown,,1199,68.58789625360231,20250914
69,20250914__F79,P1_UNIQUE_NAME,18,20,20250914_FJ_FQ_F79,20250914,F79,湿热,FJ_FQ,high,high,low_sound,Insufficient,2,Unknown,,2173,43.07047419439351,20250914
70,20250914__F81,P1_UNIQUE_NAME,19,21,20250914_FJ_FQ_F81,20250914,F81,湿热,FJ_FQ,high,high,low_sound,Insufficient,2,Unknown,,1727,54.7550432276657,20250914
71,20250914__F83,P1_UNIQUE_NAME,20,22,20250914_FJ_FQ_F83,20250914,F83,湿热,FJ_FQ,low,low,low_sound,Insufficient,2,Unknown,,2252,41.00078595755829,20250914
72,20250914__F84,P1_UNIQUE_NAME,21,23,20250914_FJ_FQ_F84,20250914,F84,湿热,FJ_FQ,low,low,low_sound,Insufficient,2,Unknown,,2215,41.97013361278491,20250914
73,20250914__F85,P1_UNIQUE_NAME,22,24,20250914_FJ_FQ_F85,20250914,F85,湿热,FJ_FQ,high,high,low_sound,Insufficient,2,Unknown,,1755,54.02148283992665,20250914
74,20250914__F88,P1_UNIQUE_NAME,23,25,20250914_FJ_FQ_F88,20250914,F88,湿热,FJ_FQ,high,high,low_sound,Insufficient,2,Unknown,,1786,53.2093266963584,20250914
75,20250914__F89,P1_UNIQUE_NAME,24,26,20250914_FJ_FQ_F89,20250914,F89,湿热,FJ_FQ,high,high,low_sound,Insufficient,2,Unknown,,1736,54.51925596017815,20250914
76,20250914__F93,P1_UNIQUE_NAME,25,27,20250914_FJ_FQ_F93,20250914,F93,湿热,FJ_FQ,low,low,low_sound,Insufficient,2,Unknown,,2065,45.89992140424417,20250914
77,20250914__F94,P1_UNIQUE_NAME,26,28,20250914_FJ_FQ_F94,20250914,F94,湿热,FJ_FQ,contrl,control,low_sound,Insufficient,2,Unknown,,1599,58.10846214304427,20250914
78,20250914__F102,P1_UNIQUE_NAME,27,29,20250914_FJ_FQ_F102,20250914,F102,湿热,FJ_FQ,high,high,low_sound,Insufficient,2,Unknown,,2170,43.14906995022269,20250914
79,20250914__F105,P1_UNIQUE_NAME,28,30,20250914_FJ_FQ_F105,20250914,F105,湿热,FJ_FQ,high,high,low_sound,Insufficient,2,Unknown,,2146,43.77783599685617,20250914
80,20250914__F106,P1_UNIQUE_NAME,29,31,20250914_FJ_FQ_F106,20250914,F106,湿热,FJ_FQ,high,high,low_sound,Insufficient,2,Unknown,,2228,41.62955200419177,20250914
81,20250914__F107,P1_UNIQUE_NAME,30,32,20250914_FJ_FQ_F107,20250914,F107,湿热,FJ_FQ,low,low,low_sound,Insufficient,2,Unknown,,2430,36.33743777835997,20250914
82,20250914__F110,P1_UNIQUE_NAME,31,33,20250914_FJ_FQ_F110,20250914,F110,湿热,FJ_FQ,high,high,low_sound,Insufficient,2,Unknown,,2109,44.74718365208279,20250914
83,20250914__F111,P1_UNIQUE_NAME,32,34,20250914_FJ_FQ_F111,20250914,F111,湿热,FJ_FQ,low,low,low_sound,Insufficient,2,Unknown,,1987,47.94341105580299,20250914
84,20250914__F118,P1_UNIQUE_NAME,33,35,20250914_FJ_FQ_F118,20250914,F118,湿热,FJ_FQ,low,low,low_sound,Insufficient,2,Unknown,,1973,48.31019124967252,20250914
85,20250914__F121,P1_UNIQUE_NAME,34,36,20250914_FJ_FQ_F121,20250914,F121,湿热,FJ_FQ,high,high,low_sound,Insufficient,2,Unknown,,1952,48.860361540476816,20250914
86,20250914__F122,P1_UNIQUE_NAME,35,37,20250914_FJ_FQ_F122,20250914,F122,湿热,FJ_FQ,high,high,low_sound,Insufficient,2,Unknown,,1751,54.12627718103222,20250914
87,20250914__F123,P1_UNIQUE_NAME,36,38,20250914_FJ_FQ_F123,20250914,F123,湿热,FJ_FQ,high,high,low_sound,Insufficient,2,Unknown,,2117,44.53759496987163,20250914
88,20250914__F124,P1_UNIQUE_NAME,37,39,20250914_FJ_FQ_F124,20250914,F124,湿热,FJ_FQ,high,high,low_sound,Insufficient,2,Unknown,,1924,49.59392192821588,20250914
89,20250914__F125,P1_UNIQUE_NAME,38,40,20250914_FJ_FQ_F125,20250914,F125,湿热,FJ_FQ,high,high,low_sound,Insufficient,2,Unknown,,1866,51.1134398742468,20250914
90,20250914__F126,P1_UNIQUE_NAME,39,41,20250914_FJ_FQ_F126,20250914,F126,湿热,FJ_FQ,high,high,low_sound,Insufficient,2,Unknown,,1302,65.88944197013362,20250914
91,20250914__F128,P1_UNIQUE_NAME,40,42,20250914_FJ_FQ_F128,20250914,F128,湿热,FJ_FQ,low,low,low_sound,Insufficient,2,Unknown,,2014,47.23604925334032,20250914
92,20250914__F129,P1_UNIQUE_NAME,41,43,20250914_FJ_FQ_F129,20250914,F129,湿热,FJ_FQ,high,high,low_sound,Insufficient,2,Unknown,,1666,56.3531569295258,20250914
93,20250914__F131,P1_UNIQUE_NAME,42,44,20250914_FJ_FQ_F131,20250914,F131,湿热,FJ_FQ,contrl,control,low_sound,Insufficient,2,Unknown,,1863,51.19203563007597,20250914
94,20250914__F135,P1_UNIQUE_NAME,43,45,20250914_FJ_FQ_F135,20250914,F135,湿热,FJ_FQ,high,high,low_sound,Insufficient,2,Unknown,,1851,51.50641865339272,20250914
95,20250914__F137,P1_UNIQUE_NAME,44,46,20250914_FJ_FQ_F137,20250914,F137,湿热,FJ_FQ,contrl,control,low_sound,Insufficient,2,Unknown,,2302,39.69085669373854,20250914
96,20250914__P2_,P1_UNIQUE_NAME,70,72,20250914_FJ_PT_P2,20250914,P2,湿热,FJ_PT,contrl,control,low_sound,Normal,>6,Unknown,,2717,28.818443804034583,20250914
97,20250914__P3,P1_UNIQUE_NAME,71,73,20250914_FJ_PT_P3,20250914,P3,湿热,FJ_PT,contrl,control,low_sound,Normal,>6,Unknown,,2830,25.85800366780194,20250914
98,20250914__P4,P1_UNIQUE_NAME,72,74,20250914_FJ_PT_P4,20250914,P4,湿热,FJ_PT,low,low,low_sound,Normal,>6,Unknown,,3106,18.627194131516895,20250914
99,20250914__P6,P1_UNIQUE_NAME,73,75,20250914_FJ_PT_P6,20250914,P6,湿热,FJ_PT,high,high,high_sound,Normal,>6,Unknown,,2898,24.076499869007076,20250914
100,20250914__P7,P1_UNIQUE_NAME,74,76,20250914_FJ_PT_P7,20250914,P7,湿热,FJ_PT,contrl,control,low_sound,Normal,>6,Unknown,,3059,19.858527639507468,20250914
101,20250914__P8,P1_UNIQUE_NAME,75,77,20250914_FJ_PT_P8,20250914,P8,湿热,FJ_PT,low,low,high_sound,Normal,>6,Unknown,,2785,27.03694000523972,20250914
102,20250914__P9,P1_UNIQUE_NAME,76,78,20250914_FJ_PT_P9,20250914,P9,湿热,FJ_PT,low,low,high_sound,Normal,>6,Unknown,,2866,24.914854597851715,20250914
103,20250914__P10,P1_UNIQUE_NAME,77,79,20250914_FJ_PT_P10,20250914,P10,湿热,FJ_PT,low,low,low_sound,Normal,>6,Unknown,,2723,28.66125229237621,20250914
104,20250914__P11,P1_UNIQUE_NAME,78,80,20250914_FJ_PT_P11,20250914,P11,湿热,FJ_PT,high,high,low_sound,Normal,>6,Unknown,hemolysis observed,2938,23.02855645795127,20250914
105,20250914__P13,P1_UNIQUE_NAME,79,81,20250914_FJ_PT_P13,20250914,P13,湿热,FJ_PT,low,low,low_sound,Normal,>6,Unknown,,2525,33.84857217710244,20250914
106,20250914__P15,P1_UNIQUE_NAME,80,82,20250914_FJ_PT_P15,20250914,P15,湿热,FJ_PT,low,low,low_sound,Normal,>6,Unknown,,2659,30.337961750065496,20250914
107,20250914__P17,P1_UNIQUE_NAME,81,83,20250914_FJ_PT_P17,20250914,P17,湿热,FJ_PT,high,high,low_sound,Normal,>6,Unknown,,2750,27.953890489913547,20250914
108,20250914__P18,P1_UNIQUE_NAME,82,84,20250914_FJ_PT_P18,20250914,P18,湿热,FJ_PT,high,high,high_sound,Normal,>6,Unknown,,2493,34.68692690594708,20250914
109,20250914__P19,P1_UNIQUE_NAME,83,85,20250914_FJ_PT_P19,20250914,P19,湿热,FJ_PT,high,high,high_sound,Normal,>6,Unknown,,2530,33.71757925072046,20250914
110,20250914__P20,P1_UNIQUE_NAME,84,86,20250914_FJ_PT_P20,20250914,P20,湿热,FJ_PT,low,low,high_sound,Normal,>6,Unknown,,2445,35.94445899921404,20250914
111,20250914__P21,P1_UNIQUE_NAME,85,87,20250914_FJ_PT_P21,20250914,P21,湿热,FJ_PT,high,high,high_sound,Normal,>6,Unknown,,2641,30.809536285040608,20250914
112,20250914__P22,P1_UNIQUE_NAME,86,88,20250914_FJ_PT_P22,20250914,P22,湿热,FJ_PT,low,low,high_sound,Normal,>6,Unknown,,2159,43.43725438826304,20250914
113,20250914__P23,P1_UNIQUE_NAME,87,89,20250914_FJ_PT_P23,20250914,P23,湿热,FJ_PT,low,low,high_sound,Normal,>6,Unknown,,2559,32.957820277705004,20250914
114,20250914__P24,P1_UNIQUE_NAME,88,90,20250914_FJ_PT_P24,20250914,P24,湿热,FJ_PT,high,high,high_sound,Normal,>6,Unknown,,2794,26.80115273775216,20250914
115,20250914__P25,P1_UNIQUE_NAME,89,91,20250914_FJ_PT_P25,20250914,P25,湿热,FJ_PT,low,low,low_sound,Normal,>6,Unknown,,2286,40.110034058160856,20250914
116,20250914__P26,P1_UNIQUE_NAME,90,92,20250914_FJ_PT_P26,20250914,P26,湿热,FJ_PT,high,high,high_sound,Normal,>6,Unknown,suspected hemolysis,2645,30.704741943935023,20250914
117,20250914__P27,P1_UNIQUE_NAME,91,93,20250914_FJ_PT_P27,20250914,P27,湿热,FJ_PT,high,high,high_sound,Normal,>6,Unknown,,2507,34.320146712077545,20250914
118,20250914__P29,P1_UNIQUE_NAME,92,94,20250914_FJ_PT_P29,20250914,P29,湿热,FJ_PT,high,high,high_sound,Normal,>6,Unknown,suspected hemolysis,2403,37.04479958082264,20250914
119,20250914__P30,P1_UNIQUE_NAME,93,95,20250914_FJ_PT_P30,20250914,P30,湿热,FJ_PT,high,high,high_sound,Normal,>6,Unknown,,2572,32.61723866911187,20250914
120,20250914__P33,P1_UNIQUE_NAME,94,96,20250914_FJ_PT_P33,20250914,P33,湿热,FJ_PT,high,high,high_sound,Normal,>6,Unknown,,2782,27.115535761068905,20250914
121,20251001_FJ_F83_,P1_UNIQUE_NAME,45,47,20251001_FJ_FQ_F83,20251001,F83,湿热,FJ_FQ,low,low,low_sound,Normal,2,Unknown,,1934,49.33193607545193,20251001
122,20251001_FJ_F95_,P1_UNIQUE_NAME,46,48,20251001_FJ_FQ_F95,20251001,F95,湿热,FJ_FQ,high,high,low_sound,Normal,2,Unknown,,1525,60.04715745349751,20251001
123,20251001_FJ_F97_,P1_UNIQUE_NAME,47,49,20251001_FJ_FQ_F97,20251001,F97,湿热,FJ_FQ,high,high,low_sound,Normal,2,Unknown,,1951,48.886560125753206,20251001
124,20251001_FJ_F105_,P1_UNIQUE_NAME,48,50,20251001_FJ_FQ_F105,20251001,F105,湿热,FJ_FQ,high,high,low_sound,Normal,2,Unknown,,1463,61.67146974063401,20251001
125,20251001_FJ_F120_,P1_UNIQUE_NAME,49,51,20251001_FJ_FQ_F120,20251001,F120,湿热,FJ_FQ,high,high,low_sound,Normal,2,Unknown,,1939,49.20094314906995,20251001
126,20251001_FJ_F136_,P1_UNIQUE_NAME,50,52,20251001_FJ_FQ_F136,20251001,F136,湿热,FJ_FQ,contrl,control,low_sound,Normal,2,Unknown,,1978,48.17919832329054,20251001
127,20251001_FJ_F141_,P1_UNIQUE_NAME,51,53,20251001_FJ_FQ_F141,20251001,F141,湿热,FJ_FQ,contrl,control,unkown,Normal,2,Unknown,,2198,42.41550956248363,20251001
128,20251001_FJ_F147_,P1_UNIQUE_NAME,52,54,20251001_FJ_FQ_F147,20251001,F147,湿热,FJ_FQ,high,high,low_sound,Normal,2,Unknown,,1756,53.99528425465024,20251001
129,20251001_FJ_F150_,P1_UNIQUE_NAME,53,55,20251001_FJ_FQ_F150,20251001,F150,湿热,FJ_FQ,contrl,control,low_sound,Normal,2,Unknown,,2126,44.30180770238408,20251001
130,20251001_FJ_F154_,P1_UNIQUE_NAME,54,56,20251001_FJ_FQ_F154,20251001,F154,湿热,FJ_FQ,high,high,unkown,Normal,2,Unknown,,2197,42.44170814776002,20251001
131,20251001_FJ_F158_,P1_UNIQUE_NAME,55,57,20251001_FJ_FQ_F158,20251001,F158,湿热,FJ_FQ,high,high,low_sound,Normal,2,Unknown,,1490,60.96410793817134,20251001
132,20251001_FJ_F163_,P1_UNIQUE_NAME,56,58,20251001_FJ_FQ_F163,20251001,F163,湿热,FJ_FQ,contrl,control,low_sound,Normal,2,Unknown,,1766,53.7332984018863,20251001
133,20251001_FJ_F165_,P1_UNIQUE_NAME,57,59,20251001_FJ_FQ_F165,20251001,F165,湿热,FJ_FQ,contrl,control,low_sound,Normal,2,Unknown,,1882,50.69426250982447,20251001
134,20251001_FJ_F168_,P1_UNIQUE_NAME,58,60,20251001_FJ_FQ_F168,20251001,F168,湿热,FJ_FQ,high,high,low_sound,Normal,2,Unknown,,1973,48.31019124967252,20251001
135,20251001_FJ_F170_,P1_UNIQUE_NAME,59,61,20251001_FJ_FQ_F170,20251001,F170,湿热,FJ_FQ,contrl,control,low_sound,Normal,2,Unknown,,2167,43.22766570605187,20251001
136,20251001_FJ_F173_,P1_UNIQUE_NAME,60,62,20251001_FJ_FQ_F173,20251001,F173,湿热,FJ_FQ,low,low,low_sound,Normal,2,Unknown,,2215,41.97013361278491,20251001
137,20251001_FJ_F174_,P1_UNIQUE_NAME,61,63,20251001_FJ_FQ_F174,20251001,F174,湿热,FJ_FQ,low,low,low_sound,Normal,2,Unknown,,1904,50.11789363374378,20251001
138,20251001_FJ_F175_,P1_UNIQUE_NAME,62,64,20251001_FJ_FQ_F175,20251001,F175,湿热,FJ_FQ,low,low,low_sound,Normal,2,Unknown,,1860,51.27063138590516,20251001
139,20251001_FJ_F176_,P1_UNIQUE_NAME,63,65,20251001_FJ_FQ_F176,20251001,F176,湿热,FJ_FQ,low,low,low_sound,Normal,2,Unknown,,2077,45.58553838092743,20251001
140,20251001_FJ_F177_,P1_UNIQUE_NAME,64,66,20251001_FJ_FQ_F177,20251001,F177,湿热,FJ_FQ,low,low,low_sound,Normal,2,Unknown,,2205,42.23211946554886,20251001
141,20251001_FJ_F180_,P1_UNIQUE_NAME,65,67,20251001_FJ_FQ_F180,20251001,F180,湿热,FJ_FQ,low,low,low_sound,Normal,2,Unknown,,2008,47.39324076499869,20251001
142,20251001_FJ_F183_,P1_UNIQUE_NAME,66,68,20251001_FJ_FQ_F183,20251001,F183,湿热,FJ_FQ,low,low,low_sound,Normal,2,Unknown,,2587,32.22425988996594,20251001
143,20251001_FJ_F185_,P1_UNIQUE_NAME,67,69,20251001_FJ_FQ_F185,20251001,F185,湿热,FJ_FQ,low,low,low_sound,Normal,2,Unknown,,2259,40.81739586062353,20251001
144,20251001_XZ_YA_1_,P1_UNIQUE_NAME,423,425,20251001_XZ_YA_1,20251001,1,高海拔,XZ_YA,low,low,low_sound,Normal,Unknown,4h,,2411,36.83521089861148,20251001
145,20251001_XZ_YA_2_,P1_UNIQUE_NAME,424,426,20251001_XZ_YA_2,20251001,2,高海拔,XZ_YA,low,low,low_sound,Normal,Unknown,4h,,2186,42.72989258580037,20251001
146,20251001_XZ_YA_3_,P1_UNIQUE_NAME,425,427,20251001_XZ_YA_3,20251001,3,高海拔,XZ_YA,low,low,low_sound,Normal,Unknown,4h,,2126,44.30180770238408,20251001
147,20251001_XZ_YA_4_,P1_UNIQUE_NAME,426,428,20251001_XZ_YA_4,20251001,4,高海拔,XZ_YA,low,low,low_sound,Normal,Unknown,4h,,1697,55.54100078595757,20251001
148,20251001_XZ_YA_5_,P1_UNIQUE_NAME,427,429,20251001_XZ_YA_5,20251001,5,高海拔,XZ_YA,low,low,low_sound,Normal,Unknown,4h,,2072,45.7165313073094,20251001
149,20251001_XZ_YA_6_,P1_UNIQUE_NAME,428,430,20251001_XZ_YA_6,20251001,6,高海拔,XZ_YA,low,low,low_sound,Normal,Unknown,4h,,2691,29.499607021220854,20251001
150,20251001_XZ_YA_7_,P1_UNIQUE_NAME,429,431,20251001_XZ_YA_7,20251001,7,高海拔,XZ_YA,low,low,high_sound,Normal,Unknown,4h,,1838,51.847000261985855,20251001
151,20251001_XZ_YA_8_,P1_UNIQUE_NAME,430,432,20251001_XZ_YA_8,20251001,8,高海拔,XZ_YA,low,low,low_sound,Normal,Unknown,4h,,2092,45.192559601781504,20251001
152,20251001_XZ_YA_9_,P1_UNIQUE_NAME,431,433,20251001_XZ_YA_9,20251001,9,高海拔,XZ_YA,low,low,low_sound,Normal,Unknown,4h,,2216,41.94393502750852,20251001
153,20251001_XZ_YA_10_,P1_UNIQUE_NAME,432,434,20251001_XZ_YA_10,20251001,10,高海拔,XZ_YA,low,low,low_sound,Normal,Unknown,4h,,2668,30.102174482577944,20251001
154,20251001_XZ_YA_11_,P1_UNIQUE_NAME,433,435,20251001_XZ_YA_11,20251001,11,高海拔,XZ_YA,low,low,low_sound,Normal,Unknown,4h,,2280,40.26722556981923,20251001
155,20251001_XZ_YA_12_,P1_UNIQUE_NAME,434,436,20251001_XZ_YA_12,20251001,12,高海拔,XZ_YA,low,low,low_sound,Normal,Unknown,4h,Suspected Hemolysis,3037,20.43489651558816,20251001
156,20251001_XZ_YA_13_,P1_UNIQUE_NAME,435,437,20251001_XZ_YA_13,20251001,13,高海拔,XZ_YA,low,low,low_sound,Normal,Unknown,4h,Second_Centrifugation,2659,30.337961750065496,20251001
157,20251001_XZ_YA_14_,P1_UNIQUE_NAME,436,438,20251001_XZ_YA_14,20251001,14,高海拔,XZ_YA,low,low,low_sound,Normal,Unknown,4h,,2583,32.329054231071524,20251001
158,20251001_XZ_YA_15_,P1_UNIQUE_NAME,437,439,20251001_XZ_YA_15,20251001,15,高海拔,XZ_YA,low,low,low_sound,Normal,Unknown,4h,,2567,32.74823159549384,20251001
159,20251001_XZ_YA_16_,P1_UNIQUE_NAME,438,440,20251001_XZ_YA_16,20251001,16,高海拔,XZ_YA,low,low,low_sound,Normal,Unknown,4h,,2951,22.68797484935813,20251001
160,20251001_XZ_YA_17_,P1_UNIQUE_NAME,439,441,20251001_XZ_YA_17,20251001,17,高海拔,XZ_YA,low,low,low_sound,Normal,Unknown,4h,,2039,46.58108462143044,20251001
161,20251001_XZ_YA_18_,P1_UNIQUE_NAME,440,442,20251001_XZ_YA_18,20251001,18,高海拔,XZ_YA,low,low,high_sound,Normal,Unknown,4h,,2660,30.311763164789102,20251001
162,20251001_XZ_YA_19_,P1_UNIQUE_NAME,441,443,20251001_XZ_YA_19,20251001,19,高海拔,XZ_YA,low,low,high_sound,Normal,Unknown,4h,,2607,31.70028818443804,20251001
163,20251001_XZ_YA_20_,P1_UNIQUE_NAME,442,444,20251001_XZ_YA_20,20251001,20,高海拔,XZ_YA,contrl,control,high_sound,Normal,Unknown,4h,,2197,42.44170814776002,20251001
164,20251001_XZ_YA_21_,P1_UNIQUE_NAME,443,445,20251001_XZ_YA_21,20251001,21,高海拔,XZ_YA,contrl,control,low_sound,Normal,Unknown,4h,,3051,20.068116321718627,20251001
165,20251001_XZ_YA_22_,P1_UNIQUE_NAME,444,446,20251001_XZ_YA_22,20251001,22,高海拔,XZ_YA,high,high,low_sound,Normal,Unknown,4h,,1618,57.61068902279277,20251001
166,20251001_2_,BLOCK_BOUNDARY_AND_SAMPLE_ID,445,447,20251001_XZ_YB_2,20251001,2,高海拔,XZ_YB,contrl,control,low_sound,Normal,Unknown,4h,,2501,34.47733822373592,20251001
167,20251001_4_,BLOCK_BOUNDARY_AND_SAMPLE_ID,446,448,20251001_XZ_YB_4,20251001,4,高海拔,XZ_YB,contrl,control,low_sound,Normal,Unknown,4h,,2803,26.56536547026461,20251001
168,20251001_6_,BLOCK_BOUNDARY_AND_SAMPLE_ID,447,449,20251001_XZ_YB_6,20251001,6,高海拔,XZ_YB,contrl,control,low_sound,Normal,Unknown,4h,,2371,37.88315430966728,20251001
169,20251001_9_,BLOCK_BOUNDARY_AND_SAMPLE_ID,448,450,20251001_XZ_YB_9,20251001,9,高海拔,XZ_YB,contrl,control,low_sound,Normal,Unknown,4h,,2560,32.93162169242861,20251001
170,20251001_10_,BLOCK_BOUNDARY_AND_SAMPLE_ID,449,451,20251001_XZ_YB_10,20251001,10,高海拔,XZ_YB,contrl,control,low_sound,Normal,Unknown,4h,,2593,32.067068378307575,20251001
171,20251001_11_,BLOCK_BOUNDARY_AND_SAMPLE_ID,450,452,20251001_XZ_YB_11,20251001,11,高海拔,XZ_YB,contrl,control,low_sound,Normal,Unknown,4h,,2491,34.73932407649987,20251001
172,20251001_12_,BLOCK_BOUNDARY_AND_SAMPLE_ID,451,453,20251001_XZ_YB_12,20251001,12,高海拔,XZ_YB,contrl,control,low_sound,Normal,Unknown,4h,,2257,40.86979303117632,20251001
173,20251001_14_,BLOCK_BOUNDARY_AND_SAMPLE_ID,452,454,20251001_XZ_YB_14,20251001,14,高海拔,XZ_YB,contrl,control,low_sound,Normal,Unknown,4h,,2322,39.16688498821064,20251001
174,20251001_15_,BLOCK_BOUNDARY_AND_SAMPLE_ID,453,455,20251001_XZ_YB_15,20251001,15,高海拔,XZ_YB,contrl,control,low_sound,Normal,Unknown,4h,,2300,39.743253864291326,20251001
177,20251001_19_,BLOCK_BOUNDARY_AND_SAMPLE_ID,456,458,20251001_XZ_YB_19,20251001,19,高海拔,XZ_YB,contrl,control,low_sound,Normal,Unknown,4h,,2694,29.421011265391662,20251001
178,20251001_1_,BLOCK_BOUNDARY_AND_SAMPLE_ID,457,459,20251001_XZ_YC_1,20251001,1,高海拔,XZ_YC,contrl,control,low_sound,Normal,Unknown,4h,,2822,26.067592350013097,20251001
179,20251001_2_,BLOCK_BOUNDARY_AND_SAMPLE_ID,458,460,20251001_XZ_YC_2,20251001,2,高海拔,XZ_YC,contrl,control,low_sound,Normal,Unknown,4h,,2341,38.66911186795913,20251001
180,20251001_3_,BLOCK_BOUNDARY_AND_SAMPLE_ID,459,461,20251001_XZ_YC_3,20251001,3,高海拔,XZ_YC,high,high,low_sound,Normal,Unknown,4h,,2724,28.635053707099814,20251001
181,20251001_4_,BLOCK_BOUNDARY_AND_SAMPLE_ID,460,462,20251001_XZ_YC_4,20251001,4,高海拔,XZ_YC,contrl,control,low_sound,Normal,Unknown,4h,,2357,38.24993450353681,20251001
182,20251001_5_,BLOCK_BOUNDARY_AND_SAMPLE_ID,461,463,20251001_XZ_YC_5,20251001,5,高海拔,XZ_YC,high,high,low_sound,Normal,Unknown,4h,,2444,35.97065758449044,20251001
183,20251001_6_,BLOCK_BOUNDARY_AND_SAMPLE_ID,462,464,20251001_XZ_YC_6,20251001,6,高海拔,XZ_YC,low,low,low_sound,Normal,Unknown,4h,,2115,44.589992140424414,20251001
184,20251001_7_,BLOCK_BOUNDARY_AND_SAMPLE_ID,463,465,20251001_XZ_YC_7,20251001,7,高海拔,XZ_YC,low,low,low_sound,Normal,Unknown,4h,,2145,43.804034582132566,20251001
185,20251001_8_,BLOCK_BOUNDARY_AND_SAMPLE_ID,464,466,20251001_XZ_YC_8,20251001,8,高海拔,XZ_YC,contrl,control,low_sound,Normal,Unknown,4h,,2252,41.00078595755829,20251001
186,20251001_9_,BLOCK_BOUNDARY_AND_SAMPLE_ID,465,467,20251001_XZ_YC_9,20251001,9,高海拔,XZ_YC,low,low,low_sound,Normal,Unknown,4h,Second_Centrifugation,1685,55.85538380927429,20251001
187,20251001_10_,BLOCK_BOUNDARY_AND_SAMPLE_ID,466,468,20251001_XZ_YC_10,20251001,10,高海拔,XZ_YC,high,high,low_sound,Normal,Unknown,4h,,2441,36.04925334031962,20251001
188,20251001_11_,BLOCK_BOUNDARY_AND_SAMPLE_ID,467,469,20251001_XZ_YC_11,20251001,11,高海拔,XZ_YC,high,high,low_sound,Normal,Unknown,4h,,2061,46.00471574534975,20251001
189,20251001_12_,BLOCK_BOUNDARY_AND_SAMPLE_ID,468,470,20251001_XZ_YC_12,20251001,12,高海拔,XZ_YC,high,high,low_sound,Normal,Unknown,4h,,2756,27.796698978255176,20251001
190,20251001_13_,BLOCK_BOUNDARY_AND_SAMPLE_ID,469,471,20251001_XZ_YC_13,20251001,13,高海拔,XZ_YC,high,high,low_sound,Normal,Unknown,4h,,2343,38.61671469740634,20251001
191,20251001_14_,BLOCK_BOUNDARY_AND_SAMPLE_ID,470,472,20251001_XZ_YC_14,20251001,14,高海拔,XZ_YC,high,high,low_sound,Normal,Unknown,4h,,2050,46.292900183390095,20251001
192,20251001_15_,BLOCK_BOUNDARY_AND_SAMPLE_ID,471,473,20251001_XZ_YC_15,20251001,15,高海拔,XZ_YC,high,high,low_sound,Normal,Unknown,4h,,3007,21.22085407388001,20251001
193,20251001_16_,BLOCK_BOUNDARY_AND_SAMPLE_ID,472,474,20251001_XZ_YC_16,20251001,16,高海拔,XZ_YC,high,high,low_sound,Normal,Unknown,4h,,3071,19.544144616190724,20251001
194,20251001_17_,BLOCK_BOUNDARY_AND_SAMPLE_ID,473,475,20251001_XZ_YC_17,20251001,17,高海拔,XZ_YC,high,high,low_sound,Normal,Unknown,4h,,2318,39.27167932931621,20251001
195,20251001_18_,BLOCK_BOUNDARY_AND_SAMPLE_ID,474,476,20251001_XZ_YC_18,20251001,18,高海拔,XZ_YC,low,low,high_sound,Normal,Unknown,4h,,1783,53.28792245218759,20251001
196,20251001_19_,BLOCK_BOUNDARY_AND_SAMPLE_ID,475,477,20251001_XZ_YC_19,20251001,19,高海拔,XZ_YC,high,high,high_sound,Normal,Unknown,4h,,2193,42.5465024888656,20251001
197,20251001_20_,BLOCK_BOUNDARY_AND_SAMPLE_ID,476,478,20251001_XZ_YC_20,20251001,20,高海拔,XZ_YC,low,low,low_sound,Normal,Unknown,4h,,2439,36.10165051087241,20251001
198,20251001_21_,BLOCK_BOUNDARY_AND_SAMPLE_ID,477,479,20251001_XZ_YC_21,20251001,21,高海拔,XZ_YC,high,high,low_sound,Normal,Unknown,4h,,2701,29.2376211684569,20251001
199,20251001_22_,BLOCK_BOUNDARY_AND_SAMPLE_ID,478,480,20251001_XZ_YC_22,20251001,22,高海拔,XZ_YC,high,high,low_sound,Normal,Unknown,4h,,2144,43.83023316740896,20251001
200,20251001_23_,BLOCK_BOUNDARY_AND_SAMPLE_ID,479,481,20251001_XZ_YC_23,20251001,23,高海拔,XZ_YC,low,low,low_sound,Normal,Unknown,4h,,2016,47.18365208278753,20251001
201,20251001_24_,BLOCK_BOUNDARY_AND_SAMPLE_ID,480,482,20251001_XZ_YC_24,20251001,24,高海拔,XZ_YC,high,high,low_sound,Normal,Unknown,4h,,2086,45.34975111343987,20251001
202,20251001_25_,BLOCK_BOUNDARY_AND_SAMPLE_ID,481,483,20251001_XZ_YC_25,20251001,25,高海拔,XZ_YC,high,high,low_sound,Normal,Unknown,4h,,2012,47.28844642389311,20251001
203,20251001_26_,BLOCK_BOUNDARY_AND_SAMPLE_ID,482,484,20251001_XZ_YC_26,20251001,26,高海拔,XZ_YC,high,high,low_sound,Normal,Unknown,4h,,2266,40.63400576368876,20251001
204,20251001_27_,BLOCK_BOUNDARY_AND_SAMPLE_ID,483,485,20251001_XZ_YC_27,20251001,27,高海拔,XZ_YC,high,high,low_sound,Normal,Unknown,4h,,1465,61.619072570081215,20251001
205,20251001_28_,BLOCK_BOUNDARY_AND_SAMPLE_ID,484,486,20251001_XZ_YC_28,20251001,28,高海拔,XZ_YC,high,high,low_sound,Normal,Unknown,4h,,2205,42.23211946554886,20251001
206,20251001_29_,P1_UNIQUE_NAME,485,487,20251001_XZ_YC_29,20251001,29,高海拔,XZ_YC,high,high,low_sound,Normal,Unknown,4h,,2702,29.211422583180507,20251001
207,20251001_30_,P1_UNIQUE_NAME,486,488,20251001_XZ_YC_30,20251001,30,高海拔,XZ_YC,low,low,low_sound,Normal,Unknown,4h,,2477,35.1061042703694,20251001
208,20251001_31_,P1_UNIQUE_NAME,487,489,20251001_XZ_YC_31,20251001,31,高海拔,XZ_YC,contrl,control,low_sound,Normal,Unknown,4h,Second_Centrifugation,2780,27.16793293162169,20251001
209,20251001_32_,P1_UNIQUE_NAME,488,490,20251001_XZ_YC_32,20251001,32,高海拔,XZ_YC,high,high,low_sound,Normal,Unknown,4h,,2278,40.31962274037202,20251001
210,20251001_33_,P1_UNIQUE_NAME,489,491,20251001_XZ_YC_33,20251001,33,高海拔,XZ_YC,high,high,low_sound,Normal,Unknown,4h,,1970,48.388787005501705,20251001
211,20251001_34_,P1_UNIQUE_NAME,490,492,20251001_XZ_YC_34,20251001,34,高海拔,XZ_YC,contrl,control,low_sound,Normal,Unknown,4h,,2481,35.00130992926382,20251001
212,20251001_1_,BLOCK_BOUNDARY_AND_SAMPLE_ID,491,493,20251001_XZ_YD_1,20251001,1,高海拔,XZ_YD,low,low,low_sound,Normal,Unknown,4h,,2490,34.76552266177627,20251001
213,20251001_3_,BLOCK_BOUNDARY_AND_SAMPLE_ID,492,494,20251001_XZ_YD_3,20251001,3,高海拔,XZ_YD,contrl,control,low_sound,Normal,Unknown,4h,,2067,45.84752423369138,20251001
214,20251001_4_,BLOCK_BOUNDARY_AND_SAMPLE_ID,493,495,20251001_XZ_YD_4,20251001,4,高海拔,XZ_YD,contrl,control,low_sound,Normal,Unknown,4h,,1973,48.31019124967252,20251001
215,20251001_5_,BLOCK_BOUNDARY_AND_SAMPLE_ID,494,496,20251001_XZ_YD_5,20251001,5,高海拔,XZ_YD,low,low,low_sound,Normal,Unknown,4h,,2920,23.500130992926383,20251001
216,20251001_6_,BLOCK_BOUNDARY_AND_SAMPLE_ID,495,497,20251001_XZ_YD_6,20251001,6,高海拔,XZ_YD,contrl,control,low_sound,Normal,Unknown,4h,,2157,43.48965155881582,20251001
217,20251001_7_,BLOCK_BOUNDARY_AND_SAMPLE_ID,496,498,20251001_XZ_YD_7,20251001,7,高海拔,XZ_YD,high,high,low_sound,Normal,Unknown,4h,,3239,15.142782289756354,20251001
218,20251001_8_,BLOCK_BOUNDARY_AND_SAMPLE_ID,497,499,20251001_XZ_YD_8,20251001,8,高海拔,XZ_YD,high,high,low_sound,Normal,Unknown,4h,,3037,20.43489651558816,20251001
219,20251001_9_,BLOCK_BOUNDARY_AND_SAMPLE_ID,498,500,20251001_XZ_YD_9,20251001,9,高海拔,XZ_YD,high,high,low_sound,Normal,Unknown,4h,,1703,55.38380927429919,20251001
220,20251001_10_,BLOCK_BOUNDARY_AND_SAMPLE_ID,499,501,20251001_XZ_YD_10,20251001,10,高海拔,XZ_YD,high,high,low_sound,Normal,Unknown,4h,,3329,12.784909614880796,20251001
221,20251001_11_,BLOCK_BOUNDARY_AND_SAMPLE_ID,500,502,20251001_XZ_YD_11,20251001,11,高海拔,XZ_YD,high,high,low_sound,Normal,Unknown,4h,,3440,9.876866649200943,20251001
222,20251001_12_,BLOCK_BOUNDARY_AND_SAMPLE_ID,501,503,20251001_XZ_YD_12,20251001,12,高海拔,XZ_YD,contrl,control,low_sound,Normal,Unknown,4h,,3451,9.588682211160595,20251001
223,20251001_13_,BLOCK_BOUNDARY_AND_SAMPLE_ID,502,504,20251001_XZ_YD_13,20251001,13,高海拔,XZ_YD,contrl,control,low_sound,Normal,Unknown,4h,,3413,10.584228451663613,20251001
224,20251001_14_,BLOCK_BOUNDARY_AND_SAMPLE_ID,503,505,20251001_XZ_YD_14,20251001,14,高海拔,XZ_YD,contrl,control,low_sound,Normal,Unknown,4h,,2189,42.65129682997118,20251001
225,20251001_15_,BLOCK_BOUNDARY_AND_SAMPLE_ID,504,506,20251001_XZ_YD_15,20251001,15,高海拔,XZ_YD,low,low,low_sound,Normal,Unknown,4h,,2362,38.11894157715484,20251001
226,20251001_16_,BLOCK_BOUNDARY_AND_SAMPLE_ID,505,507,20251001_XZ_YD_16,20251001,16,高海拔,XZ_YD,high,high,low_sound,Normal,Unknown,4h,,2783,27.089337175792505,20251001
227,20251001_17_,BLOCK_BOUNDARY_AND_SAMPLE_ID,506,508,20251001_XZ_YD_17,20251001,17,高海拔,XZ_YD,low,low,low_sound,Normal,Unknown,4h,,2148,43.72543882630338,20251001
228,20251001_18_,BLOCK_BOUNDARY_AND_SAMPLE_ID,507,509,20251001_XZ_YD_18,20251001,18,高海拔,XZ_YD,high,high,low_sound,Normal,Unknown,4h,,2485,34.89651558815824,20251001
229,20251001_19_,BLOCK_BOUNDARY_AND_SAMPLE_ID,508,510,20251001_XZ_YD_19,20251001,19,高海拔,XZ_YD,contrl,control,low_sound,Normal,Unknown,4h,,2391,37.35918260413938,20251001
230,20251001_20_,BLOCK_BOUNDARY_AND_SAMPLE_ID,509,511,20251001_XZ_YD_20,20251001,20,高海拔,XZ_YD,contrl,control,low_sound,Normal,Unknown,4h,,2233,41.4985590778098,20251001
231,20251001_21_,BLOCK_BOUNDARY_AND_SAMPLE_ID,510,512,20251001_XZ_YD_21,20251001,21,高海拔,XZ_YD,contrl,control,low_sound,Normal,Unknown,4h,,1859,51.29682997118156,20251001
232,20251001_22_,BLOCK_BOUNDARY_AND_SAMPLE_ID,511,513,20251001_XZ_YD_22,20251001,22,高海拔,XZ_YD,contrl,control,low_sound,Normal,Unknown,4h,,2291,39.979041131778885,20251001
233,20251001_23_,BLOCK_BOUNDARY_AND_SAMPLE_ID,512,514,20251001_XZ_YD_23,20251001,23,高海拔,XZ_YD,low,low,low_sound,Normal,Unknown,4h,,2396,37.2281896777574,20251001
234,20251001_24_,BLOCK_BOUNDARY_AND_SAMPLE_ID,513,515,20251001_XZ_YD_24,20251001,24,高海拔,XZ_YD,low,low,low_sound,Normal,Unknown,4h,,1787,53.183128111082,20251001
235,20251001_25_,BLOCK_BOUNDARY_AND_SAMPLE_ID,514,516,20251001_XZ_YD_25,20251001,25,高海拔,XZ_YD,low,low,low_sound,Normal,Unknown,4h,,1794,52.99973801414723,20251001
236,20251001_26_,BLOCK_BOUNDARY_AND_SAMPLE_ID,515,517,20251001_XZ_YD_26,20251001,26,高海拔,XZ_YD,low,low,low_sound,Normal,Unknown,4h,,1972,48.33638983494891,20251001
237,20251001_27_,BLOCK_BOUNDARY_AND_SAMPLE_ID,516,518,20251001_XZ_YD_27,20251001,27,高海拔,XZ_YD,low,low,low_sound,Normal,Unknown,4h,,2319,39.245480744039824,20251001
238,20251001_28_,BLOCK_BOUNDARY_AND_SAMPLE_ID,517,519,20251001_XZ_YD_28,20251001,28,高海拔,XZ_YD,low,low,low_sound,Normal,Unknown,4h,,2099,45.00916950484674,20251001
239,20251026_FJ_P31_,P1_UNIQUE_NAME,95,97,20251026_FJ_PT_P31,20251026,P31,湿热,FJ_PT,contrl,control,low_sound,Normal,>6,Unknown,,2402,37.07099816609903,20251026
240,20251026__Q73_,P1_UNIQUE_NAME,146,148,20251026_FJ_QZ_Q73,20251026,Q73,湿热,FJ_QZ,contrl,control,low_sound,Normal,0,Unknown,,2032,46.76447471836521,20251026
241,20251026__Q74_,P1_UNIQUE_NAME,147,149,20251026_FJ_QZ_Q74,20251026,Q74,湿热,FJ_QZ,low,low,low_sound,Normal,0,Unknown,,1785,53.23552528163479,20251026
242,20251026__Q75_,P1_UNIQUE_NAME,148,150,20251026_FJ_QZ_Q75,20251026,Q75,湿热,FJ_QZ,low,low,high_sound,Normal,0,Unknown,,2127,44.27560911710768,20251026
243,20251026__Q76_,P1_UNIQUE_NAME,149,151,20251026_FJ_QZ_Q76,20251026,Q76,湿热,FJ_QZ,high,high,low_sound,Normal,0,Unknown,,1892,50.43227665706051,20251026
244,20251026__Q77_,P1_UNIQUE_NAME,150,152,20251026_FJ_QZ_Q77,20251026,Q77,湿热,FJ_QZ,high,high,low_sound,Normal,0,Unknown,,2123,44.38040345821326,20251026
245,20251026__Q78_,P1_UNIQUE_NAME,151,153,20251026_FJ_QZ_Q78,20251026,Q78,湿热,FJ_QZ,high,high,low_sound,Normal,0,Unknown,,2174,43.04427560911711,20251026
246,20251026__Q79_,P1_UNIQUE_NAME,152,154,20251026_FJ_QZ_Q79,20251026,Q79,湿热,FJ_QZ,contrl,control,low_sound,Normal,0,Unknown,,1793,53.02593659942363,20251026
247,20251026__Q80_,P1_UNIQUE_NAME,153,155,20251026_FJ_QZ_Q80,20251026,Q80,湿热,FJ_QZ,low,low,low_sound,Normal,0,Unknown,,2012,47.28844642389311,20251026
248,20251026__Q81_,P1_UNIQUE_NAME,154,156,20251026_FJ_QZ_Q81,20251026,Q81,湿热,FJ_QZ,low,low,low_sound,Normal,0,Unknown,,2164,43.30626146188106,20251026
249,20251026__Q82_,P1_UNIQUE_NAME,155,157,20251026_FJ_QZ_Q82,20251026,Q82,湿热,FJ_QZ,contrl,control,unkown,Normal,0,Unknown,,2251,41.02698454283469,20251026
250,20251026__Q83_,P1_UNIQUE_NAME,156,158,20251026_FJ_QZ_Q83,20251026,Q83,湿热,FJ_QZ,contrl,control,high_sound,Normal,0,Unknown,,2160,43.41105580298664,20251026
251,20251104_FJ_F178_,P1_UNIQUE_NAME,68,70,20251104_FJ_FQ_F178,20251104,F178,湿热,FJ_FQ,low,low,high_sound,Normal,2,Unknown,,2913,23.68352108986115,20251104
252,20251104_FJ_F179_,P1_UNIQUE_NAME,69,71,20251104_FJ_FQ_F179,20251104,F179,湿热,FJ_FQ,high,high,high_sound,Normal,2,Unknown,,2602,31.83128111082001,20251104
253,20251107_2_,P1_UNIQUE_NAME,518,520,20251107_XZ_YD_2,20251107,2,高海拔,XZ_YD,low,low,low_sound,Normal,Unknown,4h,,3463,9.274299187843855,20251107
254,20260527__1,P1_UNIQUE_NAME,280,282,20260527_XZ_GG_1,20260527,1,高海拔,XZ_GG,low,low,,Unknown,Unknown,Unknown,,2774,27.325124443280064,20260527
255,20260527__2,P1_UNIQUE_NAME,281,283,20260527_XZ_GG_2,20260527,2,高海拔,XZ_GG,low,low,,Unknown,Unknown,Unknown,,2111,44.69478648153,20260527
256,20260527__3,P1_UNIQUE_NAME,282,284,20260527_XZ_GG_3,20260527,3,高海拔,XZ_GG,low,low,,Unknown,Unknown,Unknown,,2222,41.78674351585015,20260527
257,20260527__4,P1_UNIQUE_NAME,283,285,20260527_XZ_GG_4,20260527,4,高海拔,XZ_GG,low,low,,Unknown,Unknown,Unknown,,2971,22.164003143830232,20260527
258,20260527__5,P1_UNIQUE_NAME,284,286,20260527_XZ_GG_5,20260527,5,高海拔,XZ_GG,low,low,,Unknown,Unknown,Unknown,,1850,51.53261723866911,20260527
259,20260527__6,P1_UNIQUE_NAME,285,287,20260527_XZ_GG_6,20260527,6,高海拔,XZ_GG,low,low,,Unknown,Unknown,Unknown,,2042,46.50248886560126,20260527
260,20260527__7,P1_UNIQUE_NAME,286,288,20260527_XZ_GG_7,20260527,7,高海拔,XZ_GG,low,low,,Unknown,Unknown,Unknown,,3140,17.736442232119465,20260527
261,20260527__8,P1_UNIQUE_NAME,287,289,20260527_XZ_GG_8,20260527,8,高海拔,XZ_GG,low,low,,Unknown,Unknown,Unknown,,2213,42.0225307833377,20260527
262,20260527__9,P1_UNIQUE_NAME,288,290,20260527_XZ_GG_9,20260527,9,高海拔,XZ_GG,low,low,,Unknown,Unknown,Unknown,,1949,48.938957296306,20260527
263,20260527__10,P1_UNIQUE_NAME,289,291,20260527_XZ_GG_10,20260527,10,高海拔,XZ_GG,low,low,,Unknown,Unknown,Unknown,,2200,42.363112391930834,20260527
264,20260527__11,P1_UNIQUE_NAME,290,292,20260527_XZ_GG_11,20260527,11,高海拔,XZ_GG,low,low,,Unknown,Unknown,Unknown,,1967,48.46738276133089,20260527
265,20260527__12,P1_UNIQUE_NAME,291,293,20260527_XZ_GG_12,20260527,12,高海拔,XZ_GG,low,low,,Unknown,Unknown,Unknown,,2077,45.58553838092743,20260527
266,20260527__13,P1_UNIQUE_NAME,292,294,20260527_XZ_GG_13,20260527,13,高海拔,XZ_GG,low,low,,Unknown,Unknown,Unknown,,2861,25.04584752423369,20260527
267,20260527__14,P1_UNIQUE_NAME,293,295,20260527_XZ_GG_14,20260527,14,高海拔,XZ_GG,low,low,,Unknown,Unknown,Unknown,,1720,54.93843332460047,20260527
268,20260527__15,P1_UNIQUE_NAME,294,296,20260527_XZ_GG_15,20260527,15,高海拔,XZ_GG,low,low,,Unknown,Unknown,Unknown,,3002,21.351847000261987,20260527
269,20260527__16,P1_UNIQUE_NAME,295,297,20260527_XZ_GG_16,20260527,16,高海拔,XZ_GG,low,low,,Unknown,Unknown,Unknown,,2703,29.185223997904117,20260527
270,20260527__17,P1_UNIQUE_NAME,296,298,20260527_XZ_GG_17,20260527,17,高海拔,XZ_GG,low,low,,Unknown,Unknown,Unknown,,2065,45.89992140424417,20260527
271,20260527__18,P1_UNIQUE_NAME,297,299,20260527_XZ_GG_18,20260527,18,高海拔,XZ_GG,low,low,,Unknown,Unknown,Unknown,,1815,52.44956772334294,20260527
272,20260527__19,P1_UNIQUE_NAME,298,300,20260527_XZ_GG_19,20260527,19,高海拔,XZ_GG,low,low,,Unknown,Unknown,Unknown,,1839,51.82080167670946,20260527
273,20260527__20,P1_UNIQUE_NAME,299,301,20260527_XZ_GG_20,20260527,20,高海拔,XZ_GG,low,low,,Unknown,Unknown,Unknown,,1914,49.85590778097983,20260527
274,20260527__21,P1_UNIQUE_NAME,300,302,20260527_XZ_GG_21,20260527,21,高海拔,XZ_GG,low,low,,Unknown,Unknown,Unknown,,1930,49.43673041655751,20260527
275,20260527__22,P1_UNIQUE_NAME,301,303,20260527_XZ_GG_22,20260527,22,高海拔,XZ_GG,low,low,,Unknown,Unknown,Unknown,,2278,40.31962274037202,20260527
276,20260527__23,P1_UNIQUE_NAME,302,304,20260527_XZ_GG_23,20260527,23,高海拔,XZ_GG,low,low,,Unknown,Unknown,Unknown,,1872,50.95624836258842,20260527
277,20260527__24,P1_UNIQUE_NAME,303,305,20260527_XZ_GG_24,20260527,24,高海拔,XZ_GG,low,low,,Unknown,Unknown,Unknown,,1883,50.66806392454808,20260527
278,20260527__25,P1_UNIQUE_NAME,304,306,20260527_XZ_GG_25,20260527,25,高海拔,XZ_GG,low,low,,Unknown,Unknown,Unknown,,3135,17.86743515850144,20260527
279,20260527__26,P1_UNIQUE_NAME,305,307,20260527_XZ_GG_26,20260527,26,高海拔,XZ_GG,low,low,,Unknown,Unknown,Unknown,,2248,41.105580298663874,20260527
280,20260527__27,P1_UNIQUE_NAME,306,308,20260527_XZ_GG_27,20260527,27,高海拔,XZ_GG,low,low,,Unknown,Unknown,Unknown,,2193,42.5465024888656,20260527
281,20260527__28,P1_UNIQUE_NAME,307,309,20260527_XZ_GG_28,20260527,28,高海拔,XZ_GG,low,low,,Unknown,Unknown,Unknown,,2613,31.54309667277967,20260527
282,20260527__29,P1_UNIQUE_NAME,308,310,20260527_XZ_GG_29,20260527,29,高海拔,XZ_GG,low,low,,Unknown,Unknown,Unknown,,2126,44.30180770238408,20260527
283,20260527__30,P1_UNIQUE_NAME,309,311,20260527_XZ_GG_30,20260527,30,高海拔,XZ_GG,low,low,,Unknown,Unknown,Unknown,,1802,52.79014933193608,20260527
284,20260527__31,P1_UNIQUE_NAME,310,312,20260527_XZ_GG_31,20260527,31,高海拔,XZ_GG,high,high,,Unknown,Unknown,Unknown,,1885,50.61566675399528,20260527
285,20260527__32,P1_UNIQUE_NAME,311,313,20260527_XZ_GG_32,20260527,32,高海拔,XZ_GG,high,high,,Unknown,Unknown,Unknown,,2173,43.07047419439351,20260527
286,20260527__33,P1_UNIQUE_NAME,312,314,20260527_XZ_GG_33,20260527,33,高海拔,XZ_GG,high,high,,Unknown,Unknown,Unknown,,1978,48.17919832329054,20260527
287,20260527__34,P1_UNIQUE_NAME,313,315,20260527_XZ_GG_34,20260527,34,高海拔,XZ_GG,high,high,,Unknown,Unknown,Unknown,,2079,45.53314121037464,20260527
288,20260527__35,P1_UNIQUE_NAME,314,316,20260527_XZ_GG_35,20260527,35,高海拔,XZ_GG,high,high,,Unknown,Unknown,Unknown,,1648,56.82473146450092,20260527
289,20260527__36,P1_UNIQUE_NAME,315,317,20260527_XZ_GG_36,20260527,36,高海拔,XZ_GG,high,high,,Unknown,Unknown,Unknown,,2010,47.3408435944459,20260527
290,20260527__37,P1_UNIQUE_NAME,316,318,20260527_XZ_GG_37,20260527,37,高海拔,XZ_GG,high,high,,Unknown,Unknown,Unknown,,2041,46.528687450877655,20260527
291,20260527__38,P1_UNIQUE_NAME,317,319,20260527_XZ_GG_38,20260527,38,高海拔,XZ_GG,high,high,,Unknown,Unknown,Unknown,,2577,32.48624574272989,20260527
292,20260527__39,P1_UNIQUE_NAME,318,320,20260527_XZ_GG_39,20260527,39,高海拔,XZ_GG,high,high,,Unknown,Unknown,Unknown,,1842,51.74220592088027,20260527
293,20260527__40,P1_UNIQUE_NAME,319,321,20260527_XZ_GG_40,20260527,40,高海拔,XZ_GG,high,high,,Unknown,Unknown,Unknown,,1651,56.74613570867173,20260527
294,20260527__41,P1_UNIQUE_NAME,320,322,20260527_XZ_GG_41,20260527,41,高海拔,XZ_GG,high,high,,Unknown,Unknown,Unknown,,2049,46.31909876866649,20260527
295,20260527__42,P1_UNIQUE_NAME,321,323,20260527_XZ_GG_42,20260527,42,高海拔,XZ_GG,high,high,,Unknown,Unknown,Unknown,,2155,43.54204872936862,20260527
296,20260527__43,P1_UNIQUE_NAME,322,324,20260527_XZ_GG_43,20260527,43,高海拔,XZ_GG,high,high,,Unknown,Unknown,Unknown,,1729,54.70264605711292,20260527
297,20260527__44,P1_UNIQUE_NAME,323,325,20260527_XZ_GG_44,20260527,44,高海拔,XZ_GG,high,high,,Unknown,Unknown,Unknown,,1769,53.65470264605712,20260527
298,20260527__46,P1_UNIQUE_NAME,324,326,20260527_XZ_GG_46,20260527,46,高海拔,XZ_GG,high,high,,Unknown,Unknown,Unknown,,1742,54.362064448519774,20260527
299,20260527__47,P1_UNIQUE_NAME,325,327,20260527_XZ_GG_47,20260527,47,高海拔,XZ_GG,high,high,,Unknown,Unknown,Unknown,,1776,53.47131254912235,20260527
300,20260527__50,P1_UNIQUE_NAME,326,328,20260527_XZ_GG_50,20260527,50,高海拔,XZ_GG,high,high,,Unknown,Unknown,Unknown,,1883,50.66806392454808,20260527
301,20260527__51,P1_UNIQUE_NAME,327,329,20260527_XZ_GG_51,20260527,51,高海拔,XZ_GG,high,high,,Unknown,Unknown,Unknown,,2436,36.1802462667016,20260527
302,20260527__52,P1_UNIQUE_NAME,328,330,20260527_XZ_GG_52,20260527,52,高海拔,XZ_GG,high,high,,Unknown,Unknown,Unknown,,2219,41.86533927167933,20260527
303,20260527__53,P1_UNIQUE_NAME,329,331,20260527_XZ_GG_53,20260527,53,高海拔,XZ_GG,high,high,,Unknown,Unknown,Unknown,,1744,54.30966727796699,20260527
304,20260527__55,P1_UNIQUE_NAME,330,332,20260527_XZ_GG_55,20260527,55,高海拔,XZ_GG,high,high,,Unknown,Unknown,Unknown,,2685,29.656798532879225,20260527
305,20260527__56,P1_UNIQUE_NAME,331,333,20260527_XZ_GG_56,20260527,56,高海拔,XZ_GG,high,high,,Unknown,Unknown,Unknown,,2180,42.88708409745874,20260527
306,20260527__59,P1_UNIQUE_NAME,332,334,20260527_XZ_GG_59,20260527,59,高海拔,XZ_GG,high,high,,Unknown,Unknown,Unknown,,1806,52.68535499083049,20260527
307,20260527__60,P1_UNIQUE_NAME,333,335,20260527_XZ_GG_60,20260527,60,高海拔,XZ_GG,contrl,control,,Unknown,Unknown,Unknown,,1890,50.484673827613314,20260527
308,20260527__62,P1_UNIQUE_NAME,334,336,20260527_XZ_GG_62,20260527,62,高海拔,XZ_GG,contrl,control,,Unknown,Unknown,Unknown,,2423,36.520827875294735,20260527
309,20260527__64,P1_UNIQUE_NAME,335,337,20260527_XZ_GG_64,20260527,64,高海拔,XZ_GG,contrl,control,,Unknown,Unknown,Unknown,,1872,50.95624836258842,20260527
310,20260527__65,P1_UNIQUE_NAME,336,338,20260527_XZ_GG_65,20260527,65,高海拔,XZ_GG,contrl,control,,Unknown,Unknown,Unknown,,2081,45.48074403982185,20260527
311,20260527__66,P1_UNIQUE_NAME,337,339,20260527_XZ_GG_66,20260527,66,高海拔,XZ_GG,contrl,control,,Unknown,Unknown,Unknown,,1968,48.44118417605449,20260527
313,20260527__68,P1_UNIQUE_NAME,339,341,20260527_XZ_GG_68,20260527,68,高海拔,XZ_GG,contrl,control,,Unknown,Unknown,Unknown,,2202,42.31071522137805,20260527
314,20260527__69,P1_UNIQUE_NAME,340,342,20260527_XZ_GG_69,20260527,69,高海拔,XZ_GG,contrl,control,,Unknown,Unknown,Unknown,,2236,41.41996332198061,20260527
315,20260527__71,P1_UNIQUE_NAME,341,343,20260527_XZ_GG_71,20260527,71,高海拔,XZ_GG,contrl,control,,Unknown,Unknown,Unknown,,1583,58.5276395074666,20260527
316,20260527__72,P1_UNIQUE_NAME,342,344,20260527_XZ_GG_72,20260527,72,高海拔,XZ_GG,contrl,control,,Unknown,Unknown,Unknown,,2197,42.44170814776002,20260527
317,20260527__73,P1_UNIQUE_NAME,343,345,20260527_XZ_GG_73,20260527,73,高海拔,XZ_GG,contrl,control,,Unknown,Unknown,Unknown,,1726,54.781241812942106,20260527
318,20260527__74,P1_UNIQUE_NAME,344,346,20260527_XZ_GG_74,20260527,74,高海拔,XZ_GG,contrl,control,,Unknown,Unknown,Unknown,,1928,49.489127587110296,20260527
319,20260527__75,P1_UNIQUE_NAME,345,347,20260527_XZ_GG_75,20260527,75,高海拔,XZ_GG,contrl,control,,Unknown,Unknown,Unknown,,1605,57.95127063138591,20260527
320,20260527__76,P1_UNIQUE_NAME,346,348,20260527_XZ_GG_76,20260527,76,高海拔,XZ_GG,contrl,control,,Unknown,Unknown,Unknown,,1945,49.04375163741158,20260527
321,20260527__77,P1_UNIQUE_NAME,347,349,20260527_XZ_GG_77,20260527,77,高海拔,XZ_GG,contrl,control,,Unknown,Unknown,Unknown,,2430,36.33743777835997,20260527
322,20260527__78,P1_UNIQUE_NAME,348,350,20260527_XZ_GG_78,20260527,78,高海拔,XZ_GG,contrl,control,,Unknown,Unknown,Unknown,,2962,22.399790411317788,20260527
323,20260527__79,P1_UNIQUE_NAME,349,351,20260527_XZ_GG_79,20260527,79,高海拔,XZ_GG,contrl,control,,Unknown,Unknown,Unknown,,2086,45.34975111343987,20260527
324,20260527__80,P1_UNIQUE_NAME,350,352,20260527_XZ_GG_80,20260527,80,高海拔,XZ_GG,contrl,control,,Unknown,Unknown,Unknown,,1791,53.07833376997642,20260527
325,20260527__81,P1_UNIQUE_NAME,351,353,20260527_XZ_GG_81,20260527,81,高海拔,XZ_GG,low,low,,Unknown,Unknown,Unknown,,1656,56.61514278228975,20260527
326,20260527__82,P1_UNIQUE_NAME,352,354,20260527_XZ_GG_82,20260527,82,高海拔,XZ_GG,low,low,,Unknown,Unknown,Unknown,,2100,44.98297091957034,20260527
327,20260527__83,P1_UNIQUE_NAME,353,355,20260527_XZ_GG_83,20260527,83,高海拔,XZ_GG,low,low,,Unknown,Unknown,Unknown,,2195,42.49410531831281,20260527
328,20260527__84,P1_UNIQUE_NAME,354,356,20260527_XZ_GG_84,20260527,84,高海拔,XZ_GG,low,low,,Unknown,Unknown,Unknown,,1907,50.03929787791459,20260527
329,20260527__85,P1_UNIQUE_NAME,355,357,20260527_XZ_GG_85,20260527,85,高海拔,XZ_GG,low,low,,Unknown,Unknown,Unknown,,2117,44.53759496987163,20260527
330,20260527__86,P1_UNIQUE_NAME,356,358,20260527_XZ_GG_86,20260527,86,高海拔,XZ_GG,low,low,,Unknown,Unknown,Unknown,,1896,50.32748231595494,20260527
331,20260527__87,P1_UNIQUE_NAME,357,359,20260527_XZ_GG_87,20260527,87,高海拔,XZ_GG,low,low,,Unknown,Unknown,Unknown,,1952,48.860361540476816,20260527
332,20260527__88,P1_UNIQUE_NAME,358,360,20260527_XZ_GG_88,20260527,88,高海拔,XZ_GG,low,low,,Unknown,Unknown,Unknown,,1724,54.83363898349489,20260527
333,20260527__89,P1_UNIQUE_NAME,359,361,20260527_XZ_GG_89,20260527,89,高海拔,XZ_GG,low,low,,Unknown,Unknown,Unknown,,1862,51.218234215352375,20260527
334,20260527__92,P1_UNIQUE_NAME,360,362,20260527_XZ_GG_92,20260527,92,高海拔,XZ_GG,low,low,,Unknown,Unknown,Unknown,,1906,50.06549646319098,20260527
335,20260527__93,P1_UNIQUE_NAME,361,363,20260527_XZ_GG_93,20260527,93,高海拔,XZ_GG,low,low,,Unknown,Unknown,Unknown,,1742,54.362064448519774,20260527
336,20260527__94,P1_UNIQUE_NAME,362,364,20260527_XZ_GG_94,20260527,94,高海拔,XZ_GG,low,low,,Unknown,Unknown,Unknown,,1754,54.047681425203045,20260527
337,20260527__95,P1_UNIQUE_NAME,363,365,20260527_XZ_GG_95,20260527,95,高海拔,XZ_GG,low,low,,Unknown,Unknown,Unknown,,1806,52.68535499083049,20260527
338,20260527__96,P1_UNIQUE_NAME,364,366,20260527_XZ_GG_96,20260527,96,高海拔,XZ_GG,low,low,,Unknown,Unknown,Unknown,,1490,60.96410793817134,20260527
339,20260527__97,P1_UNIQUE_NAME,365,367,20260527_XZ_GG_97,20260527,97,高海拔,XZ_GG,low,low,,Unknown,Unknown,Unknown,,2055,46.16190725700813,20260527
340,20260527__98,P1_UNIQUE_NAME,366,368,20260527_XZ_GG_98,20260527,98,高海拔,XZ_GG,low,low,,Unknown,Unknown,Unknown,,2552,33.14121037463977,20260527
341,20260527__99,P1_UNIQUE_NAME,367,369,20260527_XZ_GG_99,20260527,99,高海拔,XZ_GG,low,low,,Unknown,Unknown,Unknown,,2088,45.297353942887085,20260527
342,20260527__100,P1_UNIQUE_NAME,368,370,20260527_XZ_GG_100,20260527,100,高海拔,XZ_GG,low,low,,Unknown,Unknown,Unknown,,1645,56.903327220330105,20260527
343,20260527__101,P1_UNIQUE_NAME,369,371,20260527_XZ_GG_101,20260527,101,高海拔,XZ_GG,low,low,,Unknown,Unknown,Unknown,,1816,52.42336913806655,20260527
344,20260527__102,P1_UNIQUE_NAME,370,372,20260527_XZ_GG_102,20260527,102,高海拔,XZ_GG,low,low,,Unknown,Unknown,Unknown,,2179,42.91328268273513,20260527
345,20260527__103,P1_UNIQUE_NAME,371,373,20260527_XZ_GG_103,20260527,103,高海拔,XZ_GG,low,low,,Unknown,Unknown,Unknown,,1676,56.09117107676186,20260527
346,20260527__104,P1_UNIQUE_NAME,372,374,20260527_XZ_GG_104,20260527,104,高海拔,XZ_GG,low,low,,Unknown,Unknown,Unknown,,1554,59.28739848048205,20260527
347,20260527__105,P1_UNIQUE_NAME,373,375,20260527_XZ_GG_105,20260527,105,高海拔,XZ_GG,low,low,,Unknown,Unknown,Unknown,,1632,57.24390882892324,20260527
348,20260527__106,P1_UNIQUE_NAME,374,376,20260527_XZ_GG_106,20260527,106,高海拔,XZ_GG,low,low,,Unknown,Unknown,Unknown,,1744,54.30966727796699,20260527
349,20260527__121,P1_UNIQUE_NAME,375,377,20260527_XZ_GG_121,20260527,121,高海拔,XZ_GG,contrl,control,,Unknown,Unknown,Unknown,,1590,58.34424941053184,20260527
350,20260527__122,P1_UNIQUE_NAME,376,378,20260527_XZ_GG_122,20260527,122,高海拔,XZ_GG,contrl,control,,Unknown,Unknown,Unknown,,1664,56.40555410007859,20260527
351,20260527__123,P1_UNIQUE_NAME,377,379,20260527_XZ_GG_123,20260527,123,高海拔,XZ_GG,high,high,,Unknown,Unknown,Unknown,,2455,35.68247314645009,20260527
352,20260527__124,P1_UNIQUE_NAME,378,380,20260527_XZ_GG_124,20260527,124,高海拔,XZ_GG,high,high,,Unknown,Unknown,Unknown,,1555,59.261199895205664,20260527
353,20260527__125,P1_UNIQUE_NAME,379,381,20260527_XZ_GG_125,20260527,125,高海拔,XZ_GG,contrl,control,,Unknown,Unknown,Unknown,,1519,60.20434896515589,20260527
354,20260527__126,P1_UNIQUE_NAME,380,382,20260527_XZ_GG_126,20260527,126,高海拔,XZ_GG,contrl,control,,Unknown,Unknown,Unknown,,1871,50.982446947864815,20260527
355,20260527__128,P1_UNIQUE_NAME,381,383,20260527_XZ_GG_128,20260527,128,高海拔,XZ_GG,contrl,control,,Unknown,Unknown,Unknown,,1806,52.68535499083049,20260527
356,20260527__129,P1_UNIQUE_NAME,382,384,20260527_XZ_GG_129,20260527,129,高海拔,XZ_GG,contrl,control,,Unknown,Unknown,Unknown,,1984,48.022006811632174,20260527
357,20260527__130,P1_UNIQUE_NAME,383,385,20260527_XZ_GG_130,20260527,130,高海拔,XZ_GG,contrl,control,,Unknown,Unknown,Unknown,,1398,63.37437778359969,20260527
358,20260527__131,P1_UNIQUE_NAME,384,386,20260527_XZ_GG_131,20260527,131,高海拔,XZ_GG,contrl,control,,Unknown,Unknown,Unknown,,2120,44.45899921404244,20260527
359,20260527__132,P1_UNIQUE_NAME,385,387,20260527_XZ_GG_132,20260527,132,高海拔,XZ_GG,contrl,control,,Unknown,Unknown,Unknown,,1765,53.75949698716269,20260527
360,20260527__135,P1_UNIQUE_NAME,386,388,20260527_XZ_GG_135,20260527,135,高海拔,XZ_GG,contrl,control,,Unknown,Unknown,Unknown,,1703,55.38380927429919,20260527
361,20260527__136,P1_UNIQUE_NAME,387,389,20260527_XZ_GG_136,20260527,136,高海拔,XZ_GG,contrl,control,,Unknown,Unknown,Unknown,,1337,64.97249148545978,20260527
362,20260527__137,P1_UNIQUE_NAME,388,390,20260527_XZ_GG_137,20260527,137,高海拔,XZ_GG,contrl,control,,Unknown,Unknown,Unknown,,1837,51.873198847262245,20260527
363,20260527__138,P1_UNIQUE_NAME,389,391,20260527_XZ_GG_138,20260527,138,高海拔,XZ_GG,low,low,,Unknown,Unknown,Unknown,,1689,55.75058946816872,20260527
364,20260527__139,P1_UNIQUE_NAME,390,392,20260527_XZ_GG_139,20260527,139,高海拔,XZ_GG,low,low,,Unknown,Unknown,Unknown,,1978,48.17919832329054,20260527
365,20260527__140,P1_UNIQUE_NAME,391,393,20260527_XZ_GG_140,20260527,140,高海拔,XZ_GG,high,high,,Unknown,Unknown,Unknown,,2082,45.45454545454545,20260527
366,20260527__141,P1_UNIQUE_NAME,392,394,20260527_XZ_GG_141,20260527,141,高海拔,XZ_GG,high,high,,Unknown,Unknown,Unknown,,1553,59.31359706575845,20260527
367,20260527__142,P1_UNIQUE_NAME,393,395,20260527_XZ_GG_142,20260527,142,高海拔,XZ_GG,high,high,,Unknown,Unknown,Unknown,,1598,58.13466072832068,20260527
368,20260527__143,P1_UNIQUE_NAME,394,396,20260527_XZ_GG_143,20260527,143,高海拔,XZ_GG,low,low,,Unknown,Unknown,Unknown,,1680,55.98637673565627,20260527
369,20260527__144,P1_UNIQUE_NAME,395,397,20260527_XZ_GG_144,20260527,144,高海拔,XZ_GG,high,high,,Unknown,Unknown,Unknown,,1882,50.69426250982447,20260527
370,20260527__145,P1_UNIQUE_NAME,396,398,20260527_XZ_GG_145,20260527,145,高海拔,XZ_GG,high,high,,Unknown,Unknown,Unknown,,1886,50.58946816871889,20260527
371,20260527__146,P1_UNIQUE_NAME,397,399,20260527_XZ_GG_146,20260527,146,高海拔,XZ_GG,low,low,,Unknown,Unknown,Unknown,,2294,39.9004453759497,20260527
372,20260527__147,P1_UNIQUE_NAME,398,400,20260527_XZ_GG_147,20260527,147,高海拔,XZ_GG,high,high,,Unknown,Unknown,Unknown,,1377,63.92454807440399,20260527
373,20260527__148,P1_UNIQUE_NAME,399,401,20260527_XZ_GG_148,20260527,148,高海拔,XZ_GG,high,high,,Unknown,Unknown,Unknown,,2247,41.13177888394027,20260527
374,20260527__149,P1_UNIQUE_NAME,400,402,20260527_XZ_GG_149,20260527,149,高海拔,XZ_GG,high,high,,Unknown,Unknown,Unknown,,1258,67.04217972229499,20260527
375,20260527__150,P1_UNIQUE_NAME,401,403,20260527_XZ_GG_150,20260527,150,高海拔,XZ_GG,high,high,,Unknown,Unknown,Unknown,,1454,61.90725700812156,20260527
376,20260527__151,P1_UNIQUE_NAME,402,404,20260527_XZ_GG_151,20260527,151,高海拔,XZ_GG,low,low,,Unknown,Unknown,Unknown,,1549,59.418391406864025,20260527
377,20260527__152,P1_UNIQUE_NAME,403,405,20260527_XZ_GG_152,20260527,152,高海拔,XZ_GG,contrl,control,,Unknown,Unknown,Unknown,,1638,57.08671731726487,20260527
378,20260527__153,P1_UNIQUE_NAME,404,406,20260527_XZ_GG_153,20260527,153,高海拔,XZ_GG,high,high,,Unknown,Unknown,Unknown,,1616,57.66308619334556,20260527
379,20260527__154,P1_UNIQUE_NAME,405,407,20260527_XZ_GG_154,20260527,154,高海拔,XZ_GG,low,low,,Unknown,Unknown,Unknown,,1730,54.67644747183652,20260527
380,20260527__155,P1_UNIQUE_NAME,406,408,20260527_XZ_GG_155,20260527,155,高海拔,XZ_GG,high,high,,Unknown,Unknown,Unknown,,1443,62.1954414461619,20260527
381,20260527__156,P1_UNIQUE_NAME,407,409,20260527_XZ_GG_156,20260527,156,高海拔,XZ_GG,high,high,,Unknown,Unknown,Unknown,,1465,61.619072570081215,20260527
382,20260527__157,P1_UNIQUE_NAME,408,410,20260527_XZ_GG_157,20260527,157,高海拔,XZ_GG,high,high,,Unknown,Unknown,Unknown,,1483,61.14749803510611,20260527
383,20260527__158,P1_UNIQUE_NAME,409,411,20260527_XZ_GG_158,20260527,158,高海拔,XZ_GG,low,low,,Unknown,Unknown,Unknown,,1345,64.76290280324862,20260527
384,20260527__159,P1_UNIQUE_NAME,410,412,20260527_XZ_GG_159,20260527,159,高海拔,XZ_GG,high,high,,Unknown,Unknown,Unknown,,2723,28.66125229237621,20260527
385,20260527__160,P1_UNIQUE_NAME,411,413,20260527_XZ_GG_160,20260527,160,高海拔,XZ_GG,high,high,,Unknown,Unknown,Unknown,,1645,56.903327220330105,20260527
386,20260527__161,P1_UNIQUE_NAME,412,414,20260527_XZ_GG_161,20260527,161,高海拔,XZ_GG,low,low,,Unknown,Unknown,Unknown,,2034,46.71207754781242,20260527
387,20260527__162,P1_UNIQUE_NAME,413,415,20260527_XZ_GG_162,20260527,162,高海拔,XZ_GG,high,high,,Unknown,Unknown,Unknown,,1612,57.767880534451145,20260527
388,20260527__163,P1_UNIQUE_NAME,414,416,20260527_XZ_GG_163,20260527,163,高海拔,XZ_GG,low,low,,Unknown,Unknown,Unknown,,2348,38.485721771024366,20260527
389,20260527__164,P1_UNIQUE_NAME,415,417,20260527_XZ_GG_164,20260527,164,高海拔,XZ_GG,low,low,,Unknown,Unknown,Unknown,,2215,41.97013361278491,20260527
390,20260527__165,P1_UNIQUE_NAME,416,418,20260527_XZ_GG_165,20260527,165,高海拔,XZ_GG,high,high,,Unknown,Unknown,Unknown,,1542,59.60178150379879,20260527
391,20260527__166,P1_UNIQUE_NAME,417,419,20260527_XZ_GG_166,20260527,166,高海拔,XZ_GG,low,low,,Unknown,Unknown,Unknown,,1634,57.19151165837045,20260527
392,20260527__167,P1_UNIQUE_NAME,418,420,20260527_XZ_GG_167,20260527,167,高海拔,XZ_GG,high,high,,Unknown,Unknown,Unknown,,2803,26.56536547026461,20260527
393,20260527__168,P1_UNIQUE_NAME,419,421,20260527_XZ_GG_168,20260527,168,高海拔,XZ_GG,high,high,,Unknown,Unknown,Unknown,,1578,58.65863243384857,20260527
394,20260527__169,P1_UNIQUE_NAME,420,422,20260527_XZ_GG_169,20260527,169,高海拔,XZ_GG,high,high,,Unknown,Unknown,Unknown,,1835,51.92559601781503,20260527
395,20260527__170,P1_UNIQUE_NAME,421,423,20260527_XZ_GG_170,20260527,170,高海拔,XZ_GG,low,low,,Unknown,Unknown,Unknown,,2954,22.60937909352895,20260527
396,20260527__171,P1_UNIQUE_NAME,422,424,20260527_XZ_GG_171,20260527,171,高海拔,XZ_GG,high,high,,Unknown,Unknown,Unknown,,2020,47.07885774168195,20260527
397,20260717_1,P1_UNIQUE_NAME,157,159,20260717_GZ_TH_1,20260717,1,湿热,GZ_TH,contrl,control,,Unknown,Unknown,Unknown,,2022,47.02646057112916,20260717
398,20260717_2,P1_UNIQUE_NAME,158,160,20260717_GZ_TH_2,20260717,2,湿热,GZ_TH,contrl,control,,Unknown,Unknown,Unknown,,1903,50.14409221902017,20260717
399,20260717_3,P1_UNIQUE_NAME,159,161,20260717_GZ_TH_3,20260717,3,湿热,GZ_TH,contrl,control,,Unknown,Unknown,Unknown,,2574,32.56484149855908,20260717
400,20260717_4,P1_UNIQUE_NAME,160,162,20260717_GZ_TH_4,20260717,4,湿热,GZ_TH,contrl,control,,Unknown,Unknown,Unknown,,2964,22.347393240765,20260717
401,20260717_6,P1_UNIQUE_NAME,161,163,20260717_GZ_TH_6,20260717,6,湿热,GZ_TH,high,high,,Unknown,Unknown,Unknown,,2174,43.04427560911711,20260717
402,20260717_7,P1_UNIQUE_NAME,162,164,20260717_GZ_TH_7,20260717,7,湿热,GZ_TH,high,high,,Unknown,Unknown,Unknown,,2111,44.69478648153,20260717
403,20260717_8,P1_UNIQUE_NAME,163,165,20260717_GZ_TH_8,20260717,8,湿热,GZ_TH,high,high,,Unknown,Unknown,Unknown,,2143,43.85643175268535,20260717
404,20260717_9,P1_UNIQUE_NAME,164,166,20260717_GZ_TH_9,20260717,9,湿热,GZ_TH,high,high,,Unknown,Unknown,Unknown,,1981,48.10060256746136,20260717
405,20260717_10,P1_UNIQUE_NAME,165,167,20260717_GZ_TH_10,20260717,10,湿热,GZ_TH,high,high,,Unknown,Unknown,Unknown,,2058,46.08331150117893,20260717
406,20260717_11,P1_UNIQUE_NAME,166,168,20260717_GZ_TH_11,20260717,11,湿热,GZ_TH,high,high,,Unknown,Unknown,Unknown,,2025,46.94786481529997,20260717
407,20260717_12,P1_UNIQUE_NAME,167,169,20260717_GZ_TH_12,20260717,12,湿热,GZ_TH,low,low,,Unknown,Unknown,Unknown,,1294,66.09903065234477,20260717
408,20260717_13,P1_UNIQUE_NAME,168,170,20260717_GZ_TH_13,20260717,13,湿热,GZ_TH,low,low,,Unknown,Unknown,Unknown,,1643,56.95572439088289,20260717
409,20260717_14,P1_UNIQUE_NAME,169,171,20260717_GZ_TH_14,20260717,14,湿热,GZ_TH,high,high,,Unknown,Unknown,Unknown,,1571,58.84202253078333,20260717
410,20260717_15,P1_UNIQUE_NAME,170,172,20260717_GZ_TH_15,20260717,15,湿热,GZ_TH,low,low,,Unknown,Unknown,Unknown,,1925,49.56772334293948,20260717
411,20260717_16,P1_UNIQUE_NAME,171,173,20260717_GZ_TH_16,20260717,16,湿热,GZ_TH,low,low,,Unknown,Unknown,Unknown,,1829,52.08278752947341,20260717
412,20260717_17,P1_UNIQUE_NAME,172,174,20260717_GZ_TH_17,20260717,17,湿热,GZ_TH,low,low,,Unknown,Unknown,Unknown,,1528,59.96856169766832,20260717
413,20260717_18,P1_UNIQUE_NAME,173,175,20260717_GZ_TH_18,20260717,18,湿热,GZ_TH,low,low,,Unknown,Unknown,Unknown,,1991,47.83861671469741,20260717
414,20260717_19,P1_UNIQUE_NAME,174,176,20260717_GZ_TH_19,20260717,19,湿热,GZ_TH,low,low,,Unknown,Unknown,Unknown,,1723,54.85983756877128,20260717
415,20260717_20,P1_UNIQUE_NAME,175,177,20260717_GZ_TH_20,20260717,20,湿热,GZ_TH,low,low,,Unknown,Unknown,Unknown,,2450,35.81346607283207,20260717
416,20260717_21,P1_UNIQUE_NAME,176,178,20260717_GZ_TH_21,20260717,21,湿热,GZ_TH,high,high,,Unknown,Unknown,Unknown,,1616,57.66308619334556,20260717
417,20260717_22,P1_UNIQUE_NAME,177,179,20260717_GZ_TH_22,20260717,22,湿热,GZ_TH,low,low,,Unknown,Unknown,Unknown,,2032,46.76447471836521,20260717
418,20260717_23,P1_UNIQUE_NAME,178,180,20260717_GZ_TH_23,20260717,23,湿热,GZ_TH,contrl,control,,Unknown,Unknown,Unknown,,1590,58.34424941053184,20260717
419,20260717_24,P1_UNIQUE_NAME,179,181,20260717_GZ_TH_24,20260717,24,湿热,GZ_TH,contrl,control,,Unknown,Unknown,Unknown,,3241,15.090385119203564,20260717
420,20260717_25,P1_UNIQUE_NAME,180,182,20260717_GZ_TH_25,20260717,25,湿热,GZ_TH,high,high,,Unknown,Unknown,Unknown,,1977,48.20539690856694,20260717
421,20260717_26,P1_UNIQUE_NAME,181,183,20260717_GZ_TH_26,20260717,26,湿热,GZ_TH,high,high,,Unknown,Unknown,Unknown,,3292,13.754257270107416,20260717
422,20260717_27,P1_UNIQUE_NAME,182,184,20260717_GZ_TH_27,20260717,27,湿热,GZ_TH,high,high,,Unknown,Unknown,Unknown,,1893,50.40607807178412,20260717
423,20260717_28,P1_UNIQUE_NAME,183,185,20260717_GZ_TH_28,20260717,28,湿热,GZ_TH,high,high,,Unknown,Unknown,Unknown,,2985,21.7972229499607,20260717
424,20260717_29,P1_UNIQUE_NAME,184,186,20260717_GZ_TH_29,20260717,29,湿热,GZ_TH,high,high,,Unknown,Unknown,Unknown,,3243,15.037987948650771,20260717
425,20260717_30,P1_UNIQUE_NAME,185,187,20260717_GZ_TH_30,20260717,30,湿热,GZ_TH,high,high,,Unknown,Unknown,Unknown,,1932,49.38433324600472,20260717
426,20260717_31,P1_UNIQUE_NAME,186,188,20260717_GZ_TH_31,20260717,31,湿热,GZ_TH,high,high,,Unknown,Unknown,Unknown,,2119,44.48519779931884,20260717
427,20260717_32,P1_UNIQUE_NAME,187,189,20260717_GZ_TH_32,20260717,32,湿热,GZ_TH,high,high,,Unknown,Unknown,Unknown,,1978,48.17919832329054,20260717
428,20260717_33,P1_UNIQUE_NAME,188,190,20260717_GZ_TH_33,20260717,33,湿热,GZ_TH,high,high,,Unknown,Unknown,Unknown,,2276,40.37201991092481,20260717
429,20260717_35,P1_UNIQUE_NAME,189,191,20260717_GZ_TH_35,20260717,35,湿热,GZ_TH,high,high,,Unknown,Unknown,Unknown,,2173,43.07047419439351,20260717
430,20260717_36,P1_UNIQUE_NAME,190,192,20260717_GZ_TH_36,20260717,36,湿热,GZ_TH,contrl,control,,Unknown,Unknown,Unknown,,1325,65.28687450877652,20260717
431,20260717_37,P1_UNIQUE_NAME,191,193,20260717_GZ_TH_37,20260717,37,湿热,GZ_TH,contrl,control,,Unknown,Unknown,Unknown,,1934,49.33193607545193,20260717
432,20260717_38,P1_UNIQUE_NAME,192,194,20260717_GZ_TH_38,20260717,38,湿热,GZ_TH,high,high,,Unknown,Unknown,Unknown,,1484,61.12129944982971,20260717
433,20260717_39,P1_UNIQUE_NAME,193,195,20260717_GZ_TH_39,20260717,39,湿热,GZ_TH,high,high,,Unknown,Unknown,Unknown,,2563,32.85302593659942,20260717
434,20260717_40,P1_UNIQUE_NAME,194,196,20260717_GZ_TH_40,20260717,40,湿热,GZ_TH,high,high,,Unknown,Unknown,Unknown,,1999,47.62902803248625,20260717
435,20260717_41,P1_UNIQUE_NAME,195,197,20260717_GZ_TH_41,20260717,41,湿热,GZ_TH,high,high,,Unknown,Unknown,Unknown,,1920,49.69871626932146,20260717
436,20260717_42,P1_UNIQUE_NAME,196,198,20260717_GZ_TH_42,20260717,42,湿热,GZ_TH,contrl,control,,Unknown,Unknown,Unknown,,2164,43.30626146188106,20260717
437,20260717_43,P1_UNIQUE_NAME,197,199,20260717_GZ_TH_43,20260717,43,湿热,GZ_TH,contrl,control,,Unknown,Unknown,Unknown,,1681,55.96017815037988,20260717
438,20260717_44,P1_UNIQUE_NAME,198,200,20260717_GZ_TH_44,20260717,44,湿热,GZ_TH,contrl,control,,Unknown,Unknown,Unknown,,1782,53.31412103746398,20260717
439,20260717_45,P1_UNIQUE_NAME,199,201,20260717_GZ_TH_45,20260717,45,湿热,GZ_TH,contrl,control,,Unknown,Unknown,Unknown,,1316,65.52266177626407,20260717
440,20260717_46,P1_UNIQUE_NAME,200,202,20260717_GZ_TH_46,20260717,46,湿热,GZ_TH,low,low,,Unknown,Unknown,Unknown,,2084,45.402148283992666,20260717
441,20260717_47,P1_UNIQUE_NAME,201,203,20260717_GZ_TH_47,20260717,47,湿热,GZ_TH,low,low,,Unknown,Unknown,Unknown,,2244,41.210374639769455,20260717
442,20260717_48,P1_UNIQUE_NAME,202,204,20260717_GZ_TH_48,20260717,48,湿热,GZ_TH,high,high,,Unknown,Unknown,Unknown,,2072,45.7165313073094,20260717
443,20260717_49,P1_UNIQUE_NAME,203,205,20260717_GZ_TH_49,20260717,49,湿热,GZ_TH,contrl,control,,Unknown,Unknown,Unknown,,2174,43.04427560911711,20260717
444,20260717_50,P1_UNIQUE_NAME,204,206,20260717_GZ_TH_50,20260717,50,湿热,GZ_TH,contrl,control,,Unknown,Unknown,Unknown,,1472,61.43568247314645,20260717
445,20260717_51,P1_UNIQUE_NAME,205,207,20260717_GZ_TH_51,20260717,51,湿热,GZ_TH,contrl,control,,Unknown,Unknown,Unknown,,2495,34.63452973539429,20260717
446,20260717_53,P1_UNIQUE_NAME,206,208,20260717_GZ_TH_53,20260717,53,湿热,GZ_TH,contrl,control,,Unknown,Unknown,Unknown,,1974,48.28399266439612,20260717
447,20260717_54,P1_UNIQUE_NAME,207,209,20260717_GZ_TH_54,20260717,54,湿热,GZ_TH,contrl,control,,Unknown,Unknown,Unknown,,3087,19.124967251768403,20260717
448,20260717_55,P1_UNIQUE_NAME,208,210,20260717_GZ_TH_55,20260717,55,湿热,GZ_TH,contrl,control,,Unknown,Unknown,Unknown,,1928,49.489127587110296,20260717
449,20260717_57,P1_UNIQUE_NAME,209,211,20260717_GZ_TH_57,20260717,57,湿热,GZ_TH,contrl,control,,Unknown,Unknown,Unknown,,1885,50.61566675399528,20260717
450,20260717_58,P1_UNIQUE_NAME,210,212,20260717_GZ_TH_58,20260717,58,湿热,GZ_TH,contrl,control,,Unknown,Unknown,Unknown,,1829,52.08278752947341,20260717
451,20260717_59,P1_UNIQUE_NAME,211,213,20260717_GZ_TH_59,20260717,59,湿热,GZ_TH,contrl,control,,Unknown,Unknown,Unknown,,1546,59.496987162693216,20260717
452,20260717_61,P1_UNIQUE_NAME,212,214,20260717_GZ_TH_61,20260717,61,湿热,GZ_TH,contrl,control,,Unknown,Unknown,Unknown,,1711,55.174220592088034,20260717
453,20260717_62,P1_UNIQUE_NAME,213,215,20260717_GZ_TH_62,20260717,62,湿热,GZ_TH,low,low,,Unknown,Unknown,Unknown,,1720,54.93843332460047,20260717
454,20260717_63,P1_UNIQUE_NAME,214,216,20260717_GZ_TH_63,20260717,63,湿热,GZ_TH,contrl,control,,Unknown,Unknown,Unknown,,1914,49.85590778097983,20260717
455,20260717_64,P1_UNIQUE_NAME,215,217,20260717_GZ_TH_64,20260717,64,湿热,GZ_TH,contrl,control,,Unknown,Unknown,Unknown,,1721,54.91223473932407,20260717
456,20260717_65,P1_UNIQUE_NAME,216,218,20260717_GZ_TH_65,20260717,65,湿热,GZ_TH,contrl,control,,Unknown,Unknown,Unknown,,1702,55.41000785957559,20260717
457,20260717_66,P1_UNIQUE_NAME,217,219,20260717_GZ_TH_66,20260717,66,湿热,GZ_TH,contrl,control,,Unknown,Unknown,Unknown,,1814,52.475766308619335,20260717
458,20260717_67,P1_UNIQUE_NAME,218,220,20260717_GZ_TH_67,20260717,67,湿热,GZ_TH,contrl,control,,Unknown,Unknown,Unknown,,1787,53.183128111082,20260717
459,20260717_68,P1_UNIQUE_NAME,219,221,20260717_GZ_TH_68,20260717,68,湿热,GZ_TH,contrl,control,,Unknown,Unknown,Unknown,,1836,51.89939743253864,20260717
460,20260717_69,P1_UNIQUE_NAME,220,222,20260717_GZ_TH_69,20260717,69,湿热,GZ_TH,contrl,control,,Unknown,Unknown,Unknown,,1588,58.396646581084624,20260717
461,20260717_70,P1_UNIQUE_NAME,221,223,20260717_GZ_TH_70,20260717,70,湿热,GZ_TH,contrl,control,,Unknown,Unknown,Unknown,,1620,57.55829185223998,20260717
462,20260717_71,P1_UNIQUE_NAME,222,224,20260717_GZ_TH_71,20260717,71,湿热,GZ_TH,contrl,control,,Unknown,Unknown,Unknown,,1758,53.94288708409746,20260717
463,20260717_72,P1_UNIQUE_NAME,223,225,20260717_GZ_TH_72,20260717,72,湿热,GZ_TH,contrl,control,,Unknown,Unknown,Unknown,,1844,51.68980875032748,20260717
464,20260717_73,P1_UNIQUE_NAME,224,226,20260717_GZ_TH_73,20260717,73,湿热,GZ_TH,contrl,control,,Unknown,Unknown,Unknown,,1817,52.39717055279015,20260717
465,20260717_74,P1_UNIQUE_NAME,225,227,20260717_GZ_TH_74,20260717,74,湿热,GZ_TH,contrl,control,,Unknown,Unknown,Unknown,,1555,59.261199895205664,20260717
466,20260717_75,P1_UNIQUE_NAME,226,228,20260717_GZ_TH_75,20260717,75,湿热,GZ_TH,contrl,control,,Unknown,Unknown,Unknown,,1988,47.91721247052659,20260717
467,20260717_76,P1_UNIQUE_NAME,227,229,20260717_GZ_TH_76,20260717,76,湿热,GZ_TH,contrl,control,,Unknown,Unknown,Unknown,,1977,48.20539690856694,20260717
468,20260717_77,P1_UNIQUE_NAME,228,230,20260717_GZ_TH_77,20260717,77,湿热,GZ_TH,contrl,control,,Unknown,Unknown,Unknown,,1711,55.174220592088034,20260717
469,20260717_78,P1_UNIQUE_NAME,229,231,20260717_GZ_TH_78,20260717,78,湿热,GZ_TH,contrl,control,,Unknown,Unknown,Unknown,,1904,50.11789363374378,20260717
470,20260717_79,P1_UNIQUE_NAME,230,232,20260717_GZ_TH_79,20260717,79,湿热,GZ_TH,contrl,control,,Unknown,Unknown,Unknown,,1784,53.26172386691118,20260717
471,20260717_80,P1_UNIQUE_NAME,231,233,20260717_GZ_TH_80,20260717,80,湿热,GZ_TH,contrl,control,,Unknown,Unknown,Unknown,,2365,38.04034582132565,20260717
472,20260717_87,P1_UNIQUE_NAME,232,234,20260717_GZ_TH_87,20260717,87,湿热,GZ_TH,low,low,,Unknown,Unknown,Unknown,,1734,54.571653130730944,20260717
473,20260717_88,P1_UNIQUE_NAME,233,235,20260717_GZ_TH_88,20260717,88,湿热,GZ_TH,contrl,control,,Unknown,Unknown,Unknown,,1623,57.47969609641079,20260717
474,20260717_89,P1_UNIQUE_NAME,234,236,20260717_GZ_TH_89,20260717,89,湿热,GZ_TH,low,low,,Unknown,Unknown,Unknown,,1908,50.0130992926382,20260717
475,20260717_90,P1_UNIQUE_NAME,235,237,20260717_GZ_TH_90,20260717,90,湿热,GZ_TH,high,high,,Unknown,Unknown,Unknown,,1625,57.427298925858,20260717
476,20260717_93,P1_UNIQUE_NAME,236,238,20260717_GZ_TH_93,20260717,93,湿热,GZ_TH,low,low,,Unknown,Unknown,Unknown,,1706,55.30521351847,20260717
477,20260717_94,P1_UNIQUE_NAME,237,239,20260717_GZ_TH_94,20260717,94,湿热,GZ_TH,low,low,,Unknown,Unknown,Unknown,,1880,50.74665968037726,20260717
478,20260717_95,P1_UNIQUE_NAME,238,240,20260717_GZ_TH_95,20260717,95,湿热,GZ_TH,low,low,,Unknown,Unknown,Unknown,,1758,53.94288708409746,20260717
479,20260717_96,P1_UNIQUE_NAME,239,241,20260717_GZ_TH_96,20260717,96,湿热,GZ_TH,low,low,,Unknown,Unknown,Unknown,,2083,45.428346869269056,20260717
480,20260717_98,P1_UNIQUE_NAME,240,242,20260717_GZ_TH_98,20260717,98,湿热,GZ_TH,LOW,low,,Unknown,Unknown,Unknown,,1416,62.90280324862457,20260717
481,20260717_99,P1_UNIQUE_NAME,241,243,20260717_GZ_TH_99,20260717,99,湿热,GZ_TH,low,low,,Unknown,Unknown,Unknown,,1861,51.24443280062877,20260717
482,20260717_100,P1_UNIQUE_NAME,242,244,20260717_GZ_TH_100,20260717,100,湿热,GZ_TH,low,low,,Unknown,Unknown,Unknown,,1778,53.41891537856955,20260717
483,20260717_101,P1_UNIQUE_NAME,243,245,20260717_GZ_TH_101,20260717,101,湿热,GZ_TH,low,low,,Unknown,Unknown,Unknown,,1932,49.38433324600472,20260717
484,20260717_102,P1_UNIQUE_NAME,244,246,20260717_GZ_TH_102,20260717,102,湿热,GZ_TH,low,low,,Unknown,Unknown,Unknown,,1811,52.554362064448526,20260717
485,20260717_103,P1_UNIQUE_NAME,245,247,20260717_GZ_TH_103,20260717,103,湿热,GZ_TH,low,low,,Unknown,Unknown,Unknown,,1951,48.886560125753206,20260717
486,20260717_104,P1_UNIQUE_NAME,246,248,20260717_GZ_TH_104,20260717,104,湿热,GZ_TH,low,low,,Unknown,Unknown,Unknown,,1613,57.74168194917474,20260717
487,20260717_106,P1_UNIQUE_NAME,247,249,20260717_GZ_TH_106,20260717,106,湿热,GZ_TH,low,low,,Unknown,Unknown,Unknown,,1669,56.27456117369663,20260717
488,20260717_107,P1_UNIQUE_NAME,248,250,20260717_GZ_TH_107,20260717,107,湿热,GZ_TH,high,high,,Unknown,Unknown,Unknown,,1773,53.54990830495153,20260717
489,20260717_108,P1_UNIQUE_NAME,249,251,20260717_GZ_TH_108,20260717,108,湿热,GZ_TH,high,high,,Unknown,Unknown,Unknown,,1615,57.68928477862195,20260717
490,20260717_109,P1_UNIQUE_NAME,250,252,20260717_GZ_TH_109,20260717,109,湿热,GZ_TH,high,high,,Unknown,Unknown,Unknown,,1577,58.68483101912497,20260717
491,20260717_110,P1_UNIQUE_NAME,251,253,20260717_GZ_TH_110,20260717,110,湿热,GZ_TH,contrl,control,,Unknown,Unknown,Unknown,,1577,58.68483101912497,20260717
492,20260717_111,P1_UNIQUE_NAME,252,254,20260717_GZ_TH_111,20260717,111,湿热,GZ_TH,high,high,,Unknown,Unknown,Unknown,,1691,55.69819229761593,20260717
493,20260717_112,P1_UNIQUE_NAME,253,255,20260717_GZ_TH_112,20260717,112,湿热,GZ_TH,high,high,,Unknown,Unknown,Unknown,,2075,45.63793555148022,20260717
494,20260717_114,P1_UNIQUE_NAME,254,256,20260717_GZ_TH_114,20260717,114,湿热,GZ_TH,high,high,,Unknown,Unknown,Unknown,,1615,57.68928477862195,20260717
495,20260717_115,P1_UNIQUE_NAME,255,257,20260717_GZ_TH_115,20260717,115,湿热,GZ_TH,high,high,,Unknown,Unknown,Unknown,,2313,39.40267225569819,20260717
496,20260717_117,P1_UNIQUE_NAME,256,258,20260717_GZ_TH_117,20260717,117,湿热,GZ_TH,contrl,control,,Unknown,Unknown,Unknown,,1767,53.70709981660991,20260717
497,20260717_118,P1_UNIQUE_NAME,257,259,20260717_GZ_TH_118,20260717,118,湿热,GZ_TH,contrl,control,,Unknown,Unknown,Unknown,,1525,60.04715745349751,20260717
498,20260717_119,P1_UNIQUE_NAME,258,260,20260717_GZ_TH_119,20260717,119,湿热,GZ_TH,high,high,,Unknown,Unknown,Unknown,,2731,28.451663610165053,20260717
499,20260717_120,P1_UNIQUE_NAME,259,261,20260717_GZ_TH_120,20260717,120,湿热,GZ_TH,high,high,,Unknown,Unknown,Unknown,,1572,58.81582394550694,20260717
500,20260717_121,P1_UNIQUE_NAME,260,262,20260717_GZ_TH_121,20260717,121,湿热,GZ_TH,contrl,control,,Unknown,Unknown,Unknown,,2014,47.23604925334032,20260717
501,20260717_122,P1_UNIQUE_NAME,261,263,20260717_GZ_TH_122,20260717,122,湿热,GZ_TH,high,high,,Unknown,Unknown,Unknown,,1595,58.21325648414985,20260717
502,20260717_123,P1_UNIQUE_NAME,262,264,20260717_GZ_TH_123,20260717,123,湿热,GZ_TH,high,high,,Unknown,Unknown,Unknown,,1671,56.222164003143824,20260717
503,20260717_124,P1_UNIQUE_NAME,263,265,20260717_GZ_TH_124,20260717,124,湿热,GZ_TH,high,high,,Unknown,Unknown,Unknown,,1759,53.91668849882107,20260717
504,20260717_125,P1_UNIQUE_NAME,264,266,20260717_GZ_TH_125,20260717,125,湿热,GZ_TH,high,high,,Unknown,Unknown,Unknown,,1634,57.19151165837045,20260717
505,20260717_126,P1_UNIQUE_NAME,265,267,20260717_GZ_TH_126,20260717,126,湿热,GZ_TH,high,high,,Unknown,Unknown,Unknown,,1716,55.04322766570605,20260717
506,20260717_128,P1_UNIQUE_NAME,266,268,20260717_GZ_TH_128,20260717,128,湿热,GZ_TH,high,high,,Unknown,Unknown,Unknown,,1993,47.786219544144615,20260717
507,20260717_129,P1_UNIQUE_NAME,267,269,20260717_GZ_TH_129,20260717,129,湿热,GZ_TH,high,high,,Unknown,Unknown,Unknown,,1867,51.0872412889704,20260717
508,20260717_131,P1_UNIQUE_NAME,268,270,20260717_GZ_TH_131,20260717,131,湿热,GZ_TH,high,high,,Unknown,Unknown,Unknown,,1679,56.01257532093267,20260717
509,20260717_132,P1_UNIQUE_NAME,269,271,20260717_GZ_TH_132,20260717,132,湿热,GZ_TH,high,high,,Unknown,Unknown,Unknown,,1406,63.16478910138853,20260717
510,20260717_133,P1_UNIQUE_NAME,270,272,20260717_GZ_TH_133,20260717,133,湿热,GZ_TH,high,high,,Unknown,Unknown,Unknown,,1568,58.92061828661252,20260717
511,20260717_134,P1_UNIQUE_NAME,271,273,20260717_GZ_TH_134,20260717,134,湿热,GZ_TH,high,high,,Unknown,Unknown,Unknown,,1053,72.41288970395598,20260717
512,20260717_137,P1_UNIQUE_NAME,272,274,20260717_GZ_TH_137,20260717,137,湿热,GZ_TH,high,high,,Unknown,Unknown,Unknown,,1226,67.88053445113964,20260717
513,20260717_138,P1_UNIQUE_NAME,273,275,20260717_GZ_TH_138,20260717,138,湿热,GZ_TH,high,high,,Unknown,Unknown,Unknown,,1587,58.42284516636101,20260717
514,20260717_143,P1_UNIQUE_NAME,274,276,20260717_GZ_TH_143,20260717,143,湿热,GZ_TH,low,low,,Unknown,Unknown,Unknown,,1847,51.6112129944983,20260717
515,20260717_144,P1_UNIQUE_NAME,275,277,20260717_GZ_TH_144,20260717,144,湿热,GZ_TH,contrl,control,,Unknown,Unknown,Unknown,,1957,48.72936861409484,20260717
516,20260717_147,P1_UNIQUE_NAME,276,278,20260717_GZ_TH_147,20260717,147,湿热,GZ_TH,low,low,,Unknown,Unknown,Unknown,,1615,57.68928477862195,20260717
517,20260717_148,P1_UNIQUE_NAME,277,279,20260717_GZ_TH_148,20260717,148,湿热,GZ_TH,low,low,,Unknown,Unknown,Unknown,,2028,46.86926905947079,20260717
518,20260717_149,P1_UNIQUE_NAME,278,280,20260717_GZ_TH_149,20260717,149,湿热,GZ_TH,low,low,,Unknown,Unknown,Unknown,,2048,46.34529735394289,20260717
519,20260717_150,P1_UNIQUE_NAME,279,281,20260717_GZ_TH_150,20260717,150,湿热,GZ_TH,low,low,,Unknown,Unknown,Unknown,,1696,55.567199371233954,20260717
