"PG.ProteinGroups","UniqueSampleID","Abundance","TREAT1_clean","condition"
"P16112","20250913_FJ_QZ_Q3",12.9711546206632,"low","<U+6E7F><U+70ED>"
"P16112","20250913_FJ_QZ_Q4",10.7795888192975,"control","<U+6E7F><U+70ED>"
"P16112","20250913_FJ_QZ_Q12",9.02206297464981,"control","<U+6E7F><U+70ED>"
"P16112","20250913_FJ_QZ_Q13",10.9354175001544,"control","<U+6E7F><U+70ED>"
"P16112","20250913_FJ_QZ_Q14",12.3065536291636,"control","<U+6E7F><U+70ED>"
"P16112","20250913_FJ_QZ_Q15",11.7923285018554,"control","<U+6E7F><U+70ED>"
"P16112","20250913_FJ_QZ_Q16",10.4468158822523,"control","<U+6E7F><U+70ED>"
"P16112","20250913_FJ_QZ_Q18",10.8425112892146,"control","<U+6E7F><U+70ED>"
"P16112","20250913_FJ_QZ_Q20",12.4503499273905,"control","<U+6E7F><U+70ED>"
"P16112","20250913_FJ_QZ_Q21",11.0946241200667,"control","<U+6E7F><U+70ED>"
"P16112","20250913_FJ_QZ_Q22",10.9622523006064,"control","<U+6E7F><U+70ED>"
"P16112","20250913_FJ_QZ_Q23",10.1028228024612,"control","<U+6E7F><U+70ED>"
"P16112","20250913_FJ_QZ_Q25",11.7474764560004,"control","<U+6E7F><U+70ED>"
"P16112","20250913_FJ_QZ_Q26",11.3147596894393,"control","<U+6E7F><U+70ED>"
"P16112","20250913_FJ_QZ_Q27",12.1414244297104,"control","<U+6E7F><U+70ED>"
"P16112","20250913_FJ_QZ_Q28",12.2596049257732,"control","<U+6E7F><U+70ED>"
"P16112","20250913_FJ_QZ_Q29",9.27608179733027,"control","<U+6E7F><U+70ED>"
"P16112","20250913_FJ_QZ_Q31",9.63252956107328,"high","<U+6E7F><U+70ED>"
"P16112","20250913_FJ_QZ_Q32",10.4374149221366,"high","<U+6E7F><U+70ED>"
"P16112","20250913_FJ_QZ_Q33",11.0387351667097,"high","<U+6E7F><U+70ED>"
"P16112","20250913_FJ_QZ_Q34",10.7573708823051,"high","<U+6E7F><U+70ED>"
"P16112","20250913_FJ_QZ_Q36",11.2835011494956,"low","<U+6E7F><U+70ED>"
"P16112","20250913_FJ_QZ_Q37",10.245395881288,"high","<U+6E7F><U+70ED>"
"P16112","20250913_FJ_QZ_Q38",10.6014476568059,"low","<U+6E7F><U+70ED>"
"P16112","20250913_FJ_QZ_Q39",11.0967973369238,"high","<U+6E7F><U+70ED>"
"P16112","20250913_FJ_QZ_Q41",11.1943673157219,"high","<U+6E7F><U+70ED>"
"P16112","20250913_FJ_QZ_Q42",10.977864480553,"high","<U+6E7F><U+70ED>"
"P16112","20250913_FJ_QZ_Q44",11.1278734466903,"low","<U+6E7F><U+70ED>"
"P16112","20250913_FJ_QZ_Q45",10.1824466399191,"low","<U+6E7F><U+70ED>"
"P16112","20250913_FJ_QZ_Q48",10.8448690330142,"low","<U+6E7F><U+70ED>"
"P16112","20250913_FJ_QZ_Q49",11.4540125682117,"low","<U+6E7F><U+70ED>"
"P16112","20250913_FJ_QZ_Q50",10.4046084883784,"control","<U+6E7F><U+70ED>"
"P16112","20250913_FJ_QZ_Q52",11.2677908199053,"low","<U+6E7F><U+70ED>"
"P16112","20250913_FJ_QZ_Q54",8.54295037287459,"control","<U+6E7F><U+70ED>"
"P16112","20250913_FJ_QZ_Q55",12.0715880565792,"control","<U+6E7F><U+70ED>"
"P16112","20250913_FJ_QZ_Q57",11.0617027725142,"control","<U+6E7F><U+70ED>"
"P16112","20250913_FJ_QZ_Q58",10.0681583154808,"low","<U+6E7F><U+70ED>"
"P16112","20250913_FJ_QZ_Q59",11.5872284834796,"low","<U+6E7F><U+70ED>"
"P16112","20250913_FJ_QZ_Q60",12.1779714877909,"low","<U+6E7F><U+70ED>"
"P16112","20250913_FJ_QZ_Q61",11.0997340132406,"control","<U+6E7F><U+70ED>"
"P16112","20250913_FJ_QZ_Q62",11.1450755886084,"control","<U+6E7F><U+70ED>"
"P16112","20250913_FJ_QZ_Q63",11.6190137384205,"control","<U+6E7F><U+70ED>"
"P16112","20250913_FJ_QZ_Q65",10.9605205329965,"control","<U+6E7F><U+70ED>"
"P16112","20250913_FJ_QZ_Q66",12.3347964738218,"low","<U+6E7F><U+70ED>"
"P16112","20250913_FJ_QZ_Q67",11.5227717560774,"low","<U+6E7F><U+70ED>"
"P16112","20250913_FJ_QZ_Q68",10.9814830565974,"control","<U+6E7F><U+70ED>"
"P16112","20250913_FJ_QZ_Q69",10.8868951374573,"control","<U+6E7F><U+70ED>"
"P16112","20250913_FJ_QZ_Q70",11.7431294058527,"control","<U+6E7F><U+70ED>"
"P16112","20250913_FJ_QZ_Q71",11.3516563894976,"control","<U+6E7F><U+70ED>"
"P16112","20250913_FJ_QZ_Q72",10.6017263635204,"low","<U+6E7F><U+70ED>"
"P16112","20250914_FJ_FQ_F47",10.9081187167873,"low","<U+6E7F><U+70ED>"
"P16112","20250914_FJ_FQ_F51",12.3281145798208,"low","<U+6E7F><U+70ED>"
"P16112","20250914_FJ_FQ_F53",9.81848134450958,"control","<U+6E7F><U+70ED>"
"P16112","20250914_FJ_FQ_F54",11.9247191911532,"low","<U+6E7F><U+70ED>"
"P16112","20250914_FJ_FQ_F55",10.2686456496211,"high","<U+6E7F><U+70ED>"
"P16112","20250914_FJ_FQ_F56",11.5990272533942,"control","<U+6E7F><U+70ED>"
"P16112","20250914_FJ_FQ_F57",11.9859674144306,"low","<U+6E7F><U+70ED>"
"P16112","20250914_FJ_FQ_F58",11.8924591595457,"high","<U+6E7F><U+70ED>"
"P16112","20250914_FJ_FQ_F62",10.7952228125405,"high","<U+6E7F><U+70ED>"
"P16112","20250914_FJ_FQ_F66",11.8617321204894,"control","<U+6E7F><U+70ED>"
"P16112","20250914_FJ_FQ_F69",9.80989743394012,"high","<U+6E7F><U+70ED>"
"P16112","20250914_FJ_FQ_F70",13.0965422505187,"control","<U+6E7F><U+70ED>"
"P16112","20250914_FJ_FQ_F71",10.7241649211478,"high","<U+6E7F><U+70ED>"
"P16112","20250914_FJ_FQ_F72",11.1210942815141,"low","<U+6E7F><U+70ED>"
"P16112","20250914_FJ_FQ_F74",11.0211589195317,"low","<U+6E7F><U+70ED>"
"P16112","20250914_FJ_FQ_F75",11.4905905429899,"high","<U+6E7F><U+70ED>"
"P16112","20250914_FJ_FQ_F77",9.82415184461531,"low","<U+6E7F><U+70ED>"
"P16112","20250914_FJ_FQ_F79",11.0926755344189,"high","<U+6E7F><U+70ED>"
"P16112","20250914_FJ_FQ_F81",10.2461720055233,"high","<U+6E7F><U+70ED>"
"P16112","20250914_FJ_FQ_F83",11.844949559286,"low","<U+6E7F><U+70ED>"
"P16112","20250914_FJ_FQ_F84",11.2838570403996,"low","<U+6E7F><U+70ED>"
"P16112","20250914_FJ_FQ_F85",12.0039234319194,"high","<U+6E7F><U+70ED>"
"P16112","20250914_FJ_FQ_F88",10.1198810240661,"high","<U+6E7F><U+70ED>"
"P16112","20250914_FJ_FQ_F89",10.0973556032378,"high","<U+6E7F><U+70ED>"
"P16112","20250914_FJ_FQ_F93",12.1396803067893,"low","<U+6E7F><U+70ED>"
"P16112","20250914_FJ_FQ_F94",12.0370062897571,"control","<U+6E7F><U+70ED>"
"P16112","20250914_FJ_FQ_F102",9.65401393687748,"high","<U+6E7F><U+70ED>"
"P16112","20250914_FJ_FQ_F105",11.3611609681987,"high","<U+6E7F><U+70ED>"
"P16112","20250914_FJ_FQ_F106",10.9228364333677,"high","<U+6E7F><U+70ED>"
"P16112","20250914_FJ_FQ_F107",10.8601996436055,"low","<U+6E7F><U+70ED>"
"P16112","20250914_FJ_FQ_F110",12.4931353182016,"high","<U+6E7F><U+70ED>"
"P16112","20250914_FJ_FQ_F111",10.4159480320036,"low","<U+6E7F><U+70ED>"
"P16112","20250914_FJ_FQ_F118",11.9169413008939,"low","<U+6E7F><U+70ED>"
"P16112","20250914_FJ_FQ_F121",10.1792457914337,"high","<U+6E7F><U+70ED>"
"P16112","20250914_FJ_FQ_F122",10.1940301415739,"high","<U+6E7F><U+70ED>"
"P16112","20250914_FJ_FQ_F123",12.5478045073207,"high","<U+6E7F><U+70ED>"
"P16112","20250914_FJ_FQ_F124",10.757908378248,"high","<U+6E7F><U+70ED>"
"P16112","20250914_FJ_FQ_F125",11.2172496822688,"high","<U+6E7F><U+70ED>"
"P16112","20250914_FJ_FQ_F126",9.55943544263834,"high","<U+6E7F><U+70ED>"
"P16112","20250914_FJ_FQ_F128",11.0458554608366,"low","<U+6E7F><U+70ED>"
"P16112","20250914_FJ_FQ_F129",8.26308390732421,"high","<U+6E7F><U+70ED>"
"P16112","20250914_FJ_FQ_F131",10.974129564175,"control","<U+6E7F><U+70ED>"
"P16112","20250914_FJ_FQ_F135",9.93873275816412,"high","<U+6E7F><U+70ED>"
"P16112","20250914_FJ_FQ_F137",10.8596639723367,"control","<U+6E7F><U+70ED>"
"P16112","20250914_FJ_PT_P2",12.2321093701966,"control","<U+6E7F><U+70ED>"
"P16112","20250914_FJ_PT_P3",12.3392663838144,"control","<U+6E7F><U+70ED>"
"P16112","20250914_FJ_PT_P4",11.2798413619269,"low","<U+6E7F><U+70ED>"
"P16112","20250914_FJ_PT_P6",11.0015593835499,"high","<U+6E7F><U+70ED>"
"P16112","20250914_FJ_PT_P7",11.8643658339282,"control","<U+6E7F><U+70ED>"
"P16112","20250914_FJ_PT_P8",11.1260701475421,"low","<U+6E7F><U+70ED>"
"P16112","20250914_FJ_PT_P9",11.0796280087009,"low","<U+6E7F><U+70ED>"
"P16112","20250914_FJ_PT_P10",11.0679719466316,"low","<U+6E7F><U+70ED>"
"P16112","20250914_FJ_PT_P11",13.0310282348892,"high","<U+6E7F><U+70ED>"
"P16112","20250914_FJ_PT_P13",10.0809144418967,"low","<U+6E7F><U+70ED>"
"P16112","20250914_FJ_PT_P15",12.0861383312199,"low","<U+6E7F><U+70ED>"
"P16112","20250914_FJ_PT_P17",11.7439540444047,"high","<U+6E7F><U+70ED>"
"P16112","20250914_FJ_PT_P18",11.1004406604594,"high","<U+6E7F><U+70ED>"
"P16112","20250914_FJ_PT_P19",10.603006883477,"high","<U+6E7F><U+70ED>"
"P16112","20250914_FJ_PT_P20",10.9310853659115,"low","<U+6E7F><U+70ED>"
"P16112","20250914_FJ_PT_P21",10.9917918680308,"high","<U+6E7F><U+70ED>"
"P16112","20250914_FJ_PT_P22",11.0617985077863,"low","<U+6E7F><U+70ED>"
"P16112","20250914_FJ_PT_P23",10.5414473748379,"low","<U+6E7F><U+70ED>"
"P16112","20250914_FJ_PT_P24",11.6581815131865,"high","<U+6E7F><U+70ED>"
"P16112","20250914_FJ_PT_P25",8.85434233395985,"low","<U+6E7F><U+70ED>"
"P16112","20250914_FJ_PT_P26",10.9024795438914,"high","<U+6E7F><U+70ED>"
"P16112","20250914_FJ_PT_P27",12.4854605845128,"high","<U+6E7F><U+70ED>"
"P16112","20250914_FJ_PT_P29",11.4000855495055,"high","<U+6E7F><U+70ED>"
"P16112","20250914_FJ_PT_P30",11.5967344801118,"high","<U+6E7F><U+70ED>"
"P16112","20250914_FJ_PT_P33",11.3212643643718,"high","<U+6E7F><U+70ED>"
"P16112","20251001_FJ_FQ_F83",9.78689515205024,"low","<U+6E7F><U+70ED>"
"P16112","20251001_FJ_FQ_F95",9.0822201985314,"high","<U+6E7F><U+70ED>"
"P16112","20251001_FJ_FQ_F97",11.2985159908035,"high","<U+6E7F><U+70ED>"
"P16112","20251001_FJ_FQ_F105",9.48701909717243,"high","<U+6E7F><U+70ED>"
"P16112","20251001_FJ_FQ_F120",10.1899822654186,"high","<U+6E7F><U+70ED>"
"P16112","20251001_FJ_FQ_F136",10.5935913844142,"control","<U+6E7F><U+70ED>"
"P16112","20251001_FJ_FQ_F141",11.4870713703635,"control","<U+6E7F><U+70ED>"
"P16112","20251001_FJ_FQ_F147",11.1213583450003,"high","<U+6E7F><U+70ED>"
"P16112","20251001_FJ_FQ_F150",10.0047468147114,"control","<U+6E7F><U+70ED>"
"P16112","20251001_FJ_FQ_F154",11.0716063860425,"high","<U+6E7F><U+70ED>"
"P16112","20251001_FJ_FQ_F158",9.20224057809847,"high","<U+6E7F><U+70ED>"
"P16112","20251001_FJ_FQ_F163",9.86318884982113,"control","<U+6E7F><U+70ED>"
"P16112","20251001_FJ_FQ_F165",10.3760401806796,"control","<U+6E7F><U+70ED>"
"P16112","20251001_FJ_FQ_F168",10.3756411042429,"high","<U+6E7F><U+70ED>"
"P16112","20251001_FJ_FQ_F170",11.5632949743782,"control","<U+6E7F><U+70ED>"
"P16112","20251001_FJ_FQ_F173",11.0112479038592,"low","<U+6E7F><U+70ED>"
"P16112","20251001_FJ_FQ_F174",12.8482079138359,"low","<U+6E7F><U+70ED>"
"P16112","20251001_FJ_FQ_F175",10.1652394728309,"low","<U+6E7F><U+70ED>"
"P16112","20251001_FJ_FQ_F176",12.1871582785119,"low","<U+6E7F><U+70ED>"
"P16112","20251001_FJ_FQ_F177",10.763398395321,"low","<U+6E7F><U+70ED>"
"P16112","20251001_FJ_FQ_F180",11.6162303519665,"low","<U+6E7F><U+70ED>"
"P16112","20251001_FJ_FQ_F183",12.0379235896732,"low","<U+6E7F><U+70ED>"
"P16112","20251001_FJ_FQ_F185",12.0094179197274,"low","<U+6E7F><U+70ED>"
"P16112","20251001_XZ_YA_1",12.4700928273926,"low","<U+9AD8><U+6D77><U+62D4>"
"P16112","20251001_XZ_YA_2",10.8969378521259,"low","<U+9AD8><U+6D77><U+62D4>"
"P16112","20251001_XZ_YA_3",10.6135587157641,"low","<U+9AD8><U+6D77><U+62D4>"
"P16112","20251001_XZ_YA_4",9.31745056805753,"low","<U+9AD8><U+6D77><U+62D4>"
"P16112","20251001_XZ_YA_5",11.1531595571032,"low","<U+9AD8><U+6D77><U+62D4>"
"P16112","20251001_XZ_YA_6",11.1934254960751,"low","<U+9AD8><U+6D77><U+62D4>"
"P16112","20251001_XZ_YA_7",11.5566026431077,"low","<U+9AD8><U+6D77><U+62D4>"
"P16112","20251001_XZ_YA_8",10.8250449484755,"low","<U+9AD8><U+6D77><U+62D4>"
"P16112","20251001_XZ_YA_9",12.1165773280872,"low","<U+9AD8><U+6D77><U+62D4>"
"P16112","20251001_XZ_YA_10",11.7975945430467,"low","<U+9AD8><U+6D77><U+62D4>"
"P16112","20251001_XZ_YA_11",10.5744493984515,"low","<U+9AD8><U+6D77><U+62D4>"
"P16112","20251001_XZ_YA_12",11.3488105347341,"low","<U+9AD8><U+6D77><U+62D4>"
"P16112","20251001_XZ_YA_13",11.7239641845688,"low","<U+9AD8><U+6D77><U+62D4>"
"P16112","20251001_XZ_YA_14",11.6820406593113,"low","<U+9AD8><U+6D77><U+62D4>"
"P16112","20251001_XZ_YA_15",11.6641346360179,"low","<U+9AD8><U+6D77><U+62D4>"
"P16112","20251001_XZ_YA_16",12.0566238246616,"low","<U+9AD8><U+6D77><U+62D4>"
"P16112","20251001_XZ_YA_17",11.3812761208255,"low","<U+9AD8><U+6D77><U+62D4>"
"P16112","20251001_XZ_YA_18",11.6151912590491,"low","<U+9AD8><U+6D77><U+62D4>"
"P16112","20251001_XZ_YA_19",12.1296193168449,"low","<U+9AD8><U+6D77><U+62D4>"
"P16112","20251001_XZ_YA_20",10.4866931446003,"control","<U+9AD8><U+6D77><U+62D4>"
"P16112","20251001_XZ_YA_21",10.4790423362475,"control","<U+9AD8><U+6D77><U+62D4>"
"P16112","20251001_XZ_YA_22",7.41085475704665,"high","<U+9AD8><U+6D77><U+62D4>"
"P16112","20251001_XZ_YB_2",11.8130760888063,"control","<U+9AD8><U+6D77><U+62D4>"
"P16112","20251001_XZ_YB_4",13.4348919871343,"control","<U+9AD8><U+6D77><U+62D4>"
"P16112","20251001_XZ_YB_6",11.7151474861226,"control","<U+9AD8><U+6D77><U+62D4>"
"P16112","20251001_XZ_YB_9",11.7722852722643,"control","<U+9AD8><U+6D77><U+62D4>"
"P16112","20251001_XZ_YB_10",12.1818330254579,"control","<U+9AD8><U+6D77><U+62D4>"
"P16112","20251001_XZ_YB_11",12.0288176356106,"control","<U+9AD8><U+6D77><U+62D4>"
"P16112","20251001_XZ_YB_12",11.8750420190733,"control","<U+9AD8><U+6D77><U+62D4>"
"P16112","20251001_XZ_YB_14",11.0481974853781,"control","<U+9AD8><U+6D77><U+62D4>"
"P16112","20251001_XZ_YB_15",10.0424656246776,"control","<U+9AD8><U+6D77><U+62D4>"
"P16112","20251001_XZ_YB_19",12.1613930254426,"control","<U+9AD8><U+6D77><U+62D4>"
"P16112","20251001_XZ_YC_1",10.6488012457393,"control","<U+9AD8><U+6D77><U+62D4>"
"P16112","20251001_XZ_YC_2",11.6885408084041,"control","<U+9AD8><U+6D77><U+62D4>"
"P16112","20251001_XZ_YC_3",11.6149982407229,"high","<U+9AD8><U+6D77><U+62D4>"
"P16112","20251001_XZ_YC_4",12.3249032143069,"control","<U+9AD8><U+6D77><U+62D4>"
"P16112","20251001_XZ_YC_5",10.7573218426164,"high","<U+9AD8><U+6D77><U+62D4>"
"P16112","20251001_XZ_YC_6",10.340081944247,"low","<U+9AD8><U+6D77><U+62D4>"
"P16112","20251001_XZ_YC_7",11.6694897766648,"low","<U+9AD8><U+6D77><U+62D4>"
"P16112","20251001_XZ_YC_8",11.4303610480115,"control","<U+9AD8><U+6D77><U+62D4>"
"P16112","20251001_XZ_YC_9",9.40139126354381,"low","<U+9AD8><U+6D77><U+62D4>"
"P16112","20251001_XZ_YC_10",11.9059441513408,"high","<U+9AD8><U+6D77><U+62D4>"
"P16112","20251001_XZ_YC_11",10.6045280056201,"high","<U+9AD8><U+6D77><U+62D4>"
"P16112","20251001_XZ_YC_12",12.0718094674586,"high","<U+9AD8><U+6D77><U+62D4>"
"P16112","20251001_XZ_YC_13",10.5131510871601,"high","<U+9AD8><U+6D77><U+62D4>"
"P16112","20251001_XZ_YC_14",11.1865607194879,"high","<U+9AD8><U+6D77><U+62D4>"
"P16112","20251001_XZ_YC_15",11.6762736951975,"high","<U+9AD8><U+6D77><U+62D4>"
"P16112","20251001_XZ_YC_16",11.8664484823816,"high","<U+9AD8><U+6D77><U+62D4>"
"P16112","20251001_XZ_YC_17",11.1542083916461,"high","<U+9AD8><U+6D77><U+62D4>"
"P16112","20251001_XZ_YC_18",12.2973996590545,"low","<U+9AD8><U+6D77><U+62D4>"
"P16112","20251001_XZ_YC_19",12.2350763849176,"high","<U+9AD8><U+6D77><U+62D4>"
"P16112","20251001_XZ_YC_20",11.3065981277363,"low","<U+9AD8><U+6D77><U+62D4>"
"P16112","20251001_XZ_YC_21",10.6563286213894,"high","<U+9AD8><U+6D77><U+62D4>"
"P16112","20251001_XZ_YC_22",10.7069433382606,"high","<U+9AD8><U+6D77><U+62D4>"
"P16112","20251001_XZ_YC_23",11.1367583650397,"low","<U+9AD8><U+6D77><U+62D4>"
"P16112","20251001_XZ_YC_24",11.142327879519,"high","<U+9AD8><U+6D77><U+62D4>"
"P16112","20251001_XZ_YC_25",10.7788529692881,"high","<U+9AD8><U+6D77><U+62D4>"
"P16112","20251001_XZ_YC_26",11.1413497404088,"high","<U+9AD8><U+6D77><U+62D4>"
"P16112","20251001_XZ_YC_27",9.34363737630409,"high","<U+9AD8><U+6D77><U+62D4>"
"P16112","20251001_XZ_YC_28",10.4846176430318,"high","<U+9AD8><U+6D77><U+62D4>"
"P16112","20251001_XZ_YC_29",9.98467286611004,"high","<U+9AD8><U+6D77><U+62D4>"
"P16112","20251001_XZ_YC_30",11.8012027303545,"low","<U+9AD8><U+6D77><U+62D4>"
"P16112","20251001_XZ_YC_31",11.015505571909,"control","<U+9AD8><U+6D77><U+62D4>"
"P16112","20251001_XZ_YC_32",11.9158008927921,"high","<U+9AD8><U+6D77><U+62D4>"
"P16112","20251001_XZ_YC_33",10.9853222834985,"high","<U+9AD8><U+6D77><U+62D4>"
"P16112","20251001_XZ_YC_34",12.9976891972717,"control","<U+9AD8><U+6D77><U+62D4>"
"P16112","20251001_XZ_YD_1",10.9598692244275,"low","<U+9AD8><U+6D77><U+62D4>"
"P16112","20251001_XZ_YD_3",10.0009992170558,"control","<U+9AD8><U+6D77><U+62D4>"
"P16112","20251001_XZ_YD_4",10.4505132949815,"control","<U+9AD8><U+6D77><U+62D4>"
"P16112","20251001_XZ_YD_5",9.69036208561303,"low","<U+9AD8><U+6D77><U+62D4>"
"P16112","20251001_XZ_YD_6",9.24918971207336,"control","<U+9AD8><U+6D77><U+62D4>"
"P16112","20251001_XZ_YD_7",9.16246509032024,"high","<U+9AD8><U+6D77><U+62D4>"
"P16112","20251001_XZ_YD_8",9.57407919378158,"high","<U+9AD8><U+6D77><U+62D4>"
"P16112","20251001_XZ_YD_9",8.3277247695751,"high","<U+9AD8><U+6D77><U+62D4>"
"P16112","20251001_XZ_YD_10",10.8400949266835,"high","<U+9AD8><U+6D77><U+62D4>"
"P16112","20251001_XZ_YD_11",10.7715778241609,"high","<U+9AD8><U+6D77><U+62D4>"
"P16112","20251001_XZ_YD_12",11.4150766248014,"control","<U+9AD8><U+6D77><U+62D4>"
"P16112","20251001_XZ_YD_13",11.1824824058347,"control","<U+9AD8><U+6D77><U+62D4>"
"P16112","20251001_XZ_YD_14",11.0296249146309,"control","<U+9AD8><U+6D77><U+62D4>"
"P16112","20251001_XZ_YD_15",11.4824497845389,"low","<U+9AD8><U+6D77><U+62D4>"
"P16112","20251001_XZ_YD_16",11.8324652208635,"high","<U+9AD8><U+6D77><U+62D4>"
"P16112","20251001_XZ_YD_17",10.9440252374333,"low","<U+9AD8><U+6D77><U+62D4>"
"P16112","20251001_XZ_YD_18",11.2926576636739,"high","<U+9AD8><U+6D77><U+62D4>"
"P16112","20251001_XZ_YD_19",9.69856563682986,"control","<U+9AD8><U+6D77><U+62D4>"
"P16112","20251001_XZ_YD_20",10.7701460540476,"control","<U+9AD8><U+6D77><U+62D4>"
"P16112","20251001_XZ_YD_21",10.2232699538487,"control","<U+9AD8><U+6D77><U+62D4>"
"P16112","20251001_XZ_YD_22",10.695773407939,"control","<U+9AD8><U+6D77><U+62D4>"
"P16112","20251001_XZ_YD_23",11.4194151615677,"low","<U+9AD8><U+6D77><U+62D4>"
"P16112","20251001_XZ_YD_24",9.67460855681673,"low","<U+9AD8><U+6D77><U+62D4>"
"P16112","20251001_XZ_YD_25",9.43172929622177,"low","<U+9AD8><U+6D77><U+62D4>"
"P16112","20251001_XZ_YD_26",10.0508780945962,"low","<U+9AD8><U+6D77><U+62D4>"
"P16112","20251001_XZ_YD_27",11.7021640172487,"low","<U+9AD8><U+6D77><U+62D4>"
"P16112","20251001_XZ_YD_28",11.9722368652333,"low","<U+9AD8><U+6D77><U+62D4>"
"P16112","20251026_FJ_PT_P31",11.9057848050424,"control","<U+6E7F><U+70ED>"
"P16112","20251026_FJ_QZ_Q73",10.8654399127275,"control","<U+6E7F><U+70ED>"
"P16112","20251026_FJ_QZ_Q74",10.3712697565662,"low","<U+6E7F><U+70ED>"
"P16112","20251026_FJ_QZ_Q75",10.597220338184,"low","<U+6E7F><U+70ED>"
"P16112","20251026_FJ_QZ_Q76",10.4696564723186,"high","<U+6E7F><U+70ED>"
"P16112","20251026_FJ_QZ_Q77",10.3665624779748,"high","<U+6E7F><U+70ED>"
"P16112","20251026_FJ_QZ_Q78",10.4824467070729,"high","<U+6E7F><U+70ED>"
"P16112","20251026_FJ_QZ_Q79",11.2762618783266,"control","<U+6E7F><U+70ED>"
"P16112","20251026_FJ_QZ_Q80",12.0119722891727,"low","<U+6E7F><U+70ED>"
"P16112","20251026_FJ_QZ_Q81",11.6165413282271,"low","<U+6E7F><U+70ED>"
"P16112","20251026_FJ_QZ_Q82",12.707486469328,"control","<U+6E7F><U+70ED>"
"P16112","20251026_FJ_QZ_Q83",10.6119326503755,"control","<U+6E7F><U+70ED>"
"P16112","20251104_FJ_FQ_F178",13.241833353692,"low","<U+6E7F><U+70ED>"
"P16112","20251104_FJ_FQ_F179",11.5135464150873,"high","<U+6E7F><U+70ED>"
"P16112","20251107_XZ_YD_2",11.3388009775459,"low","<U+9AD8><U+6D77><U+62D4>"
"P16112","20260527_XZ_GG_1",11.5076595273254,"low","<U+9AD8><U+6D77><U+62D4>"
"P16112","20260527_XZ_GG_2",10.7901472138718,"low","<U+9AD8><U+6D77><U+62D4>"
"P16112","20260527_XZ_GG_3",11.1312237980036,"low","<U+9AD8><U+6D77><U+62D4>"
"P16112","20260527_XZ_GG_4",11.0989891238274,"low","<U+9AD8><U+6D77><U+62D4>"
"P16112","20260527_XZ_GG_5",10.4229039979293,"low","<U+9AD8><U+6D77><U+62D4>"
"P16112","20260527_XZ_GG_6",11.948774473581,"low","<U+9AD8><U+6D77><U+62D4>"
"P16112","20260527_XZ_GG_7",10.2671387181752,"low","<U+9AD8><U+6D77><U+62D4>"
"P16112","20260527_XZ_GG_8",10.5088302465471,"low","<U+9AD8><U+6D77><U+62D4>"
"P16112","20260527_XZ_GG_9",10.952716900763,"low","<U+9AD8><U+6D77><U+62D4>"
"P16112","20260527_XZ_GG_10",10.9483334529611,"low","<U+9AD8><U+6D77><U+62D4>"
"P16112","20260527_XZ_GG_11",12.2105118697554,"low","<U+9AD8><U+6D77><U+62D4>"
"P16112","20260527_XZ_GG_12",11.3800055903629,"low","<U+9AD8><U+6D77><U+62D4>"
"P16112","20260527_XZ_GG_13",10.968684720473,"low","<U+9AD8><U+6D77><U+62D4>"
"P16112","20260527_XZ_GG_14",10.9469346445192,"low","<U+9AD8><U+6D77><U+62D4>"
"P16112","20260527_XZ_GG_15",12.5297396076096,"low","<U+9AD8><U+6D77><U+62D4>"
"P16112","20260527_XZ_GG_16",11.1513843563864,"low","<U+9AD8><U+6D77><U+62D4>"
"P16112","20260527_XZ_GG_17",10.7158501632516,"low","<U+9AD8><U+6D77><U+62D4>"
"P16112","20260527_XZ_GG_18",11.1063886566612,"low","<U+9AD8><U+6D77><U+62D4>"
"P16112","20260527_XZ_GG_19",11.1128206308905,"low","<U+9AD8><U+6D77><U+62D4>"
"P16112","20260527_XZ_GG_20",11.4757314521984,"low","<U+9AD8><U+6D77><U+62D4>"
"P16112","20260527_XZ_GG_21",10.677922293947,"low","<U+9AD8><U+6D77><U+62D4>"
"P16112","20260527_XZ_GG_22",10.704411437484,"low","<U+9AD8><U+6D77><U+62D4>"
"P16112","20260527_XZ_GG_23",9.07097093786186,"low","<U+9AD8><U+6D77><U+62D4>"
"P16112","20260527_XZ_GG_24",10.6169681943976,"low","<U+9AD8><U+6D77><U+62D4>"
"P16112","20260527_XZ_GG_25",10.8194616804035,"low","<U+9AD8><U+6D77><U+62D4>"
"P16112","20260527_XZ_GG_26",10.3490974792634,"low","<U+9AD8><U+6D77><U+62D4>"
"P16112","20260527_XZ_GG_27",10.7418064112907,"low","<U+9AD8><U+6D77><U+62D4>"
"P16112","20260527_XZ_GG_28",10.3487629977064,"low","<U+9AD8><U+6D77><U+62D4>"
"P16112","20260527_XZ_GG_29",10.4097497161247,"low","<U+9AD8><U+6D77><U+62D4>"
"P16112","20260527_XZ_GG_30",11.4193088086004,"low","<U+9AD8><U+6D77><U+62D4>"
"P16112","20260527_XZ_GG_31",11.4327560967183,"high","<U+9AD8><U+6D77><U+62D4>"
"P16112","20260527_XZ_GG_32",11.3549558025122,"high","<U+9AD8><U+6D77><U+62D4>"
"P16112","20260527_XZ_GG_33",12.600930223514,"high","<U+9AD8><U+6D77><U+62D4>"
"P16112","20260527_XZ_GG_34",10.1740061428428,"high","<U+9AD8><U+6D77><U+62D4>"
"P16112","20260527_XZ_GG_35",11.8393558578064,"high","<U+9AD8><U+6D77><U+62D4>"
"P16112","20260527_XZ_GG_36",11.0156489962897,"high","<U+9AD8><U+6D77><U+62D4>"
"P16112","20260527_XZ_GG_37",10.6044512014306,"high","<U+9AD8><U+6D77><U+62D4>"
"P16112","20260527_XZ_GG_38",10.6992569453153,"high","<U+9AD8><U+6D77><U+62D4>"
"P16112","20260527_XZ_GG_39",11.3637392213179,"high","<U+9AD8><U+6D77><U+62D4>"
"P16112","20260527_XZ_GG_40",11.1301788568112,"high","<U+9AD8><U+6D77><U+62D4>"
"P16112","20260527_XZ_GG_41",10.6922142763706,"high","<U+9AD8><U+6D77><U+62D4>"
"P16112","20260527_XZ_GG_42",11.0716949206177,"high","<U+9AD8><U+6D77><U+62D4>"
"P16112","20260527_XZ_GG_43",11.2473588086205,"high","<U+9AD8><U+6D77><U+62D4>"
"P16112","20260527_XZ_GG_44",8.88722228916552,"high","<U+9AD8><U+6D77><U+62D4>"
"P16112","20260527_XZ_GG_46",10.4940694036461,"high","<U+9AD8><U+6D77><U+62D4>"
"P16112","20260527_XZ_GG_47",8.70496987096278,"high","<U+9AD8><U+6D77><U+62D4>"
"P16112","20260527_XZ_GG_50",11.5583124504617,"high","<U+9AD8><U+6D77><U+62D4>"
"P16112","20260527_XZ_GG_51",8.45653615443657,"high","<U+9AD8><U+6D77><U+62D4>"
"P16112","20260527_XZ_GG_52",10.746679350976,"high","<U+9AD8><U+6D77><U+62D4>"
"P16112","20260527_XZ_GG_53",10.3869860148459,"high","<U+9AD8><U+6D77><U+62D4>"
"P16112","20260527_XZ_GG_55",10.3197553506132,"high","<U+9AD8><U+6D77><U+62D4>"
"P16112","20260527_XZ_GG_56",10.5680528283869,"high","<U+9AD8><U+6D77><U+62D4>"
"P16112","20260527_XZ_GG_59",10.6450526927261,"high","<U+9AD8><U+6D77><U+62D4>"
"P16112","20260527_XZ_GG_60",11.1378381006503,"control","<U+9AD8><U+6D77><U+62D4>"
"P16112","20260527_XZ_GG_62",10.2754914057775,"control","<U+9AD8><U+6D77><U+62D4>"
"P16112","20260527_XZ_GG_64",11.809491231342,"control","<U+9AD8><U+6D77><U+62D4>"
"P16112","20260527_XZ_GG_65",10.9296055298182,"control","<U+9AD8><U+6D77><U+62D4>"
"P16112","20260527_XZ_GG_66",10.3442448350438,"control","<U+9AD8><U+6D77><U+62D4>"
"P16112","20260527_XZ_GG_68",11.4270241581735,"control","<U+9AD8><U+6D77><U+62D4>"
"P16112","20260527_XZ_GG_69",11.4493028280712,"control","<U+9AD8><U+6D77><U+62D4>"
"P16112","20260527_XZ_GG_71",10.4381097082591,"control","<U+9AD8><U+6D77><U+62D4>"
"P16112","20260527_XZ_GG_72",10.6846837812963,"control","<U+9AD8><U+6D77><U+62D4>"
"P16112","20260527_XZ_GG_73",10.562900823741,"control","<U+9AD8><U+6D77><U+62D4>"
"P16112","20260527_XZ_GG_74",8.95611990163507,"control","<U+9AD8><U+6D77><U+62D4>"
"P16112","20260527_XZ_GG_75",9.71370219916081,"control","<U+9AD8><U+6D77><U+62D4>"
"P16112","20260527_XZ_GG_76",10.3403637021556,"control","<U+9AD8><U+6D77><U+62D4>"
"P16112","20260527_XZ_GG_77",9.30017099196042,"control","<U+9AD8><U+6D77><U+62D4>"
"P16112","20260527_XZ_GG_78",10.880992377861,"control","<U+9AD8><U+6D77><U+62D4>"
"P16112","20260527_XZ_GG_79",10.4167100495705,"control","<U+9AD8><U+6D77><U+62D4>"
"P16112","20260527_XZ_GG_80",9.99398269444854,"control","<U+9AD8><U+6D77><U+62D4>"
"P16112","20260527_XZ_GG_81",11.1150924012244,"low","<U+9AD8><U+6D77><U+62D4>"
"P16112","20260527_XZ_GG_82",11.2089174983303,"low","<U+9AD8><U+6D77><U+62D4>"
"P16112","20260527_XZ_GG_83",9.77635893170878,"low","<U+9AD8><U+6D77><U+62D4>"
"P16112","20260527_XZ_GG_84",10.4312911286077,"low","<U+9AD8><U+6D77><U+62D4>"
"P16112","20260527_XZ_GG_85",10.2070299644029,"low","<U+9AD8><U+6D77><U+62D4>"
"P16112","20260527_XZ_GG_86",10.5223733206513,"low","<U+9AD8><U+6D77><U+62D4>"
"P16112","20260527_XZ_GG_87",11.0618169620482,"low","<U+9AD8><U+6D77><U+62D4>"
"P16112","20260527_XZ_GG_88",10.7678464039864,"low","<U+9AD8><U+6D77><U+62D4>"
"P16112","20260527_XZ_GG_89",10.6202310141702,"low","<U+9AD8><U+6D77><U+62D4>"
"P16112","20260527_XZ_GG_92",10.5854699895827,"low","<U+9AD8><U+6D77><U+62D4>"
"P16112","20260527_XZ_GG_93",11.6513532812865,"low","<U+9AD8><U+6D77><U+62D4>"
"P16112","20260527_XZ_GG_94",11.0234511614618,"low","<U+9AD8><U+6D77><U+62D4>"
"P16112","20260527_XZ_GG_95",10.7151066283628,"low","<U+9AD8><U+6D77><U+62D4>"
"P16112","20260527_XZ_GG_96",10.5941441536935,"low","<U+9AD8><U+6D77><U+62D4>"
"P16112","20260527_XZ_GG_97",9.71392376612959,"low","<U+9AD8><U+6D77><U+62D4>"
"P16112","20260527_XZ_GG_98",10.4875969419757,"low","<U+9AD8><U+6D77><U+62D4>"
"P16112","20260527_XZ_GG_99",10.9511077044282,"low","<U+9AD8><U+6D77><U+62D4>"
"P16112","20260527_XZ_GG_100",9.69552737172354,"low","<U+9AD8><U+6D77><U+62D4>"
"P16112","20260527_XZ_GG_101",10.4533910924016,"low","<U+9AD8><U+6D77><U+62D4>"
"P16112","20260527_XZ_GG_102",11.1516420050819,"low","<U+9AD8><U+6D77><U+62D4>"
"P16112","20260527_XZ_GG_103",11.524885884004,"low","<U+9AD8><U+6D77><U+62D4>"
"P16112","20260527_XZ_GG_104",10.9126638828997,"low","<U+9AD8><U+6D77><U+62D4>"
"P16112","20260527_XZ_GG_105",10.4911260915703,"low","<U+9AD8><U+6D77><U+62D4>"
"P16112","20260527_XZ_GG_106",10.9509829834592,"low","<U+9AD8><U+6D77><U+62D4>"
"P16112","20260527_XZ_GG_121",10.6577123811053,"control","<U+9AD8><U+6D77><U+62D4>"
"P16112","20260527_XZ_GG_122",10.7333693612159,"control","<U+9AD8><U+6D77><U+62D4>"
"P16112","20260527_XZ_GG_123",9.53763870472013,"high","<U+9AD8><U+6D77><U+62D4>"
"P16112","20260527_XZ_GG_124",11.1070671425875,"high","<U+9AD8><U+6D77><U+62D4>"
"P16112","20260527_XZ_GG_125",11.635994047943,"control","<U+9AD8><U+6D77><U+62D4>"
"P16112","20260527_XZ_GG_126",9.62664237106071,"control","<U+9AD8><U+6D77><U+62D4>"
"P16112","20260527_XZ_GG_128",9.6859214272045,"control","<U+9AD8><U+6D77><U+62D4>"
"P16112","20260527_XZ_GG_129",10.5648795694605,"control","<U+9AD8><U+6D77><U+62D4>"
"P16112","20260527_XZ_GG_130",10.5752355805223,"control","<U+9AD8><U+6D77><U+62D4>"
"P16112","20260527_XZ_GG_131",11.0660185474961,"control","<U+9AD8><U+6D77><U+62D4>"
"P16112","20260527_XZ_GG_132",11.1582583494315,"control","<U+9AD8><U+6D77><U+62D4>"
"P16112","20260527_XZ_GG_135",10.9766384111797,"control","<U+9AD8><U+6D77><U+62D4>"
"P16112","20260527_XZ_GG_136",10.454320883594,"control","<U+9AD8><U+6D77><U+62D4>"
"P16112","20260527_XZ_GG_137",10.3406003145505,"control","<U+9AD8><U+6D77><U+62D4>"
"P16112","20260527_XZ_GG_138",10.3776146004406,"low","<U+9AD8><U+6D77><U+62D4>"
"P16112","20260527_XZ_GG_139",10.9839717685378,"low","<U+9AD8><U+6D77><U+62D4>"
"P16112","20260527_XZ_GG_140",10.2157693739333,"high","<U+9AD8><U+6D77><U+62D4>"
"P16112","20260527_XZ_GG_141",10.9485742532056,"high","<U+9AD8><U+6D77><U+62D4>"
"P16112","20260527_XZ_GG_142",8.4357189606343,"high","<U+9AD8><U+6D77><U+62D4>"
"P16112","20260527_XZ_GG_143",11.0998713904835,"low","<U+9AD8><U+6D77><U+62D4>"
"P16112","20260527_XZ_GG_144",11.0632981351078,"high","<U+9AD8><U+6D77><U+62D4>"
"P16112","20260527_XZ_GG_145",9.64711483883377,"high","<U+9AD8><U+6D77><U+62D4>"
"P16112","20260527_XZ_GG_146",10.3916015352946,"low","<U+9AD8><U+6D77><U+62D4>"
"P16112","20260527_XZ_GG_147",10.9362001128483,"high","<U+9AD8><U+6D77><U+62D4>"
"P16112","20260527_XZ_GG_148",9.99359561853797,"high","<U+9AD8><U+6D77><U+62D4>"
"P16112","20260527_XZ_GG_149",10.0350341487815,"high","<U+9AD8><U+6D77><U+62D4>"
"P16112","20260527_XZ_GG_150",10.1139691205929,"high","<U+9AD8><U+6D77><U+62D4>"
"P16112","20260527_XZ_GG_151",10.9204267325847,"low","<U+9AD8><U+6D77><U+62D4>"
"P16112","20260527_XZ_GG_152",9.02253713985518,"control","<U+9AD8><U+6D77><U+62D4>"
"P16112","20260527_XZ_GG_153",9.28471341828458,"high","<U+9AD8><U+6D77><U+62D4>"
"P16112","20260527_XZ_GG_154",8.63845116059269,"low","<U+9AD8><U+6D77><U+62D4>"
"P16112","20260527_XZ_GG_155",10.6289511982745,"high","<U+9AD8><U+6D77><U+62D4>"
"P16112","20260527_XZ_GG_156",10.8955888719253,"high","<U+9AD8><U+6D77><U+62D4>"
"P16112","20260527_XZ_GG_157",10.3968066144756,"high","<U+9AD8><U+6D77><U+62D4>"
"P16112","20260527_XZ_GG_158",10.7593337458681,"low","<U+9AD8><U+6D77><U+62D4>"
"P16112","20260527_XZ_GG_159",10.3163838792403,"high","<U+9AD8><U+6D77><U+62D4>"
"P16112","20260527_XZ_GG_160",9.52934726280147,"high","<U+9AD8><U+6D77><U+62D4>"
"P16112","20260527_XZ_GG_161",11.0743709759234,"low","<U+9AD8><U+6D77><U+62D4>"
"P16112","20260527_XZ_GG_162",10.2636061921519,"high","<U+9AD8><U+6D77><U+62D4>"
"P16112","20260527_XZ_GG_163",10.7171377431127,"low","<U+9AD8><U+6D77><U+62D4>"
"P16112","20260527_XZ_GG_164",9.6265620565826,"low","<U+9AD8><U+6D77><U+62D4>"
"P16112","20260527_XZ_GG_165",9.93891371566162,"high","<U+9AD8><U+6D77><U+62D4>"
"P16112","20260527_XZ_GG_166",10.2855684415426,"low","<U+9AD8><U+6D77><U+62D4>"
"P16112","20260527_XZ_GG_167",9.4792760172074,"high","<U+9AD8><U+6D77><U+62D4>"
"P16112","20260527_XZ_GG_168",9.26152452557846,"high","<U+9AD8><U+6D77><U+62D4>"
"P16112","20260527_XZ_GG_169",9.16210638929852,"high","<U+9AD8><U+6D77><U+62D4>"
"P16112","20260527_XZ_GG_170",9.30432945569539,"low","<U+9AD8><U+6D77><U+62D4>"
"P16112","20260527_XZ_GG_171",10.7725198702164,"high","<U+9AD8><U+6D77><U+62D4>"
"P16112","20260717_GZ_TH_1",8.97510407340096,"control","<U+6E7F><U+70ED>"
"P16112","20260717_GZ_TH_2",9.8380250407747,"control","<U+6E7F><U+70ED>"
"P16112","20260717_GZ_TH_3",10.1204513141193,"control","<U+6E7F><U+70ED>"
"P16112","20260717_GZ_TH_4",10.0199088114882,"control","<U+6E7F><U+70ED>"
"P16112","20260717_GZ_TH_6",9.58993396942714,"high","<U+6E7F><U+70ED>"
"P16112","20260717_GZ_TH_7",10.8865942374672,"high","<U+6E7F><U+70ED>"
"P16112","20260717_GZ_TH_8",9.19454616792233,"high","<U+6E7F><U+70ED>"
"P16112","20260717_GZ_TH_9",8.70900901110302,"high","<U+6E7F><U+70ED>"
"P16112","20260717_GZ_TH_10",9.34576446145762,"high","<U+6E7F><U+70ED>"
"P16112","20260717_GZ_TH_11",9.01588698464876,"high","<U+6E7F><U+70ED>"
"P16112","20260717_GZ_TH_12",9.31746119508055,"low","<U+6E7F><U+70ED>"
"P16112","20260717_GZ_TH_13",8.75644087917363,"low","<U+6E7F><U+70ED>"
"P16112","20260717_GZ_TH_14",9.23192003132744,"high","<U+6E7F><U+70ED>"
"P16112","20260717_GZ_TH_15",9.32162688742815,"low","<U+6E7F><U+70ED>"
"P16112","20260717_GZ_TH_16",10.0696139855869,"low","<U+6E7F><U+70ED>"
"P16112","20260717_GZ_TH_17",9.63135282210954,"low","<U+6E7F><U+70ED>"
"P16112","20260717_GZ_TH_18",10.3179873418478,"low","<U+6E7F><U+70ED>"
"P16112","20260717_GZ_TH_19",10.0174683800425,"low","<U+6E7F><U+70ED>"
"P16112","20260717_GZ_TH_20",10.5009903927591,"low","<U+6E7F><U+70ED>"
"P16112","20260717_GZ_TH_21",8.67067137507155,"high","<U+6E7F><U+70ED>"
"P16112","20260717_GZ_TH_22",9.74566078488738,"low","<U+6E7F><U+70ED>"
"P16112","20260717_GZ_TH_23",9.63296103933795,"control","<U+6E7F><U+70ED>"
"P16112","20260717_GZ_TH_24",9.33228354607161,"control","<U+6E7F><U+70ED>"
"P16112","20260717_GZ_TH_25",8.69460008488944,"high","<U+6E7F><U+70ED>"
"P16112","20260717_GZ_TH_26",9.11461101155691,"high","<U+6E7F><U+70ED>"
"P16112","20260717_GZ_TH_27",9.82370221880199,"high","<U+6E7F><U+70ED>"
"P16112","20260717_GZ_TH_28",9.65905821983042,"high","<U+6E7F><U+70ED>"
"P16112","20260717_GZ_TH_29",9.36718316303298,"high","<U+6E7F><U+70ED>"
"P16112","20260717_GZ_TH_30",9.3541024589745,"high","<U+6E7F><U+70ED>"
"P16112","20260717_GZ_TH_31",10.2486346775882,"high","<U+6E7F><U+70ED>"
"P16112","20260717_GZ_TH_32",9.67662719415471,"high","<U+6E7F><U+70ED>"
"P16112","20260717_GZ_TH_33",11.1198172401028,"high","<U+6E7F><U+70ED>"
"P16112","20260717_GZ_TH_35",9.27304529972918,"high","<U+6E7F><U+70ED>"
"P16112","20260717_GZ_TH_36",9.22916279820469,"control","<U+6E7F><U+70ED>"
"P16112","20260717_GZ_TH_37",9.30194658729996,"control","<U+6E7F><U+70ED>"
"P16112","20260717_GZ_TH_38",6.62880238900883,"high","<U+6E7F><U+70ED>"
"P16112","20260717_GZ_TH_39",9.76099976811777,"high","<U+6E7F><U+70ED>"
"P16112","20260717_GZ_TH_40",9.37127175096623,"high","<U+6E7F><U+70ED>"
"P16112","20260717_GZ_TH_41",9.61148785686956,"high","<U+6E7F><U+70ED>"
"P16112","20260717_GZ_TH_42",10.8893421408736,"control","<U+6E7F><U+70ED>"
"P16112","20260717_GZ_TH_43",9.76177754069199,"control","<U+6E7F><U+70ED>"
"P16112","20260717_GZ_TH_44",10.2639771932452,"control","<U+6E7F><U+70ED>"
"P16112","20260717_GZ_TH_45",8.59486707181336,"control","<U+6E7F><U+70ED>"
"P16112","20260717_GZ_TH_46",9.85151640086212,"low","<U+6E7F><U+70ED>"
"P16112","20260717_GZ_TH_47",11.3374852535773,"low","<U+6E7F><U+70ED>"
"P16112","20260717_GZ_TH_48",10.0270984299933,"high","<U+6E7F><U+70ED>"
"P16112","20260717_GZ_TH_49",9.71389304448824,"control","<U+6E7F><U+70ED>"
"P16112","20260717_GZ_TH_50",8.74585524361491,"control","<U+6E7F><U+70ED>"
"P16112","20260717_GZ_TH_51",9.79334968825019,"control","<U+6E7F><U+70ED>"
"P16112","20260717_GZ_TH_53",10.8679115795393,"control","<U+6E7F><U+70ED>"
"P16112","20260717_GZ_TH_54",10.5624597502439,"control","<U+6E7F><U+70ED>"
"P16112","20260717_GZ_TH_55",10.3315771403834,"control","<U+6E7F><U+70ED>"
"P16112","20260717_GZ_TH_57",9.78805754401028,"control","<U+6E7F><U+70ED>"
"P16112","20260717_GZ_TH_58",10.2006832766271,"control","<U+6E7F><U+70ED>"
"P16112","20260717_GZ_TH_59",9.47767737202761,"control","<U+6E7F><U+70ED>"
"P16112","20260717_GZ_TH_61",9.66398159694034,"control","<U+6E7F><U+70ED>"
"P16112","20260717_GZ_TH_62",10.1359769488296,"low","<U+6E7F><U+70ED>"
"P16112","20260717_GZ_TH_63",10.1685673050194,"control","<U+6E7F><U+70ED>"
"P16112","20260717_GZ_TH_64",11.5808905164258,"control","<U+6E7F><U+70ED>"
"P16112","20260717_GZ_TH_65",9.89110041910595,"control","<U+6E7F><U+70ED>"
"P16112","20260717_GZ_TH_66",9.78935692692923,"control","<U+6E7F><U+70ED>"
"P16112","20260717_GZ_TH_67",10.2829773964828,"control","<U+6E7F><U+70ED>"
"P16112","20260717_GZ_TH_68",9.1612395446126,"control","<U+6E7F><U+70ED>"
"P16112","20260717_GZ_TH_69",9.7510673385979,"control","<U+6E7F><U+70ED>"
"P16112","20260717_GZ_TH_70",9.88470042972061,"control","<U+6E7F><U+70ED>"
"P16112","20260717_GZ_TH_71",10.3994450924027,"control","<U+6E7F><U+70ED>"
"P16112","20260717_GZ_TH_72",9.2416396138548,"control","<U+6E7F><U+70ED>"
"P16112","20260717_GZ_TH_73",10.2903211003275,"control","<U+6E7F><U+70ED>"
"P16112","20260717_GZ_TH_74",9.3228863390848,"control","<U+6E7F><U+70ED>"
"P16112","20260717_GZ_TH_75",9.26182893456732,"control","<U+6E7F><U+70ED>"
"P16112","20260717_GZ_TH_76",9.42909394911324,"control","<U+6E7F><U+70ED>"
"P16112","20260717_GZ_TH_77",11.7900308468276,"control","<U+6E7F><U+70ED>"
"P16112","20260717_GZ_TH_78",10.2185063299565,"control","<U+6E7F><U+70ED>"
"P16112","20260717_GZ_TH_79",10.055965693942,"control","<U+6E7F><U+70ED>"
"P16112","20260717_GZ_TH_80",10.4373451965036,"control","<U+6E7F><U+70ED>"
"P16112","20260717_GZ_TH_87",9.36071770766662,"low","<U+6E7F><U+70ED>"
"P16112","20260717_GZ_TH_88",9.47106725796107,"control","<U+6E7F><U+70ED>"
"P16112","20260717_GZ_TH_89",9.76012764889066,"low","<U+6E7F><U+70ED>"
"P16112","20260717_GZ_TH_90",9.28354452795609,"high","<U+6E7F><U+70ED>"
"P16112","20260717_GZ_TH_93",9.98663230605421,"low","<U+6E7F><U+70ED>"
"P16112","20260717_GZ_TH_94",10.9358974570541,"low","<U+6E7F><U+70ED>"
"P16112","20260717_GZ_TH_95",10.0976205112025,"low","<U+6E7F><U+70ED>"
"P16112","20260717_GZ_TH_96",11.064755097347,"low","<U+6E7F><U+70ED>"
"P16112","20260717_GZ_TH_98",8.89027253506432,"low","<U+6E7F><U+70ED>"
"P16112","20260717_GZ_TH_99",10.5295175342515,"low","<U+6E7F><U+70ED>"
"P16112","20260717_GZ_TH_100",9.75528471466088,"low","<U+6E7F><U+70ED>"
"P16112","20260717_GZ_TH_101",10.5545434182688,"low","<U+6E7F><U+70ED>"
"P16112","20260717_GZ_TH_102",11.1954686329824,"low","<U+6E7F><U+70ED>"
"P16112","20260717_GZ_TH_103",10.6836413545635,"low","<U+6E7F><U+70ED>"
"P16112","20260717_GZ_TH_104",9.77832622979568,"low","<U+6E7F><U+70ED>"
"P16112","20260717_GZ_TH_106",7.96986839440281,"low","<U+6E7F><U+70ED>"
"P16112","20260717_GZ_TH_107",9.32398395464016,"high","<U+6E7F><U+70ED>"
"P16112","20260717_GZ_TH_108",9.72044384304008,"high","<U+6E7F><U+70ED>"
"P16112","20260717_GZ_TH_109",9.31206544484155,"high","<U+6E7F><U+70ED>"
"P16112","20260717_GZ_TH_110",9.59919381101606,"control","<U+6E7F><U+70ED>"
"P16112","20260717_GZ_TH_111",8.81243674604031,"high","<U+6E7F><U+70ED>"
"P16112","20260717_GZ_TH_112",9.54243455074319,"high","<U+6E7F><U+70ED>"
"P16112","20260717_GZ_TH_114",9.25633914532098,"high","<U+6E7F><U+70ED>"
"P16112","20260717_GZ_TH_115",9.66449264062983,"high","<U+6E7F><U+70ED>"
"P16112","20260717_GZ_TH_117",9.94379369033625,"control","<U+6E7F><U+70ED>"
"P16112","20260717_GZ_TH_118",10.6820722811558,"control","<U+6E7F><U+70ED>"
"P16112","20260717_GZ_TH_119",9.64847728811233,"high","<U+6E7F><U+70ED>"
"P16112","20260717_GZ_TH_120",9.94106068466087,"high","<U+6E7F><U+70ED>"
"P16112","20260717_GZ_TH_121",9.37290609879168,"control","<U+6E7F><U+70ED>"
"P16112","20260717_GZ_TH_122",10.5079061562432,"high","<U+6E7F><U+70ED>"
"P16112","20260717_GZ_TH_123",9.86084837999837,"high","<U+6E7F><U+70ED>"
"P16112","20260717_GZ_TH_124",10.2327673967293,"high","<U+6E7F><U+70ED>"
"P16112","20260717_GZ_TH_125",8.75677822471274,"high","<U+6E7F><U+70ED>"
"P16112","20260717_GZ_TH_126",9.63160383225905,"high","<U+6E7F><U+70ED>"
"P16112","20260717_GZ_TH_128",10.5851291996063,"high","<U+6E7F><U+70ED>"
"P16112","20260717_GZ_TH_129",10.0521539167415,"high","<U+6E7F><U+70ED>"
"P16112","20260717_GZ_TH_131",9.44576444610318,"high","<U+6E7F><U+70ED>"
"P16112","20260717_GZ_TH_132",8.38408994342929,"high","<U+6E7F><U+70ED>"
"P16112","20260717_GZ_TH_133",8.64765615263814,"high","<U+6E7F><U+70ED>"
"P16112","20260717_GZ_TH_134",8.52083685372975,"high","<U+6E7F><U+70ED>"
"P16112","20260717_GZ_TH_137",8.60564160271517,"high","<U+6E7F><U+70ED>"
"P16112","20260717_GZ_TH_138",10.9477584711869,"high","<U+6E7F><U+70ED>"
"P16112","20260717_GZ_TH_143",11.2108649777404,"low","<U+6E7F><U+70ED>"
"P16112","20260717_GZ_TH_144",11.2446926432218,"control","<U+6E7F><U+70ED>"
"P16112","20260717_GZ_TH_147",9.6393005174182,"low","<U+6E7F><U+70ED>"
"P16112","20260717_GZ_TH_148",9.81672236291146,"low","<U+6E7F><U+70ED>"
"P16112","20260717_GZ_TH_149",9.02978463155876,"low","<U+6E7F><U+70ED>"
"P16112","20260717_GZ_TH_150",11.619384010869,"low","<U+6E7F><U+70ED>"
