"Metric","Level","N_pairs","Median","Q25","Q75","Variable","Spearman_rho"
"PC1","20250913",50,-9.4105714599299,-13.4225912369467,-6.3336823015204,"Acquisition_date",
"PC1","20250914",69,-13.1334663636762,-16.3896839809343,-9.06582408870979,"Acquisition_date",
"PC1","20251001",116,-12.8171253908797,-17.2124258123397,-6.47945691083732,"Acquisition_date",
"PC1","20251026",12,-1.15515421068845,-6.11024731464873,1.61710827429816,"Acquisition_date",
"PC1","20251104",2,-23.2251190488404,-25.3319122210288,-21.118325876652,"Acquisition_date",
"PC1","20251107",1,-17.504756549348,-17.504756549348,-17.504756549348,"Acquisition_date",
"PC1","20260527",142,1.42249487798079,-1.99588678214248,4.93605372611192,"Acquisition_date",
"PC1","20260717",123,21.2732125190738,16.7836979662517,24.2099807627419,"Acquisition_date",
"PC2","20250913",50,-4.00560915344054,-5.56330412053165,0.761657305516665,"Acquisition_date",
"PC2","20250914",69,-0.770218866915747,-5.25458708804224,4.93867685850096,"Acquisition_date",
"PC2","20251001",116,7.68761300316933,0.561068615416956,15.5729923502084,"Acquisition_date",
"PC2","20251026",12,-4.37978945732899,-6.99287302472722,-3.44768336757004,"Acquisition_date",
"PC2","20251104",2,-5.2929154524229,-5.61893065449632,-4.96690025034947,"Acquisition_date",
"PC2","20251107",1,-0.127017636822978,-0.127017636822978,-0.127017636822978,"Acquisition_date",
"PC2","20260527",142,-7.87743609686327,-10.7416997195664,-4.9629368046195,"Acquisition_date",
"PC2","20260717",123,-1.40803065606558,-5.40383040420719,6.92905646932218,"Acquisition_date",
"UMAP1","20250913",50,0.322924388584328,0.150711374369097,0.529019007471037,"Acquisition_date",
"UMAP1","20250914",69,0.999162653472853,0.556657711055708,1.45143471100612,"Acquisition_date",
"UMAP1","20251001",116,4.74746260979457,4.08256367781444,5.34547970631404,"Acquisition_date",
"UMAP1","20251026",12,0.519340345647765,0.437853371736241,0.560268560436202,"Acquisition_date",
"UMAP1","20251104",2,1.11248607375903,1.05808448233886,1.16688766517921,"Acquisition_date",
"UMAP1","20251107",1,5.60671339371486,5.60671339371486,5.60671339371486,"Acquisition_date",
"UMAP1","20260527",142,5.03130970337672,4.6265989337234,5.45974216797633,"Acquisition_date",
"UMAP1","20260717",123,-10.8874815907212,-11.385030647728,-10.2550510372849,"Acquisition_date",
"UMAP2","20250913",50,1.25976232142703,0.613501344635649,1.6917729720618,"Acquisition_date",
"UMAP2","20250914",69,2.21038172097461,1.30873188824908,3.04016492219226,"Acquisition_date",
"UMAP2","20251001",116,2.31827959866778,1.35281864257113,3.09866509289996,"Acquisition_date",
"UMAP2","20251026",12,-0.314789827153521,-0.401093856603341,-0.113543006763296,"Acquisition_date",
"UMAP2","20251104",2,2.02120432706134,1.98071054072635,2.06169811339633,"Acquisition_date",
"UMAP2","20251107",1,2.68456575722949,2.68456575722949,2.68456575722949,"Acquisition_date",
"UMAP2","20260527",142,-9.33806445746167,-9.83929016737683,-8.73865153937085,"Acquisition_date",
"UMAP2","20260717",123,6.57460567803637,6.10522148461596,7.19605371804492,"Acquisition_date",
"detected_protein_groups","20250913",50,2136.5,2030.75,2297,"Acquisition_date",
"detected_protein_groups","20250914",69,2230,1987,2559,"Acquisition_date",
"detected_protein_groups","20251001",116,2254.5,2033.25,2571,"Acquisition_date",
"detected_protein_groups","20251026",12,2125,1982,2166.5,"Acquisition_date",
"detected_protein_groups","20251104",2,2757.5,2679.75,2835.25,"Acquisition_date",
"detected_protein_groups","20251107",1,3463,3463,3463,"Acquisition_date",
"detected_protein_groups","20260527",142,1893,1707.25,2177.5,"Acquisition_date",
"detected_protein_groups","20260717",123,1836,1638.5,2023.5,"Acquisition_date",
"log2_median","20250913",50,9.3982761969675,9.20621961316354,9.63155797905531,"Acquisition_date",
"log2_median","20250914",69,9.6398910171742,9.4100102986639,9.80590541227219,"Acquisition_date",
"log2_median","20251001",116,9.5921296636112,9.23378652587784,9.87136802042375,"Acquisition_date",
"log2_median","20251026",12,9.18965161121973,9.07985100356976,9.28858368760659,"Acquisition_date",
"log2_median","20251104",2,10.2138394689047,10.0758257318624,10.3518532059469,"Acquisition_date",
"log2_median","20251107",1,10.6259259550414,10.6259259550414,10.6259259550414,"Acquisition_date",
"log2_median","20260527",142,9.22494142585535,9.09320193610014,9.36825622079381,"Acquisition_date",
"log2_median","20260717",123,8.39520898762286,8.30173730345361,8.55875874868291,"Acquisition_date",
"missing_pct","20250913",50,44.0267225569819,39.8218496201205,46.7972229499607,"Acquisition_date",
"missing_pct","20250914",69,41.577154833639,32.957820277705,47.943411055803,"Acquisition_date",
"missing_pct","20251001",116,40.9352894943673,32.6434372543883,46.7317264867697,"Acquisition_date",
"missing_pct","20251026",12,44.3280062876605,43.2407649986901,48.074403982185,"Acquisition_date",
"missing_pct","20251104",2,27.7574011003406,25.7204610951009,29.7943411055803,"Acquisition_date",
"missing_pct","20251107",1,9.27429918784386,9.27429918784386,9.27429918784386,"Acquisition_date",
"missing_pct","20260527",142,50.4060780717841,42.9525805606497,55.2724652868745,"Acquisition_date",
"missing_pct","20260717",123,51.8993974325386,46.9871626932146,57.0736180246267,"Acquisition_date",
"PC1","湿热",279,1.08067557859052,-12.4319809893961,20.3337587419688,"Environment",
"PC1","高海拔",236,-2.86824371425719,-10.782352606882,2.93646642885077,"Environment",
"PC2","湿热",279,-1.62125378352733,-5.2692726750816,5.0002219380132,"Environment",
"PC2","高海拔",236,-4.57811982167655,-8.76637870127542,4.46848677555561,"Environment",
"UMAP1","湿热",279,0.154517786589099,-10.5983513798447,0.909490207221938,"Environment",
"UMAP1","高海拔",236,5.03586397507472,4.55641458370967,5.44229123928828,"Environment",
"UMAP2","湿热",279,3.21129510255115,1.51770553441302,6.36558101029651,"Environment",
"UMAP2","高海拔",236,-8.43618490843518,-9.50484087614758,1.75186780543582,"Environment",
"detected_protein_groups","湿热",279,2022,1784.5,2242,"Environment",
"detected_protein_groups","高海拔",236,2086,1805,2414,"Environment",
"log2_median","湿热",279,9.0517199142869,8.44386494805723,9.60316125715514,"Environment",
"log2_median","高海拔",236,9.3038975377412,9.13848973825506,9.62975558526687,"Environment",
"missing_pct","湿热",279,47.0264605711292,41.2627718103222,53.248624574273,"Environment",
"missing_pct","高海拔",236,45.3497511134399,36.7566151427823,52.7115535761069,"Environment",
"PC1","FJ_FQ",69,-11.9382184767534,-16.2123837645971,-4.21338951232789,"Cohort_group",
"PC1","FJ_PT",26,-14.6607755082512,-17.3744013458013,-12.792954289596,"Cohort_group",
"PC1","FJ_QZ",61,-8.61987609166547,-13.1963103134581,-2.47265942637704,"Cohort_group",
"PC1","GZ_TH",123,21.2732125190738,16.7836979662517,24.2099807627419,"Cohort_group",
"PC1","XZ_GG",142,1.42249487798079,-1.99588678214248,4.93605372611192,"Cohort_group",
"PC1","XZ_YA",22,-16.1894805622024,-20.1530622190586,-9.14419525842567,"Cohort_group",
"PC1","XZ_YB",10,-13.9393265453926,-15.2925342860243,-11.6373161718355,"Cohort_group",
"PC1","XZ_YC",34,-11.6055679339892,-16.4167593753364,-6.83778652587061,"Cohort_group",
"PC1","XZ_YD",28,-12.1889899338774,-19.2034303604654,-7.6509257604555,"Cohort_group",
"PC2","FJ_FQ",69,1.5324750911912,-2.47663098082251,10.1201168664427,"Cohort_group",
"PC2","FJ_PT",26,-5.04848314411641,-8.19030958831586,0.751067426017371,"Cohort_group",
"PC2","FJ_QZ",61,-4.10522555058183,-5.69618581084818,0.24303400305556,"Cohort_group",
"PC2","GZ_TH",123,-1.40803065606558,-5.40383040420719,6.92905646932218,"Cohort_group",
"PC2","XZ_GG",142,-7.87743609686327,-10.7416997195664,-4.9629368046195,"Cohort_group",
"PC2","XZ_YA",22,11.4879717922049,0.609016623041483,18.3816295799017,"Cohort_group",
"PC2","XZ_YB",10,-1.08131579115561,-3.13652506251071,-0.645051400241862,"Cohort_group",
"PC2","XZ_YC",34,7.13342515788142,2.22750073062614,11.5536749805344,"Cohort_group",
"PC2","XZ_YD",28,12.0977364784995,4.79993316493864,19.0696238627476,"Cohort_group",
"UMAP1","FJ_FQ",69,1.21978376248164,0.859607199218703,2.06936178543849,"Cohort_group",
"UMAP1","FJ_PT",26,0.650716954853964,0.389506163087321,1.38803451695724,"Cohort_group",
"UMAP1","FJ_QZ",61,0.398271391179991,0.194182084885073,0.554726252344084,"Cohort_group",
"UMAP1","GZ_TH",123,-10.8874815907212,-11.385030647728,-10.2550510372849,"Cohort_group",
"UMAP1","XZ_GG",142,5.03130970337672,4.6265989337234,5.45974216797633,"Cohort_group",
"UMAP1","XZ_YA",22,4.8637188468246,4.15092025139613,5.04063377716823,"Cohort_group",
"UMAP1","XZ_YB",10,5.4132143054275,5.34937212803645,5.57033954003139,"Cohort_group",
"UMAP1","XZ_YC",34,5.10671625473781,4.63608370163722,5.77588901856227,"Cohort_group",
"UMAP1","XZ_YD",28,4.78967986443324,4.41584823468013,5.42337785103602,"Cohort_group",
"UMAP2","FJ_FQ",69,1.83359715791003,1.16788682790057,2.63306233735339,"Cohort_group",
"UMAP2","FJ_PT",26,2.81526825280444,2.52505925746219,3.11323240847842,"Cohort_group",
"UMAP2","FJ_QZ",61,0.985067103817625,0.134013806297941,1.55532047601001,"Cohort_group",
"UMAP2","GZ_TH",123,6.57460567803637,6.10522148461596,7.19605371804492,"Cohort_group",
"UMAP2","XZ_GG",142,-9.33806445746167,-9.83929016737683,-8.73865153937085,"Cohort_group",
"UMAP2","XZ_YA",22,2.56034049840228,1.47834352107303,3.251560543492,"Cohort_group",
"UMAP2","XZ_YB",10,1.07544872613208,1.04368669243114,1.38358554692523,"Cohort_group",
"UMAP2","XZ_YC",34,2.16497549863116,1.22646761389033,3.082222257569,"Cohort_group",
"UMAP2","XZ_YD",28,2.91786954255359,2.58417955489413,3.35800043196933,"Cohort_group",
"detected_protein_groups","FJ_FQ",69,2065,1866,2215,"Cohort_group",
"detected_protein_groups","FJ_PT",26,2652,2511.5,2791.75,"Cohort_group",
"detected_protein_groups","FJ_QZ",61,2127,2023,2256,"Cohort_group",
"detected_protein_groups","GZ_TH",123,1836,1638.5,2023.5,"Cohort_group",
"detected_protein_groups","XZ_GG",142,1893,1707.25,2177.5,"Cohort_group",
"detected_protein_groups","XZ_YA",22,2345.5,2100.5,2659.75,"Cohort_group",
"detected_protein_groups","XZ_YB",10,2496,2334.25,2584.75,"Cohort_group",
"detected_protein_groups","XZ_YC",34,2298,2093.25,2480,"Cohort_group",
"detected_protein_groups","XZ_YD",28,2340.5,2091,2949.25,"Cohort_group",
"log2_median","FJ_FQ",69,9.52086286448375,9.20932238606532,9.74663613442832,"Cohort_group",
"log2_median","FJ_PT",26,9.77075209223432,9.64808996609886,9.9731957742246,"Cohort_group",
"log2_median","FJ_QZ",61,9.33133289223026,9.18235848414501,9.61189967823526,"Cohort_group",
"log2_median","GZ_TH",123,8.39520898762286,8.30173730345361,8.55875874868291,"Cohort_group",
"log2_median","XZ_GG",142,9.22494142585535,9.09320193610014,9.36825622079381,"Cohort_group",
"log2_median","XZ_YA",22,9.66577491232269,9.32240913779052,10.1143082836112,"Cohort_group",
"log2_median","XZ_YB",10,9.79319022869574,9.65423342262907,9.86576597021422,"Cohort_group",
"log2_median","XZ_YC",34,9.5006232919665,9.26251230865335,9.77293281954096,"Cohort_group",
"log2_median","XZ_YD",28,9.50805885255193,9.26611393093591,10.0394050968666,"Cohort_group",
"missing_pct","FJ_FQ",69,45.8999214042442,41.9701336127849,51.1134398742468,"Cohort_group",
"missing_pct","FJ_PT",26,30.5213518470003,26.860099554624,34.2022530783338,"Cohort_group",
"missing_pct","FJ_QZ",61,44.2756091171077,40.8959916164527,47.0002619858528,"Cohort_group",
"missing_pct","GZ_TH",123,51.8993974325386,46.9871626932146,57.0736180246267,"Cohort_group",
"missing_pct","XZ_GG",142,50.4060780717841,42.9525805606497,55.2724652868745,"Cohort_group",
"missing_pct","XZ_YA",22,38.5512182342154,30.3183128111082,44.9698716269321,"Cohort_group",
"missing_pct","XZ_YB",10,34.6083311501179,32.2832067068378,38.8459523185748,"Cohort_group",
"missing_pct","XZ_YC",34,39.7956510348441,35.0275085145402,45.159811370186,"Cohort_group",
"missing_pct","XZ_YD",28,38.6822111605973,22.7338223735918,45.2187581870579,"Cohort_group",
"PC1","Insufficient",44,-11.8367061200503,-16.2454471468041,-6.87633406492878,"Tube_Mixing",
"PC1","Normal",206,-12.1990678197215,-16.1656571970436,-6.26798451683189,"Tube_Mixing",
"PC1","Unknown",265,8.83768881139554,0.779948458166691,20.9449820667812,"Tube_Mixing",
"PC2","Insufficient",44,1.12207645238932,-2.4954716565208,6.68177415578335,"Tube_Mixing",
"PC2","Normal",206,1.00179159157041,-4.09285145135068,10.1349487735446,"Tube_Mixing",
"PC2","Unknown",265,-5.41119435479766,-8.72324001617887,-1.46711021575137,"Tube_Mixing",
"UMAP1","Insufficient",44,1.00811428764148,0.751126730826331,1.52548892238421,"Tube_Mixing",
"UMAP1","Normal",206,3.19467375614924,0.517806934204531,4.93953714707179,"Tube_Mixing",
"UMAP1","Unknown",265,4.15289483406825,-10.7607983555527,5.05522117951198,"Tube_Mixing",
"UMAP2","Insufficient",44,1.69478318543689,1.06679830403583,2.09253046365039,"Tube_Mixing",
"UMAP2","Normal",206,1.88166758866565,1.1902592823054,2.92535904498355,"Tube_Mixing",
"UMAP2","Unknown",265,-7.84535195975049,-9.42741611151441,6.42313597054736,"Tube_Mixing",
"detected_protein_groups","Insufficient",44,2101,1865.25,2228.5,"Tube_Mixing",
"detected_protein_groups","Normal",206,2251.5,2058,2559.75,"Tube_Mixing",
"detected_protein_groups","Unknown",265,1882,1676,2086,"Tube_Mixing",
"log2_median","Insufficient",44,9.51720628266867,9.24846233077656,9.69597095184616,"Tube_Mixing",
"log2_median","Normal",206,9.57130108687549,9.22989641988478,9.81454130114687,"Tube_Mixing",
"log2_median","Unknown",265,9.02039775933232,8.41208097086763,9.26639404484083,"Tube_Mixing",
"missing_pct","Insufficient",44,44.9567723342939,41.6164527115536,51.1330888132041,"Tube_Mixing",
"missing_pct","Normal",206,41.0138852501965,32.9381713387477,46.0833115011789,"Tube_Mixing",
"missing_pct","Unknown",265,50.6942625098245,45.3497511134399,56.0911710767619,"Tube_Mixing",
"PC1","[Numeric values]",130,,,,"WoleBlood_oldTime",-0.172306881469085
"PC2","[Numeric values]",130,,,,"WoleBlood_oldTime",0.47831075916746
"UMAP1","[Numeric values]",130,,,,"WoleBlood_oldTime",0.602766027546798
"UMAP2","[Numeric values]",130,,,,"WoleBlood_oldTime",0.365767051128057
"detected_protein_groups","[Numeric values]",130,,,,"WoleBlood_oldTime",-0.196953909689309
"log2_median","[Numeric values]",130,,,,"WoleBlood_oldTime",0.151769708469194
"missing_pct","[Numeric values]",130,,,,"WoleBlood_oldTime",0.196953909689309
"PC1","4h",94,-13.2072434748705,-17.500639564338,-7.3908026163628,"Plasma_HoldTime_h",
"PC1","Unknown",421,1.27657548063575,-8.20364318637315,14.7069931351731,"Plasma_HoldTime_h",
"PC2","4h",94,7.68761300316933,0.281470375602191,15.8582737262047,"Plasma_HoldTime_h",
"PC2","Unknown",421,-4.15283747611182,-7.57183090190823,1.27771288250375,"Plasma_HoldTime_h",
"UMAP1","4h",94,5.03586397507472,4.41019747593684,5.43981371262355,"Plasma_HoldTime_h",
"UMAP1","Unknown",421,0.912173489120436,-10.1770352329941,4.63216457703395,"Plasma_HoldTime_h",
"UMAP2","4h",94,2.49908349366443,1.35193303675906,3.10362074227588,"Plasma_HoldTime_h",
"UMAP2","Unknown",421,1.50704071374194,-8.76887443213208,5.86070988030688,"Plasma_HoldTime_h",
"detected_protein_groups","4h",94,2342,2117.75,2666,"Plasma_HoldTime_h",
"detected_protein_groups","Unknown",421,1987,1755,2215,"Plasma_HoldTime_h",
"log2_median","4h",94,9.61906158694081,9.27749325642513,9.88719708636855,"Plasma_HoldTime_h",
"log2_median","Unknown",421,9.1882289941242,8.63875893072825,9.50655479786704,"Plasma_HoldTime_h",
"missing_pct","4h",94,38.6429132826827,30.1545716531307,44.5179460309143,"Plasma_HoldTime_h",
"missing_pct","Unknown",421,47.943411055803,41.9701336127849,54.0214828399266,"Plasma_HoldTime_h",
