"PG.ProteinGroups","Contrast","logFC","AveExpr","t","P.Value","adj.P.Val","B","Significant_FDR_0.05","Direction"
"P16112","High_vs_Low",-0.485827645913437,10.6192276016162,-4.7064894918868,3.23784959379927e-06,0.00222043175614817,4.22119519608349,TRUE,"Higher_in_Low"
"Q08378","High_vs_Low",-0.442043249452322,10.9803317747758,-4.5591107170844,6.64582868503172e-06,0.00222043175614817,3.56419778160695,TRUE,"Higher_in_Low"
"Q92696","High_vs_Low",-0.464069862261104,9.20255972567773,-4.54915970733747,6.83846140763912e-06,0.00222043175614817,3.5387660831808,TRUE,"Higher_in_Low"
"P13591","High_vs_Low",-0.377030017430075,13.0415600066814,-4.51288950269405,7.91935535745394e-06,0.00222043175614817,3.40467967514497,TRUE,"Higher_in_Low"
"Q8TB73","High_vs_Low",-0.420930130056909,8.07615447087365,-4.47801951235436,9.29427112264782e-06,0.00222043175614817,3.25912848510633,TRUE,"Higher_in_Low"
"P07585","High_vs_Low",-0.303334431128075,12.3218478838271,-4.47675053653027,9.32545892917131e-06,0.00222043175614817,3.25575507268628,TRUE,"Higher_in_Low"
"O14594","High_vs_Low",-0.338048803475971,11.5404132603241,-4.44327643726295,1.08389276799422e-05,0.00222043175614817,3.11879712974412,TRUE,"Higher_in_Low"
"O14786","High_vs_Low",-0.293258576953324,14.1057122819407,-4.37906373725451,1.44251683923063e-05,0.00236141885577988,2.85873140999053,TRUE,"Higher_in_Low"
"Q9Y240","High_vs_Low",-0.379634582288464,12.7172879304592,-4.35560652765205,1.59987846371112e-05,0.00236141885577988,2.76460142870678,TRUE,"Higher_in_Low"
"P98160","High_vs_Low",-0.331180140853975,12.0119256250694,-4.34173897792126,1.70049085770336e-05,0.00236141885577988,2.70917339006531,TRUE,"Higher_in_Low"
"Q99983","High_vs_Low",-0.405920109753758,14.0210376603404,-4.32733189112763,1.81140916412683e-05,0.00236141885577988,2.65176229156186,TRUE,"Higher_in_Low"
"P05090","High_vs_Low",-0.310231470196234,12.5090928069042,-4.25089175026703,2.52538676478494e-05,0.00281842874659094,2.35011662079472,TRUE,"Higher_in_Low"
"Q13316","High_vs_Low",-0.362469661182347,8.79183929707337,-4.24892628619516,2.56663538243007e-05,0.00281842874659094,2.33931725280601,TRUE,"Higher_in_Low"
"O75752","High_vs_Low",-0.255696667271577,9.08650774546357,-4.23111517778811,2.75160407616967e-05,0.00281842874659094,2.27253342711408,TRUE,"Higher_in_Low"
"Q92859","High_vs_Low",-0.335777933302136,10.3580887885757,-4.20499461026952,3.07561899862387e-05,0.00294029176268442,2.17139955150684,TRUE,"Higher_in_Low"
"O75487","High_vs_Low",-0.342779620231813,8.63209285874185,-4.17166485164974,3.54597542026574e-05,0.00317808047041317,2.04259978357757,TRUE,"Higher_in_Low"
"Q14520","High_vs_Low",-0.344859582489377,17.7652235911754,-4.15027761936659,3.8811577244848e-05,0.00320865829552815,1.96070021206284,TRUE,"Higher_in_Low"
"P28482","High_vs_Low",-0.482759223999901,9.66480459812693,-4.12820809718986,4.26984475888027e-05,0.00320865829552815,1.87555897801232,TRUE,"Higher_in_Low"
"Q6UWP8","High_vs_Low",-0.434119086010783,8.86699732756677,-4.11741073006935,4.45768114273447e-05,0.00320865829552815,1.83537659759168,TRUE,"Higher_in_Low"
"Q06828","High_vs_Low",-0.290548621602927,11.3865768349313,-4.11648114196776,4.47511617228473e-05,0.00320865829552815,1.83184554047762,TRUE,"Higher_in_Low"
"P22466","High_vs_Low",-0.551231399747444,8.46941183115627,-4.08846855012968,5.1539853641315e-05,0.00333617930149253,1.71265670402869,TRUE,"Higher_in_Low"
"Q14956","High_vs_Low",-0.407432461317501,8.13264599466575,-4.06165330200944,5.66151365500641e-05,0.00333617930149253,1.62741792565941,TRUE,"Higher_in_Low"
"P49746","High_vs_Low",-0.346564228366676,12.0163436387452,-4.05931417217803,5.6812009059856e-05,0.00333617930149253,1.61612756234314,TRUE,"Higher_in_Low"
"O15335","High_vs_Low",-0.366008636182293,11.1646172019808,-4.05511642891275,5.78098550129799e-05,0.00333617930149253,1.60039865750979,TRUE,"Higher_in_Low"
"P35052","High_vs_Low",-0.290024136196072,7.97811099423777,-4.04480963705042,6.03309747818824e-05,0.00333617930149253,1.56184379421508,TRUE,"Higher_in_Low"
"Q99715","High_vs_Low",-0.320290009890424,10.7379249597153,-4.04417887480627,6.04886065821519e-05,0.00333617930149253,1.55948726822885,TRUE,"Higher_in_Low"
"O00468","High_vs_Low",-0.276281453354587,10.1802458113195,-4.03281988996433,6.3395117371869e-05,0.00336698512263927,1.51710901001048,TRUE,"Higher_in_Low"
"Q7LGC8","High_vs_Low",-0.278969044252412,11.0081953095231,-4.00358735390772,7.14969439846514e-05,0.00354711847400752,1.40856118315198,TRUE,"Higher_in_Low"
"Q9NR99","High_vs_Low",-0.290871863924691,10.2462125740413,-4.00278052989275,7.17339161410168e-05,0.00354711847400752,1.40557573257644,TRUE,"Higher_in_Low"
"P09603","High_vs_Low",-0.299395117325982,11.5767337196292,-3.97061442749003,8.18121408599366e-05,0.00377185485648467,1.28701270210178,TRUE,"Higher_in_Low"
"Q0VD83","High_vs_Low",-0.342918078277039,10.4164400313693,-3.9647236270911,8.37975980160914e-05,0.00377185485648467,1.26539664184893,TRUE,"Higher_in_Low"
"Q8NG11","High_vs_Low",-0.346357582439577,7.23294595188545,-3.97297696417439,8.41697039103971e-05,0.00377185485648467,1.28366249645,TRUE,"Higher_in_Low"
"Q9UKM7","High_vs_Low",-0.326302054051277,9.59108330370966,-3.95223637656872,8.81583742262591e-05,0.0038308820800138,1.21967475437192,TRUE,"Higher_in_Low"
"Q6ZRP7","High_vs_Low",-0.361076103515192,8.45863801831273,-3.92756441043777,9.74140595942879e-05,0.00409842065051398,1.1297368170612,TRUE,"Higher_in_Low"
"P78539","High_vs_Low",-0.300069477399235,9.36449724584815,-3.91870049819233,0.000100982617145012,0.00409842065051398,1.09751995673201,TRUE,"Higher_in_Low"
"Q13103","High_vs_Low",-0.30571895391865,16.3182058800291,-3.91399552365239,0.000102889221351815,0.00409842065051398,1.08049898740072,TRUE,"Higher_in_Low"
"P35443","High_vs_Low",-0.352856303425291,15.3802682371216,-3.90552672217365,0.000106452749782255,0.00412576332939874,1.04984916047251,TRUE,"Higher_in_Low"
"Q14515","High_vs_Low",-0.323722684974175,14.4478341156698,-3.88233312203969,0.000116819715707254,0.00435901778539578,0.966227752829758,TRUE,"Higher_in_Low"
"Q9BYH1","High_vs_Low",-0.310548175266486,11.0767575573965,-3.87475079293524,0.000120411036115217,0.00435901778539578,0.938992307326198,TRUE,"Higher_in_Low"
"P28906","High_vs_Low",-0.360813359055095,10.8771231873645,-3.87247959138573,0.000121590454264875,0.00435901778539578,0.931078435433412,TRUE,"Higher_in_Low"
"P04004","High_vs_Low",-0.272652972367123,18.311104894547,-3.86305241744395,0.000126157341298347,0.0044124299371178,0.897070466603965,TRUE,"Higher_in_Low"
"Q6P4E1","High_vs_Low",-0.2898375651728,11.2987990677628,-3.85673212986718,0.000129368797456571,0.00441702037030292,0.874470978881428,TRUE,"Higher_in_Low"
"O95196","High_vs_Low",-0.320096612381255,9.55429030817418,-3.84336714211573,0.00013691543110305,0.00443006302497877,0.827592052308364,TRUE,"Higher_in_Low"
"Q5JRA6","High_vs_Low",-0.329167581397352,11.1089883338995,-3.84146029072625,0.00013745054694316,0.00443006302497877,0.820007208092116,TRUE,"Higher_in_Low"
"Q9H251","High_vs_Low",-0.340042349521346,10.1743566385053,-3.8291107050261,0.000144332274319628,0.00443006302497877,0.776113897455027,TRUE,"Higher_in_Low"
"P08294","High_vs_Low",-0.314605377643598,9.55487548000719,-3.82771018576075,0.000145132930732732,0.00443006302497877,0.771144532794319,TRUE,"Higher_in_Low"
"P08493","High_vs_Low",-0.31932544773318,14.5087894097268,-3.82759786594069,0.000145197323691773,0.00443006302497877,0.770746070428116,TRUE,"Higher_in_Low"
"Q8IUX7","High_vs_Low",-0.291694663019666,10.8583446705053,-3.81039013130216,0.00015538763003863,0.00464220544740407,0.709830625687233,TRUE,"Higher_in_Low"
"P49747","High_vs_Low",-0.318139621116435,15.0549524769849,-3.78629008097318,0.000170799109039263,0.00499848821147557,0.624951497638611,TRUE,"Higher_in_Low"
"Q9HC84","High_vs_Low",-0.558904752870545,8.75911052980223,-3.76977423323489,0.000182603918120471,0.00513533483371889,0.56751846671771,TRUE,"Higher_in_Low"
"Q8IZF2","High_vs_Low",-0.285626412674647,10.4755511402166,-3.76913296042052,0.00018263743132473,0.00513533483371889,0.564834686662553,TRUE,"Higher_in_Low"
"P09326","High_vs_Low",-0.382030297331022,8.27252669852262,-3.74169207306107,0.000204265124819723,0.0055795634154485,0.47185411379767,TRUE,"Higher_in_Low"
"P07359","High_vs_Low",-0.272122274218855,17.2216117069061,-3.7378757768296,0.000206218173653257,0.0055795634154485,0.45597546319553,TRUE,"Higher_in_Low"
"Q13444","High_vs_Low",-0.458229327159033,7.67045513309621,-3.71601628984113,0.000226983196809475,0.00602766489305162,0.381088303187581,TRUE,"Higher_in_Low"
"P19256","High_vs_Low",-0.30410409387196,7.92849692399026,-3.68119529845926,0.000258169836641522,0.00668058606099324,0.269900705154023,TRUE,"Higher_in_Low"
"P06734","High_vs_Low",-0.374318015664242,9.32929477376901,-3.67806183320427,0.000260887600708244,0.00668058606099324,0.257673143095375,TRUE,"Higher_in_Low"
"Q6Q788","High_vs_Low",-0.293823111485372,12.4906748574499,-3.64802172940539,0.000290987290918198,0.0071113664990785,0.147817317921491,TRUE,"Higher_in_Low"
"P49641","High_vs_Low",-0.288579745289779,9.51224490637486,-3.64018162414955,0.000299762858446164,0.0071113664990785,0.121266154194875,TRUE,"Higher_in_Low"
"Q6UVK1","High_vs_Low",-0.298144912410397,10.2513471448004,-3.63876532163137,0.000301374423862441,0.0071113664990785,0.116475501947654,TRUE,"Higher_in_Low"
"O75787","High_vs_Low",-0.339441208497044,9.87541007003625,-3.6361000584041,0.000304429229992186,0.0071113664990785,0.107465023532867,TRUE,"Higher_in_Low"
"O60279","High_vs_Low",-0.260853453113453,12.8655236198375,-3.6350754112165,0.000305611355009349,0.0071113664990785,0.10400265531563,TRUE,"Higher_in_Low"
"O94985","High_vs_Low",-0.266971332514078,10.9705470510569,-3.63347622333106,0.000307464939290702,0.0071113664990785,0.0986007145991206,TRUE,"Higher_in_Low"
"P14314","High_vs_Low",-0.233194681339732,12.3645363561711,-3.62461605121435,0.000317927313540475,0.00720715375774807,0.0687125254463803,TRUE,"Higher_in_Low"
"P10451","High_vs_Low",-0.295592210078141,12.3126779788882,-3.621522624044,0.000321658187235618,0.00720715375774807,0.0582937030263855,TRUE,"Higher_in_Low"
"Q9HCM3","High_vs_Low",-0.261616201315963,9.58969756289802,-3.60793268026544,0.000338540695972842,0.00746872858500086,0.0126220198429046,TRUE,"Higher_in_Low"
"O15466","High_vs_Low",-0.305638253385021,9.26655341569532,-3.59916178507883,0.000349935271164512,0.00759083958367728,-0.0166976255746949,TRUE,"Higher_in_Low"
"Q9NQ79","High_vs_Low",-0.285547015445275,12.4205866055037,-3.59012684944906,0.000361920616225291,0.00759083958367728,-0.0469714189204549,TRUE,"Higher_in_Low"
"P40967","High_vs_Low",-0.321025098420263,11.9632614282273,-3.58612500551765,0.000367379632740723,0.00759083958367728,-0.0603264776943497,TRUE,"Higher_in_Low"
"Q12797","High_vs_Low",-0.266443501051951,9.33365917433276,-3.58006623982665,0.000375791669086251,0.00759083958367728,-0.0805190406257736,TRUE,"Higher_in_Low"
"Q9BUD6","High_vs_Low",-0.397306702209899,8.30220130383214,-3.58059602139138,0.000376874236770287,0.00759083958367728,-0.0766211730132884,TRUE,"Higher_in_Low"
"Q9BRK5","High_vs_Low",-0.352007245233523,9.51665916467102,-3.57848081958735,0.000378022499435981,0.00759083958367728,-0.0857975542158895,TRUE,"Higher_in_Low"
"P09619","High_vs_Low",-0.348245667087998,10.0526943388665,-3.57139819507059,0.000388140847572887,0.00759083958367728,-0.109351400572341,TRUE,"Higher_in_Low"
"Q8WWA0","High_vs_Low",-0.344883563722574,11.3286383558247,-3.57116691943514,0.00038847549243782,0.00759083958367728,-0.110119779466213,TRUE,"Higher_in_Low"
"Q14517","High_vs_Low",-0.36159708067219,10.1621116505705,-3.56740754780393,0.000393953187700191,0.00759083958367728,-0.122603105097091,TRUE,"Higher_in_Low"
"P55290","High_vs_Low",-0.285866949942312,10.6100003232899,-3.56428268242005,0.000398561357156973,0.00759083958367728,-0.13296999251647,TRUE,"Higher_in_Low"
"P05154","High_vs_Low",-0.251864091241194,11.1060086987,-3.56176961597333,0.00040230391098987,0.00759083958367728,-0.141300947778442,TRUE,"Higher_in_Low"
"P13942","High_vs_Low",-0.333771095662177,9.11401878097648,-3.54014135250202,0.000435902127754929,0.00811796949611128,-0.212769045056826,TRUE,"Higher_in_Low"
"Q9BV94","High_vs_Low",-0.330906483518373,9.52629169095206,-3.50291702246326,0.000500672508643351,0.00911250129352759,-0.329199037553746,TRUE,"Higher_in_Low"
"P27797","High_vs_Low",-0.243937020258299,11.9731163602869,-3.50179422631371,0.000502013669587643,0.00911250129352759,-0.338465161693174,TRUE,"Higher_in_Low"
"Q9Y5X9","High_vs_Low",-0.276639887532323,8.29807601065005,-3.49727501796637,0.000510961577177694,0.00915898627091017,-0.351441488485086,TRUE,"Higher_in_Low"
"O43157","High_vs_Low",-0.26125899060035,12.5580045037599,-3.48725870242735,0.00052943876857555,0.00937302708811528,-0.385769981786797,TRUE,"Higher_in_Low"
"P12109","High_vs_Low",-0.278703927251083,9.44232007752995,-3.48238767098831,0.00053893820727383,0.00942484621013016,-0.401580503416936,TRUE,"Higher_in_Low"
"P23471","High_vs_Low",-0.269196109156308,11.5453431595551,-3.47236684363967,0.000558983687113058,0.00965762177494127,-0.434040194012414,TRUE,"Higher_in_Low"
"Q14393","High_vs_Low",-0.423813894355977,9.14485263270739,-3.45060895438996,0.000605110229710756,0.0103300960643479,-0.503182308365179,TRUE,"Higher_in_Low"
"Q9BY76","High_vs_Low",-0.392981085620209,8.04806467104058,-3.44341718483724,0.000623187425359183,0.0104349010104512,-0.520940066865484,TRUE,"Higher_in_Low"
"Q08431","High_vs_Low",-0.322704376708656,7.06597142600765,-3.44564843591406,0.000630870290021013,0.0104349010104512,-0.492429021129739,TRUE,"Higher_in_Low"
"Q9BXX0","High_vs_Low",-0.266991973434157,9.85025822369753,-3.43802832958968,0.000633079768416493,0.0104349010104512,-0.544594361078929,TRUE,"Higher_in_Low"
"P13611","High_vs_Low",-0.280279878285388,13.0080616075689,-3.43242381315099,0.000646009909033217,0.010527025108564,-0.562538911411978,TRUE,"Higher_in_Low"
"O95967","High_vs_Low",-0.323758496444871,8.86334903445566,-3.42106583489661,0.000673364351170427,0.0107862158998774,-0.598623443566312,TRUE,"Higher_in_Low"
"P12259","High_vs_Low",-0.218536716263515,18.0051179461592,-3.41942269636835,0.000676959156896069,0.0107862158998774,-0.604058417255776,TRUE,"Higher_in_Low"
"Q9NRA1","High_vs_Low",-0.305084814092639,9.46322529784544,-3.40997122085409,0.00070032026240366,0.0110358160031522,-0.634147685963071,TRUE,"Higher_in_Low"
"Q9NZ53","High_vs_Low",-0.320847273575835,8.53113110112218,-3.40518649040424,0.000712532344014184,0.0111062106664819,-0.64920078958144,TRUE,"Higher_in_Low"
"P12111","High_vs_Low",-0.235627192518967,9.63917569220986,-3.3921582325895,0.000746403663657182,0.011509062942843,-0.690640249895647,TRUE,"Higher_in_Low"
"O15400","High_vs_Low",-0.327481716347751,8.60855116887885,-3.38434674088257,0.000768355907890809,0.0117215145948449,-0.714351768974925,TRUE,"Higher_in_Low"
"P14625","High_vs_Low",-0.294868761956373,14.0300943662412,-3.37320737986481,0.000798521303324079,0.0117488855678119,-0.750431378834717,TRUE,"Higher_in_Low"
"Q6V0I7","High_vs_Low",-0.346723746392032,9.78190102316283,-3.37204585174451,0.000801823342971536,0.0117488855678119,-0.754085670062612,TRUE,"Higher_in_Low"
"Q8NEH6","High_vs_Low",-0.345264693865811,10.1664893061128,-3.3732968881325,0.000806715104195617,0.0117488855678119,-0.735270999549779,TRUE,"Higher_in_Low"
"P39059","High_vs_Low",-0.325688269257764,10.3370924022234,-3.36941648902467,0.000809345203282214,0.0117488855678119,-0.762353485320582,TRUE,"Higher_in_Low"
"P56715","High_vs_Low",-0.262508048857956,10.6761899901176,-3.36830065473943,0.000813918888947449,0.0117488855678119,-0.762938643285104,TRUE,"Higher_in_Low"
"Q02952","High_vs_Low",-0.311415554329919,10.8424876721318,-3.36143064379354,0.000832594936558031,0.0117488855678119,-0.787426553244898,TRUE,"Higher_in_Low"
"Q13740","High_vs_Low",-0.300347397989247,10.0373851217156,-3.36071874980648,0.000834697405290671,0.0117488855678119,-0.789658919748203,TRUE,"Higher_in_Low"
"P05019","High_vs_Low",-0.251856732076652,9.16828486185053,-3.35870077837274,0.000842078357611763,0.0117488855678119,-0.788051177555848,TRUE,"Higher_in_Low"
"P51888","High_vs_Low",-0.326904262930632,7.70211132190347,-3.35829572852104,0.00084388787551229,0.0117488855678119,-0.793384809717395,TRUE,"Higher_in_Low"
"Q9HCU0","High_vs_Low",-0.279272956172186,14.1819509543834,-3.35000405166663,0.000866944127399279,0.0119538257566401,-0.82320364252282,TRUE,"Higher_in_Low"
"Q9NS73","High_vs_Low",-0.295324205111617,13.1537598581502,-3.34762675792192,0.000875443111452428,0.0119560516364074,-0.829751900286731,TRUE,"Higher_in_Low"
"Q9Y274","High_vs_Low",-0.249521480667884,9.52568151004066,-3.33145280748641,0.000925529070803101,0.0125208366748269,-0.881040321550984,TRUE,"Higher_in_Low"
"Q6UXD5","High_vs_Low",-0.297185062055505,9.64127741702673,-3.32202467587188,0.000956693635772822,0.0128214829317591,-0.910316454089476,TRUE,"Higher_in_Low"
"Q6UWD8","High_vs_Low",-0.303080047197466,7.21463163009614,-3.32246214011042,0.000967516513887407,0.0128464692677272,-0.882761645119355,TRUE,"Higher_in_Low"
"P26572","High_vs_Low",-0.363749683883542,8.8671349175869,-3.31226723817126,0.000990098269487841,0.0130256964995006,-0.940354478970073,TRUE,"Higher_in_Low"
"Q9UGM3","High_vs_Low",-0.358368075190482,8.55711416424444,-3.30159130940832,0.00102948558184273,0.0133216298702043,-0.97096027557928,TRUE,"Higher_in_Low"
"Q86TY3","High_vs_Low",-0.254806361703793,8.84725532054918,-3.3005999205503,0.00103117218660577,0.0133216298702043,-0.976549290534549,TRUE,"Higher_in_Low"
"P16070","High_vs_Low",-0.250512243953107,16.2862815297193,-3.29671349900066,0.00104524602672953,0.0133828821636621,-0.988519903764975,TRUE,"Higher_in_Low"
"Q92823","High_vs_Low",-0.311124250565447,8.66771758471406,-3.27491658115025,0.00112753777772484,0.0143087537456409,-1.05540667040384,TRUE,"Higher_in_Low"
"Q9ULI3","High_vs_Low",-0.172724104273938,13.5651344668898,-3.26471637135996,0.00116807574198227,0.0146931632807243,-1.08656145720821,TRUE,"Higher_in_Low"
"Q02818","High_vs_Low",-0.283677452961255,8.53375996100122,-3.25891603698271,0.00119172587967213,0.0148603035778247,-1.10423606522076,TRUE,"Higher_in_Low"
"Q504Y2","High_vs_Low",-0.363995873900211,7.74771695121705,-3.25751079858569,0.00120262232495459,0.0148669001205594,-1.09867194778447,TRUE,"Higher_in_Low"
"Q92187","High_vs_Low",-0.233118216179955,10.9889736113409,-3.25378807608482,0.00121300322528852,0.0148670651714849,-1.1198367613621,TRUE,"Higher_in_Low"
"P02760","High_vs_Low",-0.172662685662496,15.7761766532437,-3.24879263290423,0.00123406862536349,0.0149970712607733,-1.13501166859099,TRUE,"Higher_in_Low"
"Q53EL9","High_vs_Low",-0.301136788267518,8.00871898914271,-3.2434014502199,0.0012652803317016,0.0151539573323163,-1.12718898513959,TRUE,"Higher_in_Low"
"Q15582","High_vs_Low",-0.258773821009751,10.6948285205239,-3.24088377749016,0.00126811358429425,0.0151539573323163,-1.15899110707257,TRUE,"Higher_in_Low"
"O00461","High_vs_Low",-0.282960568641922,8.94365281764459,-3.23373748044442,0.00129962178610703,0.015402129266756,-1.18061031405832,TRUE,"Higher_in_Low"
"P26022","High_vs_Low",-0.295036713350385,10.4315416554361,-3.23076586100697,0.00131293578960769,0.015432376412274,-1.18958668640554,TRUE,"Higher_in_Low"
"O60462","High_vs_Low",-0.255842940490183,12.4714194419794,-3.22582639272215,0.00133534613078617,0.0155681817198973,-1.2044898359336,TRUE,"Higher_in_Low"
"Q8IZP7","High_vs_Low",-0.261440066503813,8.72217445323731,-3.22202159368112,0.00135284923680292,0.0156450468191564,-1.21595460455969,TRUE,"Higher_in_Low"
"P29966","High_vs_Low",-0.275976819924358,7.17387665492518,-3.20883233771389,0.00141802360604192,0.0162675668085129,-1.25152528887676,TRUE,"Higher_in_Low"
"Q14767","High_vs_Low",-0.368237871251832,9.5297482203054,-3.20546772902101,0.00143166332577641,0.0162936921362173,-1.2654973240199,TRUE,"Higher_in_Low"
"Q76LX8","High_vs_Low",-0.294736636685709,9.86551978752602,-3.20302887858914,0.00144343848330318,0.0162983526382422,-1.27299013215271,TRUE,"Higher_in_Low"
"P16871","High_vs_Low",-0.300120345626206,10.2870750821815,-3.17765192484389,0.00157323985359226,0.0176252027347758,-1.34869270107282,TRUE,"Higher_in_Low"
"Q9H159","High_vs_Low",-0.275128594243997,9.42644628681729,-3.17256742654305,0.00160050937299684,0.0177917088440114,-1.36379087994165,TRUE,"Higher_in_Low"
"Q07507","High_vs_Low",-0.2791597989685,13.3688479173569,-3.16520634987568,0.00164076259481997,0.0180988735459372,-1.38560811961866,TRUE,"Higher_in_Low"
"P00966","High_vs_Low",-0.362197878692168,7.86739839602239,-3.16186500868749,0.00166426444559807,0.0181325247291018,-1.38824986810389,TRUE,"Higher_in_Low"
"Q8IUK5","High_vs_Low",-0.241450435308362,11.4501229134404,-3.16012314169799,0.00166910269472904,0.0181325247291018,-1.40064565692436,TRUE,"Higher_in_Low"
"P98095","High_vs_Low",-0.289679393335529,8.73646571131464,-3.15775687443846,0.00168263038765847,0.0181420449315958,-1.40743836233502,TRUE,"Higher_in_Low"
"Q96AQ6","High_vs_Low",-0.310011275973494,8.57699336824384,-3.1553805644866,0.00169613297648053,0.0181511543900977,-1.41451037845216,TRUE,"Higher_in_Low"
"P24821","High_vs_Low",-0.324609108312316,13.2618975828428,-3.15103481332233,0.00172090067385849,0.0182797893800968,-1.42747359420902,TRUE,"Higher_in_Low"
"Q658P3","High_vs_Low",-0.318889023802424,8.60031979857161,-3.1468669570808,0.00174841441597637,0.0184354872978685,-1.43639442239659,TRUE,"Higher_in_Low"
"Q6EMK4","High_vs_Low",-0.209511215241774,10.3663343732983,-3.14234149246151,0.00177183083338054,0.0184610984350618,-1.45306604670541,TRUE,"Higher_in_Low"
"Q86YZ3","High_vs_Low",-0.374262172725114,8.67645995600954,-3.14118200627042,0.00177910550875881,0.0184610984350618,-1.45549450834133,TRUE,"Higher_in_Low"
"P32942","High_vs_Low",-0.245322274199392,9.77838801341332,-3.13872483569113,0.00179342561118946,0.0184610984350618,-1.46369318971442,TRUE,"Higher_in_Low"
"Q6YHK3","High_vs_Low",-0.258776249189143,9.54395502397012,-3.13724376911755,0.00180233875935052,0.0184610984350618,-1.46804174487985,TRUE,"Higher_in_Low"
"P20908","High_vs_Low",-0.292857084774441,7.7270153505008,-3.12068466547747,0.0019097650984223,0.0194227173839545,-1.50473269767206,TRUE,"Higher_in_Low"
"Q10472","High_vs_Low",-0.222112284728084,8.97031374351362,-3.1137624067206,0.00194941694785291,0.0194840548165674,-1.53592767095076,TRUE,"Higher_in_Low"
"P50895","High_vs_Low",-0.312988698108146,8.56125338970368,-3.11305862318356,0.00195398497742732,0.0194840548165674,-1.5387582246171,TRUE,"Higher_in_Low"
"Q14242","High_vs_Low",-0.236784097470755,12.0745274897736,-3.11131612346276,0.00196513625819503,0.0194840548165674,-1.54384824936915,TRUE,"Higher_in_Low"
"Q8IZP9","High_vs_Low",-0.295922207034891,8.7888843028214,-3.11058099135201,0.00197014501283283,0.0194840548165674,-1.54577735216502,TRUE,"Higher_in_Low"
"Q8NBJ4","High_vs_Low",-0.243269208530837,11.3961039174354,-3.10355845478724,0.00201641501543103,0.0198050625488226,-1.56641232957967,TRUE,"Higher_in_Low"
"P21810","High_vs_Low",-0.255156077599995,10.8041489404627,-3.10065066173689,0.00203595098011708,0.0198609095611421,-1.57485602413036,TRUE,"Higher_in_Low"
"O95715","High_vs_Low",-0.363457232280329,8.76671663485513,-3.09942260606512,0.00205541640559966,0.0199153184164183,-1.55999222215006,TRUE,"Higher_in_Low"
"Q9BXN1","High_vs_Low",-0.26211184469213,11.3457933130182,-3.09189372482692,0.00209584122788223,0.0201707135623028,-1.60023856475821,TRUE,"Higher_in_Low"
"Q9H2X3","High_vs_Low",-0.276762037593478,8.3005088189529,-3.08987018629384,0.00211271334334497,0.0201975395623779,-1.59768918685679,TRUE,"Higher_in_Low"
"Q6UX71","High_vs_Low",-0.259297358490002,10.1139582367603,-3.08709299291899,0.00212935791166581,0.020221849306813,-1.61412448340474,TRUE,"Higher_in_Low"
"Q8NI99","High_vs_Low",-0.376744036144384,11.9412872681069,-3.07341049010804,0.00222760627050579,0.0210157065256928,-1.65358663661136,TRUE,"Higher_in_Low"
"O94769","High_vs_Low",-0.282012511621854,9.26428866579649,-3.06921877045771,0.00225852869698548,0.0211681709246874,-1.66564235228069,TRUE,"Higher_in_Low"
"Q9NP78","High_vs_Low",-0.336049527634415,10.6115179720627,-3.06622181371404,0.00228969442568467,0.0212378207322746,-1.66441167544797,TRUE,"Higher_in_Low"
"Q9Y4L1","High_vs_Low",-0.252866355474646,8.97105158380125,-3.06306388831108,0.00230464864177558,0.0212378207322746,-1.68331557477501,TRUE,"Higher_in_Low"
"Q9H8L6","High_vs_Low",-0.289188384755947,10.7485586581377,-3.06230554684909,0.00231039053991272,0.0212378207322746,-1.68549072473656,TRUE,"Higher_in_Low"
"Q92752","High_vs_Low",-0.291769357325912,7.13519394326189,-3.04778781084309,0.0024289169191245,0.0221851392485639,-1.70976020672988,TRUE,"Higher_in_Low"
"Q92743","High_vs_Low",-0.27432406058978,10.3821006219859,-3.03696404912906,0.00250999200107666,0.0227805603135692,-1.75787944196241,TRUE,"Higher_in_Low"
"P51884","High_vs_Low",-0.231395482821593,16.8642744203719,-3.02667800657959,0.0025954313975434,0.0234078529816178,-1.78709648116234,TRUE,"Higher_in_Low"
"O00339","High_vs_Low",-0.34008383057583,7.11179314684611,-3.01702716004191,0.0026892113078918,0.0241020563469803,-1.79147529617617,TRUE,"Higher_in_Low"
"Q9BWP8","High_vs_Low",-0.316323849147013,13.8883739953902,-3.01199403124396,0.00272202762489568,0.0242446435658411,-1.8286401238408,TRUE,"Higher_in_Low"
"Q8NBJ7","High_vs_Low",-0.329301487802988,7.97717781860112,-3.01255475516838,0.0027466530987842,0.0243129663188675,-1.79582058022074,TRUE,"Higher_in_Low"
"Q76I76","High_vs_Low",-0.305457957839197,9.18738133900111,-3.00271466619607,0.00282776041219087,0.0248282528508993,-1.81507887640181,TRUE,"Higher_in_Low"
"P05387","High_vs_Low",-0.298449005127107,8.69342973546772,-2.99911527052129,0.00283949335254358,0.0248282528508993,-1.86257061336516,TRUE,"Higher_in_Low"
"O43897","High_vs_Low",-0.265468965506154,9.74825856850589,-2.99554839907377,0.00288789041985929,0.0249681613263044,-1.84779996225905,TRUE,"Higher_in_Low"
"P55287","High_vs_Low",-0.307549165527874,8.20605459663454,-2.99347210044853,0.00289081204056824,0.0249681613263044,-1.88022124286313,TRUE,"Higher_in_Low"
"P52943","High_vs_Low",-0.249442565773917,7.95101101224923,-2.99140411487274,0.0029109120048662,0.0249681613263044,-1.88512798605417,TRUE,"Higher_in_Low"
"Q8TD06","High_vs_Low",-0.29970231594734,8.06156396628907,-2.98703807279774,0.00295735349504457,0.0249681613263044,-1.88770744880588,TRUE,"Higher_in_Low"
"Q9H8J5","High_vs_Low",-0.30196032429328,10.6626319630852,-2.98562014383353,0.0029637052519194,0.0249681613263044,-1.90276750539101,TRUE,"Higher_in_Low"
"A1L4H1","High_vs_Low",-0.272344644166798,11.5110008924975,-2.98461036322816,0.00297333720920706,0.0249681613263044,-1.90559313327173,TRUE,"Higher_in_Low"
"Q9NYQ6","High_vs_Low",-0.282068850695751,8.54993929967085,-2.98421536465183,0.00297737488619112,0.0249681613263044,-1.90645624376896,TRUE,"Higher_in_Low"
"P00736","High_vs_Low",-0.281890875447919,15.7427185587393,-2.97429614007793,0.00307337458077179,0.0256233671443416,-1.93440219167009,TRUE,"Higher_in_Low"
"P80108","High_vs_Low",-0.222537114178104,13.9926130962551,-2.96917709451745,0.00312415861503492,0.0258962049361854,-1.94866466786838,TRUE,"Higher_in_Low"
"Q8WWZ8","High_vs_Low",-0.605686218453402,10.3959110692191,-2.96229132828535,0.00319367987837037,0.0263115595784522,-1.96781211524962,TRUE,"Higher_in_Low"
"Q15293","High_vs_Low",-0.27650235161836,10.5406115393328,-2.96060065418322,0.00321096438370232,0.0263115595784522,-1.97250686072243,TRUE,"Higher_in_Low"
"Q16706","High_vs_Low",-0.185318254675012,9.45858734553247,-2.95100458523097,0.00331069929450749,0.0269746749336576,-1.99910467416631,TRUE,"Higher_in_Low"
"P15291","High_vs_Low",-0.220079850213354,8.76843422974652,-2.93688005488127,0.00346265419469449,0.0280533678824401,-2.03810254102448,TRUE,"Higher_in_Low"
"P07942","High_vs_Low",-0.277385771508028,9.9521803158994,-2.93215686740116,0.00351487061609749,0.0283164295701337,-2.05110296286406,TRUE,"Higher_in_Low"
"P01011","High_vs_Low",-0.266744612621203,12.4322410209453,-2.92302951839007,0.00361781750397806,0.0289829625737684,-2.07616843251076,TRUE,"Higher_in_Low"
"Q99969","High_vs_Low",-0.2734710909269,12.6740520470718,-2.92078636077397,0.0036435354244441,0.029026832214738,-2.08231702226977,TRUE,"Higher_in_Low"
"Q13217","High_vs_Low",-0.336995983888675,9.75793109598678,-2.91443259731054,0.0037175898580943,0.0293706507398877,-2.09945037255568,TRUE,"Higher_in_Low"
"Q9NS62","High_vs_Low",-0.233292211733797,9.39777268852531,-2.91362598518589,0.00372765581217542,0.0293706507398877,-2.09984300432831,TRUE,"Higher_in_Low"
"O43505","High_vs_Low",-0.291127936697015,6.92739931445802,-2.90975883974141,0.00381381556619615,0.029533879018191,-2.06310524622,TRUE,"Higher_in_Low"
"Q14574","High_vs_Low",-0.370787890857295,11.9750992507169,-2.90415867411668,0.00383943220226742,0.029533879018191,-2.1277520038861,TRUE,"Higher_in_Low"
"Q09327","High_vs_Low",-0.311716429751576,7.51174105797776,-2.90466172712863,0.00384626946495227,0.029533879018191,-2.09767387873036,TRUE,"Higher_in_Low"
"Q07954","High_vs_Low",-0.409638795159573,10.8348134453399,-2.90354116593597,0.00384688875326,0.029533879018191,-2.1294345111624,TRUE,"Higher_in_Low"
"Q9Y625","High_vs_Low",-0.264424592605062,8.46083034028952,-2.90359062617944,0.0038513496348687,0.029533879018191,-2.12300843722168,TRUE,"Higher_in_Low"
"Q8N3T1","High_vs_Low",-0.275596594748105,7.20070048461002,-2.90006590970436,0.00389788816366659,0.0297317639717973,-2.1265410371923,TRUE,"Higher_in_Low"
"P07355","High_vs_Low",-0.259258488680407,9.09851511318522,-2.89579513611493,0.00394155125313008,0.0299057380793044,-2.15051052544669,TRUE,"Higher_in_Low"
"P19320","High_vs_Low",-0.162930886270264,10.0822398176976,-2.89005072878367,0.00401311712493814,0.0302884734587436,-2.16610522004098,TRUE,"Higher_in_Low"
"Q9UHF0","High_vs_Low",-0.357022814377159,7.85842642136385,-2.8888155636543,0.00406924871175463,0.0304074113461027,-2.14011917068488,TRUE,"Higher_in_Low"
"Q86TH1","High_vs_Low",-0.30193394862134,9.02453794597641,-2.88545003587884,0.00407128520115182,0.0304074113461027,-2.17857341294891,TRUE,"Higher_in_Low"
"Q08554","High_vs_Low",-0.334259103717493,10.2262778523657,-2.87940719238527,0.00414917403048705,0.0308285780296292,-2.19354274380321,TRUE,"Higher_in_Low"
"P08833","High_vs_Low",-0.352034235171971,10.056158224592,-2.87362980297408,0.00422590448398608,0.0311800080650509,-2.20942657528866,TRUE,"Higher_in_Low"
"P78509","High_vs_Low",-0.334544386095981,11.7936462855301,-2.87243952669659,0.00423995925570776,0.0311800080650509,-2.21372881669694,TRUE,"Higher_in_Low"
"Q15166","High_vs_Low",-0.193904543197643,16.1902261268496,-2.86587454013501,0.00432746168856932,0.0316209336344992,-2.23140959033246,TRUE,"Higher_in_Low"
"P35625","High_vs_Low",-0.369667180512963,8.9238477481363,-2.86502305665445,0.0043440194741955,0.0316209336344992,-2.22526706133245,TRUE,"Higher_in_Low"
"P14543","High_vs_Low",-0.280114957561084,12.1827363047751,-2.86018511564809,0.00440461871750771,0.0319001173783134,-2.24670065302132,TRUE,"Higher_in_Low"
"Q6ZN30","High_vs_Low",-0.253181013609394,15.4410483494086,-2.85616863219272,0.00446680650209376,0.0321794129002044,-2.2496641248578,TRUE,"Higher_in_Low"
"Q08722","High_vs_Low",-0.402388829694333,8.23883829507143,-2.85635171549646,0.00449531680922354,0.0321794129002044,-2.21536598700802,TRUE,"Higher_in_Low"
"Q6UXI9","High_vs_Low",-0.303108420719528,11.0646983569581,-2.85153859165695,0.00452427465625241,0.0321794129002044,-2.26988301185465,TRUE,"Higher_in_Low"
"Q6E0U4","High_vs_Low",-0.329969550091183,9.8383231057984,-2.85092024823476,0.00453294379765781,0.0321794129002044,-2.27153826206646,TRUE,"Higher_in_Low"
"P35030","High_vs_Low",-0.226757645251675,11.2633780653342,-2.84914263409347,0.0045579499708762,0.0321975382179137,-2.27629484193815,TRUE,"Higher_in_Low"
"P16150","High_vs_Low",-0.253775326611992,11.7068321898301,-2.8367527216541,0.00473575159977451,0.0332895480101797,-2.30936829774329,TRUE,"Higher_in_Low"
"P98164","High_vs_Low",-0.481314449975043,10.2936522238606,-2.83020333815534,0.00486602289478391,0.0340384235664396,-2.28049335332706,TRUE,"Higher_in_Low"
"Q5D862","High_vs_Low",-0.313154762533696,9.72044929392317,-2.80993135931901,0.0051449843482798,0.0358150852205497,-2.37357182883612,TRUE,"Higher_in_Low"
"Q16270","High_vs_Low",-0.28014361831114,10.7307720236852,-2.80379278562649,0.00523981018994074,0.0362334519700918,-2.39667161760692,TRUE,"Higher_in_Low"
"P55291","High_vs_Low",-0.349854445958238,7.85112566053338,-2.8032844970876,0.00525561925368138,0.0362334519700918,-2.38265593968557,TRUE,"Higher_in_Low"
"Q96EE4","High_vs_Low",-0.198086430051122,8.58773230347274,-2.79270462694413,0.00542000990826334,0.0369051920761932,-2.42581944805013,TRUE,"Higher_in_Low"
"P08195","High_vs_Low",-0.238850832608696,7.34264566609518,-2.79160041998521,0.0054401584026257,0.0369051920761932,-2.42293597694644,TRUE,"Higher_in_Low"
"Q9H0B8","High_vs_Low",-0.453311755660997,7.3761908131981,-2.79230874909665,0.00547612527779161,0.0369051920761932,-2.36973336040644,TRUE,"Higher_in_Low"
"Q8TER0","High_vs_Low",-0.239364621682418,9.20717810656895,-2.78917015352181,0.00547861897849081,0.0369051920761932,-2.43508712033858,TRUE,"Higher_in_Low"
"Q9NPG4","High_vs_Low",-0.285387676214157,9.59185789561415,-2.7882349779364,0.00549422185621597,0.0369051920761932,-2.43753732294498,TRUE,"Higher_in_Low"
"P08575","High_vs_Low",-0.207999322792395,10.3628173713372,-2.78744285764054,0.00550746938933428,0.0369051920761932,-2.43961209134104,TRUE,"Higher_in_Low"
"Q9UBP4","High_vs_Low",-0.233401783000335,10.6168891899377,-2.7847783092506,0.00555224415102058,0.0370321772677373,-2.446587041344,TRUE,"Higher_in_Low"
"P41222","High_vs_Low",-0.194943625925434,9.7018591666354,-2.77425656796931,0.00573228693594425,0.0379146367242385,-2.4740664811843,TRUE,"Higher_in_Low"
"Q13609","High_vs_Low",-0.333635306522108,7.5187821663947,-2.77435300029948,0.00573743108030667,0.0379146367242385,-2.46422709060767,TRUE,"Higher_in_Low"
"O75339","High_vs_Low",-0.27351369897152,9.72981043169935,-2.77141264630977,0.00578184886287035,0.0380328957309912,-2.4814765896599,TRUE,"Higher_in_Low"
"P08238","High_vs_Low",-0.234764218216146,12.9432715320142,-2.76853612675945,0.00583237275277272,0.0381900572030871,-2.48896414022105,TRUE,"Higher_in_Low"
"Q99542","High_vs_Low",-0.241552947574224,11.0254164838195,-2.7664793423082,0.00586874299600673,0.0382458119101941,-2.49431330683255,TRUE,"Higher_in_Low"
"P04233","High_vs_Low",-0.222200729948437,9.29893092877623,-2.76513417588583,0.00589422903218473,0.0382458119101941,-2.49436095077785,TRUE,"Higher_in_Low"
"O60245","High_vs_Low",-0.330959017285474,6.86650584901509,-2.76426181753042,0.0059478060518977,0.0382909821776414,-2.45247730963412,TRUE,"Higher_in_Low"
"Q7Z7M9","High_vs_Low",-0.233993591837632,7.51042260469756,-2.76242232527861,0.00595459485747143,0.0382909821776414,-2.48256711719521,TRUE,"Higher_in_Low"
"P39060","High_vs_Low",-0.215702776824871,14.1331964245221,-2.75312091807389,0.00610999299616138,0.0389796815457881,-2.52896130771104,TRUE,"Higher_in_Low"
"Q8WWV6","High_vs_Low",-0.282427471328401,10.3210369568537,-2.75191601943932,0.00613259159708477,0.0389796815457881,-2.53178618580468,TRUE,"Higher_in_Low"
"Q9BYE9","High_vs_Low",-0.380813061372482,9.3211487711656,-2.75131741084823,0.00614324130359004,0.0389796815457881,-2.5336266381504,TRUE,"Higher_in_Low"
"Q9H1Z8","High_vs_Low",-0.253334564529744,7.34562600262294,-2.74718174419348,0.00624513039612495,0.0394516166874149,-2.50564484505339,TRUE,"Higher_in_Low"
"Q9UBS9","High_vs_Low",-0.264965397549887,7.97251842963129,-2.74085322531567,0.00634444506951631,0.0398719515876813,-2.55045694158351,TRUE,"Higher_in_Low"
"P01275","High_vs_Low",-0.355378844900882,8.5357857833907,-2.73943300145013,0.00636727818241214,0.0398719515876813,-2.56132745181591,TRUE,"Higher_in_Low"
"Q99784","High_vs_Low",-0.232311989012283,8.99926726650334,-2.73527138903328,0.00644632741200386,0.0401338173643078,-2.5750040846624,TRUE,"Higher_in_Low"
"P60033","High_vs_Low",-0.245966667528393,10.7007451178476,-2.73452048174397,0.00646507099801612,0.0401338173643078,-2.57183940212593,TRUE,"Higher_in_Low"
"O15031","High_vs_Low",-0.277159877752512,7.25153157887261,-2.7299919400809,0.00657738086208638,0.0406550179147925,-2.56646881908897,TRUE,"Higher_in_Low"
"Q9NQ38","High_vs_Low",-0.306565365700257,8.86406303968596,-2.72025282079829,0.00674387655173244,0.0414059543430883,-2.60746947853269,TRUE,"Higher_in_Low"
"Q11201","High_vs_Low",-0.355818971416977,8.11844883503902,-2.72180814906413,0.00675662016477173,0.0414059543430883,-2.56094427772983,TRUE,"Higher_in_Low"
"A6NDG6","High_vs_Low",-0.273731301983248,7.29856461672947,-2.71863777337831,0.00679831352649796,0.0414841770085024,-2.59176965481128,TRUE,"Higher_in_Low"
"Q08174","High_vs_Low",-0.280765091853819,9.56417662809902,-2.71419349993754,0.00686494275061268,0.0415314082900168,-2.62900021782934,TRUE,"Higher_in_Low"
"Q8TDL5","High_vs_Low",-0.262831734242852,10.8404710350567,-2.71289860004957,0.00689144137931877,0.0415314082900168,-2.63230420091993,TRUE,"Higher_in_Low"
"Q9NRB3","High_vs_Low",-0.263044446134774,9.56108809663708,-2.71282552831406,0.00689293945120224,0.0415314082900168,-2.63249060043328,TRUE,"Higher_in_Low"
"O14645","High_vs_Low",-0.314808493026346,11.3959261975532,-2.71175662203875,0.00693108960382073,0.0415865376229244,-2.61111906173299,TRUE,"Higher_in_Low"
"Q15438","High_vs_Low",-0.339959923833076,9.7178601519215,-2.70575365316631,0.00706947366493631,0.0422401051479944,-2.60855290117431,TRUE,"Higher_in_Low"
"P48740","High_vs_Low",-0.277617067480957,13.6339737745166,-2.69994334345835,0.00716167314931114,0.0426134410627061,-2.66527573742111,TRUE,"Higher_in_Low"
"Q9BYJ0","High_vs_Low",-0.272980237252302,10.4278262147083,-2.69588135744358,0.00724834486030071,0.0429509360730216,-2.67558206432004,TRUE,"Higher_in_Low"
"Q15599","High_vs_Low",-0.287811132520919,6.91723309314914,-2.69324898037272,0.00733927876510386,0.0433108055520944,-2.64190342874949,TRUE,"Higher_in_Low"
"P12830","High_vs_Low",-0.26114263492253,10.6249873131711,-2.68819831376374,0.00741486560851733,0.0435775298467781,-2.69503476165989,TRUE,"Higher_in_Low"
"P07307","High_vs_Low",-0.327651646624734,7.51681961779253,-2.68198111841902,0.00757946068480314,0.0443630474367661,-2.69015492197895,TRUE,"Higher_in_Low"
"P27169","High_vs_Low",-0.199260730955679,16.6344859599093,-2.67804273289023,0.00764025425474294,0.0444591551843874,-2.72066493199291,TRUE,"Higher_in_Low"
"Q7Z7G0","High_vs_Low",-0.20097481755092,13.2619748609732,-2.6772595996837,0.00765788795714343,0.0444591551843874,-2.72263745277241,TRUE,"Higher_in_Low"
"Q8NFU4","High_vs_Low",-0.316523061591061,10.7797888315624,-2.66685924721321,0.00791246797694757,0.0457519317699307,-2.72921690903423,TRUE,"Higher_in_Low"
"Q641Q3","High_vs_Low",-0.296227815109768,8.20933482721477,-2.66429427656734,0.00797163047451625,0.045908908033961,-2.72471771240355,TRUE,"Higher_in_Low"
"P09871","High_vs_Low",-0.220802752235368,16.6449281024388,-2.661545896698,0.00801952955028882,0.0459445042393073,-2.76209796596121,TRUE,"Higher_in_Low"
"Q9Y6Z7","High_vs_Low",-0.286338713153581,14.4793507807971,-2.66059533769439,0.00804189021204053,0.0459445042393073,-2.76447778578149,TRUE,"Higher_in_Low"
"P55157","High_vs_Low",-0.31134046985193,7.52973044151518,-2.65027683312179,0.00830077384640948,0.0472353559355206,-2.77485165108047,TRUE,"Higher_in_Low"
"P15311","High_vs_Low",-0.222941052605151,8.1655479546288,-2.64715406101041,0.00836557245387371,0.0473520498537741,-2.79516192678308,TRUE,"Higher_in_Low"
"P51148","High_vs_Low",-0.286829540044971,7.28598695620949,-2.64714228366317,0.00839572989411675,0.0473520498537741,-2.76823078534188,TRUE,"Higher_in_Low"
"P13645","High_vs_Low",-0.318538944006621,14.3720868518528,-2.64485685538768,0.00842034359324434,0.0473520498537741,-2.80376056488313,TRUE,"Higher_in_Low"
"P07333","High_vs_Low",-0.233644655041504,11.7107416919824,-2.63787691388414,0.00859324131004461,0.0481355782757968,-2.82110977002827,TRUE,"Higher_in_Low"
